feature_set,model,mean_fit_time,std_fit_time,mean_score_time,std_score_time,param_model__criterion,param_model__max_depth,param_model__max_features,param_model__splitter,params,split0_test_roc_auc,split1_test_roc_auc,split2_test_roc_auc,split3_test_roc_auc,split4_test_roc_auc,mean_test_roc_auc,std_test_roc_auc,rank_test_roc_auc,split0_train_roc_auc,split1_train_roc_auc,split2_train_roc_auc,split3_train_roc_auc,split4_train_roc_auc,mean_train_roc_auc,std_train_roc_auc,split0_test_average_precision,split1_test_average_precision,split2_test_average_precision,split3_test_average_precision,split4_test_average_precision,mean_test_average_precision,std_test_average_precision,rank_test_average_precision,split0_train_average_precision,split1_train_average_precision,split2_train_average_precision,split3_train_average_precision,split4_train_average_precision,mean_train_average_precision,std_train_average_precision,split0_test_balanced_accuracy,split1_test_balanced_accuracy,split2_test_balanced_accuracy,split3_test_balanced_accuracy,split4_test_balanced_accuracy,mean_test_balanced_accuracy,std_test_balanced_accuracy,rank_test_balanced_accuracy,split0_train_balanced_accuracy,split1_train_balanced_accuracy,split2_train_balanced_accuracy,split3_train_balanced_accuracy,split4_train_balanced_accuracy,mean_train_balanced_accuracy,std_train_balanced_accuracy,split0_test_f1,split1_test_f1,split2_test_f1,split3_test_f1,split4_test_f1,mean_test_f1,std_test_f1,rank_test_f1,split0_train_f1,split1_train_f1,split2_train_f1,split3_train_f1,split4_train_f1,mean_train_f1,std_train_f1,split0_test_sensitivity,split1_test_sensitivity,split2_test_sensitivity,split3_test_sensitivity,split4_test_sensitivity,mean_test_sensitivity,std_test_sensitivity,rank_test_sensitivity,split0_train_sensitivity,split1_train_sensitivity,split2_train_sensitivity,split3_train_sensitivity,split4_train_sensitivity,mean_train_sensitivity,std_train_sensitivity,split0_test_neg_brier,split1_test_neg_brier,split2_test_neg_brier,split3_test_neg_brier,split4_test_neg_brier,mean_test_neg_brier,std_test_neg_brier,rank_test_neg_brier,split0_train_neg_brier,split1_train_neg_brier,split2_train_neg_brier,split3_train_neg_brier,split4_train_neg_brier,mean_train_neg_brier,std_train_neg_brier,split0_test_neg_log_loss,split1_test_neg_log_loss,split2_test_neg_log_loss,split3_test_neg_log_loss,split4_test_neg_log_loss,mean_test_neg_log_loss,std_test_neg_log_loss,rank_test_neg_log_loss,split0_train_neg_log_loss,split1_train_neg_log_loss,split2_train_neg_log_loss,split3_train_neg_log_loss,split4_train_neg_log_loss,mean_train_neg_log_loss,std_train_neg_log_loss
common10,decision_tree,0.009961271286010742,0.0009196327296982,0.008110904693603515,0.00034115679632513844,gini,3,,best,"{'model__criterion': 'gini', 'model__max_depth': 3, 'model__max_features': None, 'model__splitter': 'best'}",0.834551656920078,0.7912821758135017,0.7920106847984458,0.8555123846527439,0.7613046701260193,0.8069323144621577,0.033681790619675876,5,0.8497652582159624,0.8662471395881006,0.8662013729977117,0.8546681922196796,0.8703577124629757,0.861447935096886,0.007841702888070711,0.8241719392974018,0.7712937984962288,0.7941617536559265,0.8530515633489227,0.7509718593611797,0.798730182831932,0.03647623485122768,11,0.8383871585354646,0.8550405864377075,0.8652200565354089,0.840833954587646,0.8646004508871494,0.8528164413966752,0.011396872933944147,0.7755847953216374,0.7282661486158329,0.6804273919378339,0.7540067994171928,0.7049666419570052,0.7286503554499004,0.03385944774012455,29,0.7767590390829827,0.808695652173913,0.7871853546910755,0.781998474446987,0.796969696969697,0.7903216434729311,0.011356553164015008,0.7479674796747967,0.7482014388489209,0.7333333333333333,0.8076923076923077,0.7662337662337663,0.760685665156625,0.02571444758365712,26,0.769825918762089,0.8216216216216217,0.8209459459459459,0.8193979933110368,0.8302521008403362,0.8124087160962059,0.021625415259082643,0.6388888888888888,0.7323943661971831,0.7746478873239436,0.8873239436619719,0.8309859154929577,0.7728482003129891,0.08493472602755008,23,0.7007042253521126,0.8,0.8526315789473684,0.8596491228070176,0.8666666666666667,0.8159303187546332,0.06223073353799897,-0.15678289850021335,-0.18415817128433565,-0.18662339812791692,-0.1539762902166063,-0.20611360202124762,-0.17753087203006396,0.019641101343850192,9,-0.15006545851898315,-0.1409078432521034,-0.14280714113004783,-0.1491475618598466,-0.1403458865676022,-0.14465477826571663,0.0041347405692302944,-0.4851318065326685,-0.5438584205933695,-0.5640332479440743,-0.4675646408895955,-0.6585696165520291,-0.5438315465023473,0.06757992978146014,3,-0.4566876787232913,-0.44039568312782773,-0.44425024560591025,-0.4608716876563188,-0.43304306848899776,-0.4470496727204692,0.010317330937437908
common10,decision_tree,0.009597015380859376,0.0007768891317527753,0.007956886291503906,0.00012794888930480497,gini,3,,random,"{'model__criterion': 'gini', 'model__max_depth': 3, 'model__max_features': None, 'model__splitter': 'random'}",0.8645224171539961,0.8098591549295775,0.8048810101991258,0.851019912578922,0.7593278972078081,0.817922078413886,0.03724356713209883,3,0.8363895494177185,0.8493745232646835,0.8494813119755911,0.839488939740656,0.8579706842864737,0.8465410017370246,0.007747199162531959,0.865101346501001,0.827745118213824,0.8021273803530158,0.8542183552924584,0.7484220411140607,0.8195228482948721,0.041729391353924214,3,0.8374804342236841,0.8407110068945249,0.8469373103854141,0.8277035388120038,0.8567175930671564,0.8419099766765565,0.009668721105407905,0.805921052631579,0.7062894609033512,0.746236036911122,0.7822972316658572,0.7223869532987398,0.7526261470821298,0.03694063088956943,3,0.7509907932443144,0.7784134248665142,0.7649504195270787,0.7714340198321892,0.7982683982683982,0.7728114111476989,0.015615841397441606,0.84,0.7482993197278912,0.7808219178082192,0.8,0.7552447552447552,0.7848731985561731,0.03316531471477564,7,0.7919463087248322,0.8109028960817717,0.8033613445378152,0.7761194029850746,0.8142857142857143,0.7993231333230415,0.013907606028198854,0.875,0.7746478873239436,0.8028169014084507,0.7887323943661971,0.7605633802816901,0.8003521126760562,0.03989298320639028,19,0.8309859154929577,0.8350877192982457,0.8385964912280702,0.7298245614035088,0.8,0.8068989374845564,0.04090862899129843,-0.14291762341627937,-0.17978648526949356,-0.1758250785926502,-0.15820395343944163,-0.19759817440262883,-0.1708662630240987,0.01876281344918827,3,-0.15782324975327966,-0.15155172478099557,-0.15093291518819088,-0.15591393074036472,-0.14581755342685115,-0.1524078747779364,0.004194271060731943,-0.4412009581464513,-0.531197098266279,-0.5364442388569594,-0.48271465135547764,-0.6057000186086373,-0.5194513930467609,0.05538639284756756,2,-0.4821804196482369,-0.46644216776505887,-0.4615015984629149,-0.4793155783544615,-0.4465272690442965,-0.46719340665499376,0.012896572329735186
common10,decision_tree,0.009597396850585938,0.0006927469917563756,0.007941484451293945,0.00013891036571781615,gini,3,sqrt,best,"{'model__criterion': 'gini', 'model__max_depth': 3, 'model__max_features': 'sqrt', 'model__splitter': 'best'}",0.8129873294346978,0.7918892666342885,0.8519912578921808,0.7895823215152986,0.7640227328885594,0.802094581673005,0.0293887768737673,11,0.839880190232303,0.8466056445461481,0.8324942791762013,0.826003051106026,0.8422875370243792,0.8374541404170115,0.0073311000297670206,0.8156244240062069,0.7662921997998069,0.8498264935070804,0.755778195919041,0.7363867990552008,0.7847816224574673,0.04173063644507664,17,0.8267903647998001,0.8394059487428486,0.8193493880355589,0.7974613372431286,0.8253903942486548,0.8216794866139981,0.013755489734964873,0.7467105263157894,0.7149101505585236,0.7351869839728024,0.7548567265662943,0.706819866567828,0.7316968507962476,0.01830097799054692,23,0.7472105359429303,0.7549961861174675,0.7374904652936689,0.7589626239511823,0.7526771474139895,0.7502673917438477,0.007434644559871159,0.7808219178082192,0.7534246575342466,0.8,0.7862068965517242,0.782608695652174,0.7806124335092728,0.01516825540296986,11,0.7933884297520661,0.8,0.8079877112135176,0.7777777777777778,0.8137715179968701,0.7985850873480465,0.012497906792279821,0.7916666666666666,0.7746478873239436,0.9014084507042254,0.8028169014084507,0.8873239436619719,0.8315727699530516,0.05223993681753027,7,0.8450704225352113,0.8491228070175438,0.9228070175438596,0.7614035087719299,0.9122807017543859,0.858136891524586,0.05783270883448497,-0.16947069821157285,-0.17858837123482507,-0.15324921649398562,-0.1775006533594301,-0.18893147582562317,-0.17354808302508737,0.011885664818643383,4,-0.15578905609835825,-0.15340137292175896,-0.15907660218257832,-0.15632044800381786,-0.15280033108641145,-0.15547756205858496,0.0022467176982362102,-1.0313237745769743,-0.5402498088049478,-0.47977276048838036,-0.5322161162128404,-0.5594820781763268,-0.6286089076518939,0.20308071394830465,4,-0.4727582137509737,-0.4691539021723623,-0.48308447819620376,-0.48155485054894775,-0.4718818980286404,-0.47568666853942554,0.005565829862817954
common10,decision_tree,0.009527921676635742,0.0007949166472792732,0.007936048507690429,0.00012109057829437125,gini,3,sqrt,random,"{'model__criterion': 'gini', 'model__max_depth': 3, 'model__max_features': 'sqrt', 'model__splitter': 'random'}",0.8126218323586745,0.7144244779018942,0.794439048081593,0.7287518212724624,0.7537682233753398,0.7608010805979928,0.037534806649644634,27,0.759679287848302,0.7792448512585812,0.7637833714721587,0.7786117467581999,0.7718766613503456,0.7706391837375175,0.007826520365582422,0.7828269337815794,0.6970474457100919,0.7586483165763204,0.7060806327824302,0.7374186445353299,0.7364043946771504,0.03199804015428684,29,0.7313051798110833,0.7477898817540959,0.7356025418853714,0.7476253814296716,0.7410296105948393,0.7406705190950122,0.00652040419562172,0.7832602339181287,0.695361826129189,0.7689412336085478,0.7117532782904323,0.6979243884358785,0.7314481920764353,0.03715959281257367,25,0.7351457228217793,0.7575133485888634,0.7387109077040428,0.7517543859649123,0.7500569605832763,0.7466362651325749,0.00837915408262785,0.8187919463087249,0.723404255319149,0.8027210884353742,0.76,0.7581699346405228,0.7726174449407541,0.034141418926788104,21,0.7734241908006815,0.7959527824620574,0.7775891341256367,0.7855917667238422,0.7947019867549668,0.785451972173437,0.008970407748917258,0.8472222222222222,0.7183098591549296,0.8309859154929577,0.8028169014084507,0.8169014084507042,0.8032472613458529,0.04495378371561222,15,0.7992957746478874,0.8280701754385965,0.8035087719298246,0.8035087719298246,0.8421052631578947,0.8152977514208055,0.016827363645817883,-0.15886534495716867,-0.21087681528676713,-0.17098071158437045,-0.20139584099664368,-0.1972135114030193,-0.18786644484559384,0.019626926115867485,21,-0.18477905821043375,-0.1735808834544061,-0.1821353863059224,-0.17568840076505635,-0.17716383738438843,-0.1786695132240414,0.0041566106461902,-0.48875075844986765,-0.8763438127368611,-0.5225078671024854,-0.5873327477955045,-0.8397280238186436,-0.6629326419806725,0.1628341025666909,7,-0.5512031969888027,-0.5250024730714653,-0.544504242384606,-0.5314287213429747,-0.5343107855411563,-0.537289883865801,0.009379082768290175
common10,decision_tree,0.009529542922973634,0.0007338838713040889,0.007983064651489258,0.00019292442498880922,gini,3,log2,best,"{'model__criterion': 'gini', 'model__max_depth': 3, 'model__max_features': 'log2', 'model__splitter': 'best'}",0.8129873294346978,0.7918892666342885,0.8519912578921808,0.7895823215152986,0.7640227328885594,0.802094581673005,0.0293887768737673,11,0.839880190232303,0.8466056445461481,0.8324942791762013,0.826003051106026,0.8422875370243792,0.8374541404170115,0.0073311000297670206,0.8156244240062069,0.7662921997998069,0.8498264935070804,0.755778195919041,0.7363867990552008,0.7847816224574673,0.04173063644507664,17,0.8267903647998001,0.8394059487428486,0.8193493880355589,0.7974613372431286,0.8253903942486548,0.8216794866139981,0.013755489734964873,0.7467105263157894,0.7149101505585236,0.7351869839728024,0.7548567265662943,0.706819866567828,0.7316968507962476,0.01830097799054692,23,0.7472105359429303,0.7549961861174675,0.7374904652936689,0.7589626239511823,0.7526771474139895,0.7502673917438477,0.007434644559871159,0.7808219178082192,0.7534246575342466,0.8,0.7862068965517242,0.782608695652174,0.7806124335092728,0.01516825540296986,11,0.7933884297520661,0.8,0.8079877112135176,0.7777777777777778,0.8137715179968701,0.7985850873480465,0.012497906792279821,0.7916666666666666,0.7746478873239436,0.9014084507042254,0.8028169014084507,0.8873239436619719,0.8315727699530516,0.05223993681753027,7,0.8450704225352113,0.8491228070175438,0.9228070175438596,0.7614035087719299,0.9122807017543859,0.858136891524586,0.05783270883448497,-0.16947069821157285,-0.17858837123482507,-0.15324921649398562,-0.1775006533594301,-0.18893147582562317,-0.17354808302508737,0.011885664818643383,4,-0.15578905609835825,-0.15340137292175896,-0.15907660218257832,-0.15632044800381786,-0.15280033108641145,-0.15547756205858496,0.0022467176982362102,-1.0313237745769743,-0.5402498088049478,-0.47977276048838036,-0.5322161162128404,-0.5594820781763268,-0.6286089076518939,0.20308071394830465,4,-0.4727582137509737,-0.4691539021723623,-0.48308447819620376,-0.48155485054894775,-0.4718818980286404,-0.47568666853942554,0.005565829862817954
common10,decision_tree,0.009618806838989257,0.0007274179433555789,0.008054208755493165,0.0002241428031385295,gini,3,log2,random,"{'model__criterion': 'gini', 'model__max_depth': 3, 'model__max_features': 'log2', 'model__splitter': 'random'}",0.8126218323586745,0.7144244779018942,0.794439048081593,0.7287518212724624,0.7537682233753398,0.7608010805979928,0.037534806649644634,27,0.759679287848302,0.7792448512585812,0.7637833714721587,0.7786117467581999,0.7718766613503456,0.7706391837375175,0.007826520365582422,0.7828269337815794,0.6970474457100919,0.7586483165763204,0.7060806327824302,0.7374186445353299,0.7364043946771504,0.03199804015428684,29,0.7313051798110833,0.7477898817540959,0.7356025418853714,0.7476253814296716,0.7410296105948393,0.7406705190950122,0.00652040419562172,0.7832602339181287,0.695361826129189,0.7689412336085478,0.7117532782904323,0.6979243884358785,0.7314481920764353,0.03715959281257367,25,0.7351457228217793,0.7575133485888634,0.7387109077040428,0.7517543859649123,0.7500569605832763,0.7466362651325749,0.00837915408262785,0.8187919463087249,0.723404255319149,0.8027210884353742,0.76,0.7581699346405228,0.7726174449407541,0.034141418926788104,21,0.7734241908006815,0.7959527824620574,0.7775891341256367,0.7855917667238422,0.7947019867549668,0.785451972173437,0.008970407748917258,0.8472222222222222,0.7183098591549296,0.8309859154929577,0.8028169014084507,0.8169014084507042,0.8032472613458529,0.04495378371561222,15,0.7992957746478874,0.8280701754385965,0.8035087719298246,0.8035087719298246,0.8421052631578947,0.8152977514208055,0.016827363645817883,-0.15886534495716867,-0.21087681528676713,-0.17098071158437045,-0.20139584099664368,-0.1972135114030193,-0.18786644484559384,0.019626926115867485,21,-0.18477905821043375,-0.1735808834544061,-0.1821353863059224,-0.17568840076505635,-0.17716383738438843,-0.1786695132240414,0.0041566106461902,-0.48875075844986765,-0.8763438127368611,-0.5225078671024854,-0.5873327477955045,-0.8397280238186436,-0.6629326419806725,0.1628341025666909,7,-0.5512031969888027,-0.5250024730714653,-0.544504242384606,-0.5314287213429747,-0.5343107855411563,-0.537289883865801,0.009379082768290175
common10,decision_tree,0.010093927383422852,0.0007441512043923597,0.008028841018676758,0.0001300255105394516,gini,5,,best,"{'model__criterion': 'gini', 'model__max_depth': 5, 'model__max_features': None, 'model__splitter': 'best'}",0.7992202729044835,0.78630403108305,0.7776833414278777,0.8345070422535211,0.7802075611564123,0.7955844497650688,0.02083848348522356,20,0.9248369001890129,0.9288787185354691,0.9301830663615561,0.9102440884820747,0.9411862990810359,0.9270658145298297,0.01000330435647477,0.807391085700888,0.7748819736459497,0.7920091985083175,0.8358686865310772,0.7923836327274904,0.8005069154227444,0.020458168109121908,8,0.9225448013771527,0.9255401176078528,0.9288189259661772,0.9036304172212833,0.9410308214246471,0.9243130167194227,0.012101161071479636,0.7470760233918128,0.7196454589606605,0.7219524040796503,0.7249878581835842,0.7101556708673091,0.7247634830966034,0.012209703624797513,30,0.8371974269861594,0.8576659038901602,0.8569031273836766,0.8297101449275363,0.8588516746411483,0.8480656555657362,0.012179056176614435,0.7591240875912408,0.7428571428571429,0.7619047619047619,0.7975460122699386,0.7567567567567568,0.7636377522759682,0.018178714737212425,25,0.8620102214650767,0.8707964601769912,0.8754325259515571,0.8664495114006515,0.8848080133555927,0.8718993464699738,0.007846386325353855,0.7222222222222222,0.7323943661971831,0.7887323943661971,0.9154929577464789,0.7887323943661971,0.7895148669796557,0.06879353970850192,22,0.8908450704225352,0.8631578947368421,0.887719298245614,0.9333333333333333,0.9298245614035088,0.9009760316283666,0.026787390603397857,-0.1882173162029482,-0.20018935726215045,-0.2043886084380558,-0.17552097709757566,-0.20154303395443454,-0.19397185859103291,0.010752101650059364,28,-0.10688061089056439,-0.10089175589089763,-0.10163639309287166,-0.1126476527906355,-0.09421316937231088,-0.103253916407456,0.0061858950369881914,-3.126806553056791,-1.8800327590217616,-1.9197866843243114,-1.814162401055245,-2.467475784515207,-2.241652836394663,0.5003215123364325,25,-0.33166154026627076,-0.32254592376259805,-0.32362335016768096,-0.3573508909406912,-0.29659993533059964,-0.3263563280935681,0.019474287982129468
common10,decision_tree,0.009702301025390625,0.0007502881631339808,0.007989215850830077,0.00011090758732585669,gini,5,,random,"{'model__criterion': 'gini', 'model__max_depth': 5, 'model__max_features': None, 'model__splitter': 'random'}",0.8876705653021444,0.8448275862068965,0.801238465274405,0.8406993686255464,0.8063998023227081,0.8361671575463401,0.031158478631502968,1,0.891713919882934,0.9100381388253242,0.9014416475972539,0.8855072463768116,0.9105263157894736,0.8998454536943594,0.009921950528568604,0.8822622874809838,0.8598479882797345,0.8090742665164152,0.8403074006353722,0.7800311773716226,0.8343046240568256,0.03625082680516262,1,0.8881072751017255,0.9084910835027225,0.9035747062711466,0.8835465144200823,0.9146870393712652,0.8996813237333884,0.01193509505524246,0.7997076023391813,0.7525497814473046,0.7376153472559495,0.7077464788732395,0.7610575735112429,0.7517353566853836,0.030077564411928458,4,0.8003399182976647,0.820556826849733,0.8142639206712433,0.7882532418001525,0.8257006151742994,0.8098229045586185,0.013727481824420485,0.7938931297709924,0.7681159420289855,0.7755102040816326,0.7878787878787878,0.7916666666666666,0.783412946085413,0.00994337528931722,8,0.8095238095238095,0.8368794326241135,0.8451178451178452,0.832520325203252,0.8392857142857143,0.8326654253509469,0.01226543336431957,0.7222222222222222,0.7464788732394366,0.8028169014084507,0.9154929577464789,0.8028169014084507,0.7979655712050079,0.06670486096122234,20,0.778169014084507,0.8280701754385965,0.8807017543859649,0.8982456140350877,0.8245614035087719,0.8419495922905856,0.04297422857687846,-0.13324088496457187,-0.16485994522527206,-0.18200314419440333,-0.16523164451219718,-0.17983785245463052,-0.165034694270215,0.017423991631383667,1,-0.12879555367947093,-0.11753316366752145,-0.12395451109359604,-0.13195285592355066,-0.1181408313478409,-0.12407538314239601,0.005698574173050113,-1.184932422216735,-1.2641098910653248,-0.8204291697009773,-1.5118439429408757,-1.3317225725599864,-1.2226075996967798,0.22823369089467743,13,-0.39264226997546214,-0.3627642798091137,-0.3892388875717758,-0.4017911894873519,-0.3672461775145965,-0.38273656087166,0.015115066552524788
common10,decision_tree,0.009706735610961914,0.0007706909979891734,0.008010387420654297,0.00014868819425104568,gini,5,sqrt,best,"{'model__criterion': 'gini', 'model__max_depth': 5, 'model__max_features': 'sqrt', 'model__splitter': 'best'}",0.775462962962963,0.7609276347741623,0.778169014084507,0.842642059252064,0.7978749691129232,0.791015328037324,0.028370925889310394,21,0.8881318212304128,0.9000839054157133,0.9016933638443936,0.8852631578947369,0.9054302422723476,0.896120498131521,0.007938986851851385,0.7497333667114392,0.7836756998878124,0.7754902576891913,0.8200854992353589,0.7694149963188132,0.779679963968523,0.023101060895858692,19,0.8986783939746388,0.8986065858341924,0.9071515132369565,0.8750129915688896,0.9098962875725783,0.8978691544374511,0.012283460189217778,0.6845760233918128,0.6962117532782904,0.7243807673627974,0.7767119961146187,0.7259698542129973,0.7215700788721033,0.031873166920854026,33,0.8059950612767515,0.8183829138062548,0.8091151792524791,0.8090007627765066,0.8196627933470039,0.8124313420917991,0.005511925512455012,0.671875,0.6923076923076923,0.7313432835820896,0.8280254777070064,0.7702702702702703,0.7387643447734117,0.05594220293435858,42,0.7992277992277992,0.8353982300884956,0.8209764918625678,0.8392554991539763,0.8514190317195326,0.8292554104104743,0.017883847704936038,0.5972222222222222,0.6338028169014085,0.6901408450704225,0.9154929577464789,0.8028169014084507,0.7278951486697967,0.11675647737754226,43,0.7288732394366197,0.8280701754385965,0.7964912280701755,0.8701754385964913,0.8947368421052632,0.8236693847294292,0.05823697256002981,-0.19576015318282447,-0.2081758349399581,-0.19407420857286517,-0.16495378537052097,-0.18895877812484463,-0.19038455203820265,0.01419716256762748,26,-0.13190736083640017,-0.12444379947177438,-0.12469724683775421,-0.13011223656273688,-0.1212509827577657,-0.12648232529328626,0.00393233528096107,-1.8651817785628089,-2.4094435503667633,-2.1142203902937187,-1.5211568621851208,-1.081729979142234,-1.798346512110129,0.4621809618050158,21,-0.3965307703912617,-0.38539869845421637,-0.3751379992274611,-0.3988018519048453,-0.37928335513217015,-0.3870305350219909,0.009305186378374792
common10,decision_tree,0.009681081771850586,0.0008088995982255244,0.008062171936035156,0.00020102537313377954,gini,5,sqrt,random,"{'model__criterion': 'gini', 'model__max_depth': 5, 'model__max_features': 'sqrt', 'model__splitter': 'random'}",0.8480750487329435,0.7740407965031568,0.8211510441962118,0.7900679941719282,0.7699530516431925,0.8006575870494868,0.0297716609182046,13,0.844689348210475,0.8508619374523265,0.8519679633867275,0.8466056445461481,0.8549175970228603,0.8498084981237074,0.003697022669014327,0.8523646310322027,0.795861808463838,0.8339823308187633,0.768776451384033,0.7466535574923733,0.7995277558382421,0.039328401604581294,9,0.8260907363411086,0.8327640587920238,0.8378979667689146,0.8199222399091819,0.8461940600419683,0.8325738123706394,0.009121255625603845,0.7971491228070176,0.7078678970373968,0.7430791646430306,0.7015541525012141,0.7505559673832469,0.7400412608743812,0.03434378738085564,11,0.7698082433997927,0.7801678108314265,0.7867658276125096,0.7925247902364607,0.77468671679198,0.7807906777744338,0.00814434746994823,0.8344370860927153,0.7448275862068966,0.7866666666666666,0.7581699346405228,0.7891156462585034,0.7826433839730609,0.030885753495446613,9,0.81,0.8129251700680272,0.8215488215488216,0.8311258278145696,0.8081494057724957,0.8167498450407826,0.008530593866387246,0.875,0.7605633802816901,0.8309859154929577,0.8169014084507042,0.8169014084507042,0.8200704225352112,0.036599398479397985,9,0.8556338028169014,0.8385964912280702,0.856140350877193,0.8807017543859649,0.8350877192982457,0.8532320237212752,0.016200170411547254,-0.1549427843327343,-0.20239617440140023,-0.17175770456627815,-0.18562498391735896,-0.19150909982957826,-0.18124614940946998,0.016454321620988727,13,-0.15382650189580044,-0.14971629151151936,-0.14963440728813665,-0.1460444918165718,-0.14931315966906916,-0.1497069704362195,0.0024716281394692647,-0.9876877398785743,-1.6347998223965943,-1.286240872936469,-1.3163452981126231,-1.1018197409406576,-1.2653786948529835,0.22062121043875135,14,-0.4679613582669253,-0.4592716363534964,-0.46044962635986336,-0.449308837861667,-0.45698519747969474,-0.4587953312643293,0.006004161077293395
common10,decision_tree,0.009707975387573241,0.0007127856103898004,0.008027315139770508,0.0001622917912367438,gini,5,log2,best,"{'model__criterion': 'gini', 'model__max_depth': 5, 'model__max_features': 'log2', 'model__splitter': 'best'}",0.775462962962963,0.7609276347741623,0.778169014084507,0.842642059252064,0.7978749691129232,0.791015328037324,0.028370925889310394,21,0.8881318212304128,0.9000839054157133,0.9016933638443936,0.8852631578947369,0.9054302422723476,0.896120498131521,0.007938986851851385,0.7497333667114392,0.7836756998878124,0.7754902576891913,0.8200854992353589,0.7694149963188132,0.779679963968523,0.023101060895858692,19,0.8986783939746388,0.8986065858341924,0.9071515132369565,0.8750129915688896,0.9098962875725783,0.8978691544374511,0.012283460189217778,0.6845760233918128,0.6962117532782904,0.7243807673627974,0.7767119961146187,0.7259698542129973,0.7215700788721033,0.031873166920854026,33,0.8059950612767515,0.8183829138062548,0.8091151792524791,0.8090007627765066,0.8196627933470039,0.8124313420917991,0.005511925512455012,0.671875,0.6923076923076923,0.7313432835820896,0.8280254777070064,0.7702702702702703,0.7387643447734117,0.05594220293435858,42,0.7992277992277992,0.8353982300884956,0.8209764918625678,0.8392554991539763,0.8514190317195326,0.8292554104104743,0.017883847704936038,0.5972222222222222,0.6338028169014085,0.6901408450704225,0.9154929577464789,0.8028169014084507,0.7278951486697967,0.11675647737754226,43,0.7288732394366197,0.8280701754385965,0.7964912280701755,0.8701754385964913,0.8947368421052632,0.8236693847294292,0.05823697256002981,-0.19576015318282447,-0.2081758349399581,-0.19407420857286517,-0.16495378537052097,-0.18895877812484463,-0.19038455203820265,0.01419716256762748,26,-0.13190736083640017,-0.12444379947177438,-0.12469724683775421,-0.13011223656273688,-0.1212509827577657,-0.12648232529328626,0.00393233528096107,-1.8651817785628089,-2.4094435503667633,-2.1142203902937187,-1.5211568621851208,-1.081729979142234,-1.798346512110129,0.4621809618050158,21,-0.3965307703912617,-0.38539869845421637,-0.3751379992274611,-0.3988018519048453,-0.37928335513217015,-0.3870305350219909,0.009305186378374792
common10,decision_tree,0.0096221923828125,0.0007801483126276706,0.008001375198364257,0.00014841110536851923,gini,5,log2,random,"{'model__criterion': 'gini', 'model__max_depth': 5, 'model__max_features': 'log2', 'model__splitter': 'random'}",0.8480750487329435,0.7740407965031568,0.8211510441962118,0.7900679941719282,0.7699530516431925,0.8006575870494868,0.0297716609182046,13,0.844689348210475,0.8508619374523265,0.8519679633867275,0.8466056445461481,0.8549175970228603,0.8498084981237074,0.003697022669014327,0.8523646310322027,0.795861808463838,0.8339823308187633,0.768776451384033,0.7466535574923733,0.7995277558382421,0.039328401604581294,9,0.8260907363411086,0.8327640587920238,0.8378979667689146,0.8199222399091819,0.8461940600419683,0.8325738123706394,0.009121255625603845,0.7971491228070176,0.7078678970373968,0.7430791646430306,0.7015541525012141,0.7505559673832469,0.7400412608743812,0.03434378738085564,11,0.7698082433997927,0.7801678108314265,0.7867658276125096,0.7925247902364607,0.77468671679198,0.7807906777744338,0.00814434746994823,0.8344370860927153,0.7448275862068966,0.7866666666666666,0.7581699346405228,0.7891156462585034,0.7826433839730609,0.030885753495446613,9,0.81,0.8129251700680272,0.8215488215488216,0.8311258278145696,0.8081494057724957,0.8167498450407826,0.008530593866387246,0.875,0.7605633802816901,0.8309859154929577,0.8169014084507042,0.8169014084507042,0.8200704225352112,0.036599398479397985,9,0.8556338028169014,0.8385964912280702,0.856140350877193,0.8807017543859649,0.8350877192982457,0.8532320237212752,0.016200170411547254,-0.1549427843327343,-0.20239617440140023,-0.17175770456627815,-0.18562498391735896,-0.19150909982957826,-0.18124614940946998,0.016454321620988727,13,-0.15382650189580044,-0.14971629151151936,-0.14963440728813665,-0.1460444918165718,-0.14931315966906916,-0.1497069704362195,0.0024716281394692647,-0.9876877398785743,-1.6347998223965943,-1.286240872936469,-1.3163452981126231,-1.1018197409406576,-1.2653786948529835,0.22062121043875135,14,-0.4679613582669253,-0.4592716363534964,-0.46044962635986336,-0.449308837861667,-0.45698519747969474,-0.4587953312643293,0.006004161077293395
common10,decision_tree,0.010210847854614258,0.0007086296981861407,0.008087968826293946,0.00016534513934524642,gini,7,,best,"{'model__criterion': 'gini', 'model__max_depth': 7, 'model__max_features': None, 'model__splitter': 'best'}",0.7719298245614035,0.7328800388538126,0.7264448761534725,0.7725837785332685,0.7168272794662713,0.7441331595136458,0.02352535435802446,36,0.9711831595634411,0.9835926773455377,0.9811899313501143,0.9655682684973304,0.9837928153717628,0.9770653704256371,0.0073710245058155825,0.767324558419523,0.6943318353762002,0.7023810375746443,0.7542317501120901,0.7108916416350117,0.7258321646234938,0.029303926455570378,36,0.9729262835495609,0.9837211395556792,0.9816216173487411,0.9637935590770057,0.984942752605557,0.9774010704273086,0.00799776647484772,0.7280701754385965,0.7016755706653716,0.7149101505585236,0.7258377853326858,0.7048430936496171,0.7150673551289589,0.010667479833326865,38,0.9137628803121761,0.9322273073989321,0.9276125095347063,0.9075514874141877,0.9306903622693097,0.9223689093858625,0.009874711765922976,0.7272727272727273,0.706766917293233,0.7534246575342466,0.7763157894736842,0.7448275862068966,0.7417215355561575,0.023554050256834352,39,0.916058394160584,0.935251798561151,0.9377162629757786,0.9206896551724137,0.9361702127659575,0.929177264727177,0.008976191347781406,0.6666666666666666,0.6619718309859155,0.7746478873239436,0.8309859154929577,0.7605633802816901,0.7389671361502346,0.06536452313223329,38,0.8838028169014085,0.9122807017543859,0.9508771929824561,0.9368421052631579,0.9263157894736842,0.9220237212750186,0.022918521520944205,-0.22981099487453233,-0.251085515231666,-0.229497941161873,-0.20583292046362,-0.2551692106008623,-0.23427931646651073,0.017724902747743014,34,-0.06419915130606965,-0.04908367950809515,-0.052125393643333705,-0.06726441122922451,-0.049952682316144095,-0.056525063600573425,0.007643987157145223,-5.2844570091495315,-5.386737496844174,-4.838602315071203,-3.9425267369924253,-6.698866263405766,-5.23023796429262,0.893966394908229,33,-0.20037089409182848,-0.15585383706903147,-0.16812100367386001,-0.21428094789711594,-0.15699362603942013,-0.17912406175425122,0.023831749229096956
common10,decision_tree,0.009835767745971679,0.0007575531516677418,0.008094167709350586,0.0001642146174995322,gini,7,,random,"{'model__criterion': 'gini', 'model__max_depth': 7, 'model__max_features': None, 'model__splitter': 'random'}",0.8012914230019493,0.7787761049052939,0.7555852355512385,0.8017241379310345,0.7306646898937484,0.773608318256653,0.027395424254151382,26,0.9382202304737517,0.9540579710144927,0.9604347826086956,0.9515636918382914,0.956087187666135,0.9520727727202732,0.00751174865174638,0.7910581955480978,0.7622943583459714,0.7428853377121858,0.7820879576124758,0.702901930453836,0.7562455559345134,0.031433661645867195,26,0.9406553433724841,0.9571106374452136,0.9623287305511928,0.9531659406947488,0.9601414219783507,0.954680414808398,0.007657957635031029,0.7595029239766082,0.7439290917921322,0.6992472073822245,0.7548567265662943,0.7013837410427477,0.7317839381520015,0.026195462701637064,22,0.8573105298457411,0.8634248665141113,0.8805491990846681,0.8707093821510298,0.8714285714285714,0.8686845098048244,0.007866792250666837,0.7575757575757576,0.762589928057554,0.7397260273972602,0.7862068965517242,0.7516778523489933,0.7595552923862577,0.015353757767144635,27,0.8582089552238806,0.88,0.899488926746167,0.8801431127012522,0.8941176470588236,0.8823917283460248,0.014320576213750491,0.6944444444444444,0.7464788732394366,0.7605633802816901,0.8028169014084507,0.7887323943661971,0.7586071987480437,0.037761904575942584,29,0.8098591549295775,0.887719298245614,0.9263157894736842,0.8631578947368421,0.9333333333333333,0.8840770941438103,0.04509870405681446,-0.18522895960451197,-0.20800002296825384,-0.22211940901585558,-0.18268716745342709,-0.23555622347363417,-0.20671835650313652,0.020541421007539595,30,-0.09778792246524971,-0.08492989869876547,-0.078921393705296,-0.08420018107141256,-0.08329295254618548,-0.08582646969738185,0.006334410630521793,-3.3626588879192454,-4.9776716358669155,-4.747844915742484,-3.367582350476468,-5.090038700688584,-4.30915929813874,0.7786599556967655,30,-0.2991821698487213,-0.253120120928693,-0.24024095877837912,-0.2616632116581999,-0.2506513245500205,-0.2609715571528028,0.020290092504820067
common10,decision_tree,0.009685087203979491,0.0006695757902436211,0.008020925521850585,0.00020610898815683025,gini,7,sqrt,best,"{'model__criterion': 'gini', 'model__max_depth': 7, 'model__max_features': 'sqrt', 'model__splitter': 'best'}",0.6910331384015594,0.7604419621175329,0.7895823215152986,0.8085235551238465,0.7341240425006179,0.756741003931771,0.0414794705293822,31,0.9537680629229925,0.9615255530129672,0.9482303585049581,0.9359572845156369,0.9624136097820308,0.9523789737477172,0.009727962654132569,0.6706519500198138,0.7372021211563127,0.7596738250330777,0.8085907161643743,0.6975210409965552,0.7347279306740268,0.04811281384533494,32,0.9552589342209278,0.9668076540648374,0.9510300062844594,0.9405072680195227,0.96408991835973,0.9555387561898954,0.009449478254706165,0.6911549707602339,0.6946333171442448,0.7407722195240407,0.7093249150072851,0.7118853471707438,0.7095541539213096,0.017556855889053452,42,0.86804920431681,0.8906941266209001,0.8726163234172388,0.8410755148741418,0.8813852813852814,0.8707640901228743,0.016746515649899516,0.7101449275362319,0.696969696969697,0.7692307692307693,0.7852760736196319,0.7534246575342466,0.7430092249781153,0.03400657965158096,37,0.8862068965517241,0.8941605839416058,0.889273356401384,0.8766233766233766,0.8884892086330936,0.886950684430237,0.005778425732294658,0.6805555555555556,0.647887323943662,0.7746478873239436,0.9014084507042254,0.7746478873239436,0.7558294209702661,0.08856542708649098,31,0.9049295774647887,0.8596491228070176,0.9017543859649123,0.9473684210526315,0.8666666666666667,0.8960736347912033,0.03141136291122892,-0.2641832848993031,-0.2312009941870553,-0.19726624226888054,-0.1825786021022247,-0.22589174789367306,-0.22022417427022734,0.028387571643935055,31,-0.08477399388376526,-0.07810565378526543,-0.08894200981297737,-0.0989352383286301,-0.07651616822779704,-0.08545461280768704,0.008102535833293262,-6.673972296509038,-5.284528526280844,-3.661276155701606,-2.070019670377281,-4.547754919926094,-4.447510313758973,1.5452124346156373,31,-0.2517113058853929,-0.23701187044159694,-0.2725980732877367,-0.30306691644213,-0.23071651867797233,-0.25902093694696576,0.026318650228096808
common10,decision_tree,0.009601736068725586,0.0007195529217052656,0.007990026473999023,0.0001130725190935723,gini,7,sqrt,random,"{'model__criterion': 'gini', 'model__max_depth': 7, 'model__max_features': 'sqrt', 'model__splitter': 'random'}",0.8374756335282652,0.7549781447304518,0.7593491986401165,0.8088878096163186,0.8218433407462319,0.7965068254522769,0.033403567366631054,18,0.8771721236509968,0.9020518688024409,0.9026163234172387,0.8850572082379863,0.9001974633553582,0.8934189974928042,0.01038215102791736,0.798986819643785,0.7311251175005193,0.7294928464003977,0.7880262034514877,0.7961608862776847,0.7687583746547748,0.03160363747852571,22,0.8749168916059404,0.8978240753604476,0.8973354476624857,0.8689627139217903,0.895882336400175,0.8869842929901678,0.012443648578270662,0.8008040935672515,0.6992472073822245,0.7501214181641573,0.7469645458960661,0.7804546577711885,0.7555183845561777,0.03447130384853919,1,0.7815834400341443,0.8130053394355454,0.8147597254004577,0.8200228832951946,0.8056277056277057,0.8069998187586094,0.013518562360878561,0.8299319727891157,0.7397260273972602,0.7947019867549668,0.8,0.8187919463087249,0.7966303866500135,0.031155447318684724,1,0.82,0.8466666666666667,0.848585690515807,0.8543046357615894,0.8358714043993232,0.8410856794686772,0.012115551431443803,0.8472222222222222,0.7605633802816901,0.8450704225352113,0.8732394366197183,0.8591549295774648,0.8370500782472613,0.03953810190932694,3,0.8661971830985915,0.8912280701754386,0.8947368421052632,0.9052631578947369,0.8666666666666667,0.8848183839881394,0.015707849202358883,-0.15579600856249792,-0.20628239016517685,-0.1989395698792113,-0.17505014452262807,-0.17059423761636322,-0.18133247014917547,0.018651523226175783,15,-0.1383903885105001,-0.12197411865373031,-0.12164458802193874,-0.1252677894688205,-0.12361443994185892,-0.12617826491936973,0.0062412690808775935,-2.2700317858603305,-2.9258059670390284,-3.1695753653893077,-1.0439103714640716,-1.3097646737623925,-2.1438176327030263,0.8467650223414186,23,-0.42171144979901437,-0.37406490583675855,-0.37670949723749986,-0.3928385856035837,-0.37839005865759645,-0.38874289942689055,0.01772640705261598
common10,decision_tree,0.009801483154296875,0.0006290652337577521,0.008063507080078126,0.00015600428513749747,gini,7,log2,best,"{'model__criterion': 'gini', 'model__max_depth': 7, 'model__max_features': 'log2', 'model__splitter': 'best'}",0.6910331384015594,0.7604419621175329,0.7895823215152986,0.8085235551238465,0.7341240425006179,0.756741003931771,0.0414794705293822,31,0.9537680629229925,0.9615255530129672,0.9482303585049581,0.9359572845156369,0.9624136097820308,0.9523789737477172,0.009727962654132569,0.6706519500198138,0.7372021211563127,0.7596738250330777,0.8085907161643743,0.6975210409965552,0.7347279306740268,0.04811281384533494,32,0.9552589342209278,0.9668076540648374,0.9510300062844594,0.9405072680195227,0.96408991835973,0.9555387561898954,0.009449478254706165,0.6911549707602339,0.6946333171442448,0.7407722195240407,0.7093249150072851,0.7118853471707438,0.7095541539213096,0.017556855889053452,42,0.86804920431681,0.8906941266209001,0.8726163234172388,0.8410755148741418,0.8813852813852814,0.8707640901228743,0.016746515649899516,0.7101449275362319,0.696969696969697,0.7692307692307693,0.7852760736196319,0.7534246575342466,0.7430092249781153,0.03400657965158096,37,0.8862068965517241,0.8941605839416058,0.889273356401384,0.8766233766233766,0.8884892086330936,0.886950684430237,0.005778425732294658,0.6805555555555556,0.647887323943662,0.7746478873239436,0.9014084507042254,0.7746478873239436,0.7558294209702661,0.08856542708649098,31,0.9049295774647887,0.8596491228070176,0.9017543859649123,0.9473684210526315,0.8666666666666667,0.8960736347912033,0.03141136291122892,-0.2641832848993031,-0.2312009941870553,-0.19726624226888054,-0.1825786021022247,-0.22589174789367306,-0.22022417427022734,0.028387571643935055,31,-0.08477399388376526,-0.07810565378526543,-0.08894200981297737,-0.0989352383286301,-0.07651616822779704,-0.08545461280768704,0.008102535833293262,-6.673972296509038,-5.284528526280844,-3.661276155701606,-2.070019670377281,-4.547754919926094,-4.447510313758973,1.5452124346156373,31,-0.2517113058853929,-0.23701187044159694,-0.2725980732877367,-0.30306691644213,-0.23071651867797233,-0.25902093694696576,0.026318650228096808
common10,decision_tree,0.009621381759643555,0.0007793131752480369,0.007986164093017578,0.00014629917308385898,gini,7,log2,random,"{'model__criterion': 'gini', 'model__max_depth': 7, 'model__max_features': 'log2', 'model__splitter': 'random'}",0.8374756335282652,0.7549781447304518,0.7593491986401165,0.8088878096163186,0.8218433407462319,0.7965068254522769,0.033403567366631054,18,0.8771721236509968,0.9020518688024409,0.9026163234172387,0.8850572082379863,0.9001974633553582,0.8934189974928042,0.01038215102791736,0.798986819643785,0.7311251175005193,0.7294928464003977,0.7880262034514877,0.7961608862776847,0.7687583746547748,0.03160363747852571,22,0.8749168916059404,0.8978240753604476,0.8973354476624857,0.8689627139217903,0.895882336400175,0.8869842929901678,0.012443648578270662,0.8008040935672515,0.6992472073822245,0.7501214181641573,0.7469645458960661,0.7804546577711885,0.7555183845561777,0.03447130384853919,1,0.7815834400341443,0.8130053394355454,0.8147597254004577,0.8200228832951946,0.8056277056277057,0.8069998187586094,0.013518562360878561,0.8299319727891157,0.7397260273972602,0.7947019867549668,0.8,0.8187919463087249,0.7966303866500135,0.031155447318684724,1,0.82,0.8466666666666667,0.848585690515807,0.8543046357615894,0.8358714043993232,0.8410856794686772,0.012115551431443803,0.8472222222222222,0.7605633802816901,0.8450704225352113,0.8732394366197183,0.8591549295774648,0.8370500782472613,0.03953810190932694,3,0.8661971830985915,0.8912280701754386,0.8947368421052632,0.9052631578947369,0.8666666666666667,0.8848183839881394,0.015707849202358883,-0.15579600856249792,-0.20628239016517685,-0.1989395698792113,-0.17505014452262807,-0.17059423761636322,-0.18133247014917547,0.018651523226175783,15,-0.1383903885105001,-0.12197411865373031,-0.12164458802193874,-0.1252677894688205,-0.12361443994185892,-0.12617826491936973,0.0062412690808775935,-2.2700317858603305,-2.9258059670390284,-3.1695753653893077,-1.0439103714640716,-1.3097646737623925,-2.1438176327030263,0.8467650223414186,23,-0.42171144979901437,-0.37406490583675855,-0.37670949723749986,-0.3928385856035837,-0.37839005865759645,-0.38874289942689055,0.01772640705261598
common10,decision_tree,0.01028132438659668,0.0006635507482768879,0.00801386833190918,0.00020615168752398125,gini,,,best,"{'model__criterion': 'gini', 'model__max_depth': None, 'model__max_features': None, 'model__splitter': 'best'}",0.7262426900584795,0.7039825157843614,0.7203739679456047,0.7360369111219038,0.6697553743513713,0.7112782918523441,0.023225136346756096,43,1.0,1.0,1.0,1.0,1.0,1.0,0.0,0.7161529965824789,0.6859634381957399,0.6952010212737366,0.7082147026464092,0.6593563786565547,0.6929777074709838,0.01976763464027206,45,1.0,1.0,1.0,1.0,1.0,1.0,0.0,0.7262426900584795,0.7039825157843613,0.7203739679456047,0.7360369111219038,0.6697553743513713,0.7112782918523441,0.023225136346756103,41,1.0,1.0,1.0,1.0,1.0,1.0,0.0,0.7313432835820896,0.7285714285714285,0.7651006711409396,0.7785234899328859,0.7248322147651006,0.7456742175984888,0.021857410343084416,36,1.0,1.0,1.0,1.0,1.0,1.0,0.0,0.6805555555555556,0.7183098591549296,0.8028169014084507,0.8169014084507042,0.7605633802816901,0.7558294209702661,0.051056622835414026,31,1.0,1.0,1.0,1.0,1.0,1.0,0.0,-0.27906976744186046,-0.29457364341085274,-0.2713178294573643,-0.2558139534883721,-0.3203125,-0.2842175387596899,0.021953409012613594,43,-0.0,-0.0,-0.0,-0.0,-0.0,0.0,0.0,-10.05869396905595,-10.617510300670169,-9.779285803248841,-9.220469471634619,-11.545232726201586,-10.244238454162234,0.7912810651601646,43,-2.2204460492503136e-16,-2.2204460492503136e-16,-2.2204460492503136e-16,-2.2204460492503136e-16,-2.2204460492503136e-16,-2.2204460492503136e-16,0.0
common10,decision_tree,0.009906196594238281,0.0008146710810105779,0.008042430877685547,0.00015892844424147398,gini,,,random,"{'model__criterion': 'gini', 'model__max_depth': None, 'model__max_features': None, 'model__splitter': 'random'}",0.7711988304093568,0.6969402622632346,0.6765420106847985,0.7094463331714425,0.7294292068198666,0.7167113286697397,0.032211431524483,42,1.0,1.0,1.0,1.0,1.0,1.0,0.0,0.7485575731832501,0.6806034565807981,0.66194232227642,0.6890262765221823,0.7086388192166698,0.697753689555864,0.029503467237395303,42,1.0,1.0,1.0,1.0,1.0,1.0,0.0,0.7711988304093567,0.6969402622632346,0.6765420106847985,0.7094463331714425,0.7294292068198666,0.7167113286697397,0.03221143152448296,36,1.0,1.0,1.0,1.0,1.0,1.0,0.0,0.8,0.7194244604316546,0.7172413793103448,0.7412587412587412,0.7638888888888888,0.7483626939779259,0.03086712760619003,35,1.0,1.0,1.0,1.0,1.0,1.0,0.0,0.8055555555555556,0.704225352112676,0.7323943661971831,0.7464788732394366,0.7746478873239436,0.752660406885759,0.03486036242812921,37,1.0,1.0,1.0,1.0,1.0,1.0,0.0,-0.2248062015503876,-0.3023255813953488,-0.3178294573643411,-0.2868217054263566,-0.265625,-0.2794815891472868,0.032334771863367806,42,-0.0,-0.0,-0.0,-0.0,-0.0,0.0,0.0,-8.102836808406181,-10.89691846647728,-11.455734798091497,-10.338102134863059,-9.574095431484244,-10.073537527864453,1.165463309459407,42,-2.2204460492503136e-16,-2.2204460492503136e-16,-2.2204460492503136e-16,-2.2204460492503136e-16,-2.2204460492503136e-16,-2.2204460492503136e-16,0.0
common10,decision_tree,0.009788179397583007,0.0007164611450202128,0.008024215698242188,0.00015665512224576728,gini,,sqrt,best,"{'model__criterion': 'gini', 'model__max_depth': None, 'model__max_features': 'sqrt', 'model__splitter': 'best'}",0.6527777777777779,0.6796988829528897,0.75643516270034,0.7187955318115591,0.7380775883370397,0.7091569887159213,0.037976107625469165,44,1.0,1.0,1.0,1.0,1.0,1.0,0.0,0.6536871397336514,0.6658088063263301,0.7297375987189285,0.6930287149252101,0.7229715096132349,0.693046753863471,0.030109116356272905,43,1.0,1.0,1.0,1.0,1.0,1.0,0.0,0.6527777777777777,0.6796988829528897,0.75643516270034,0.7187955318115591,0.7380775883370397,0.7091569887159213,0.03797610762546923,44,1.0,1.0,1.0,1.0,1.0,1.0,0.0,0.6715328467153284,0.7092198581560284,0.7832167832167832,0.7682119205298014,0.746268656716418,0.7356900130668718,0.04060834185887822,44,1.0,1.0,1.0,1.0,1.0,1.0,0.0,0.6388888888888888,0.704225352112676,0.7887323943661971,0.8169014084507042,0.704225352112676,0.7305946791862284,0.06423313823465623,40,1.0,1.0,1.0,1.0,1.0,1.0,0.0,-0.3488372093023256,-0.3178294573643411,-0.24031007751937986,-0.2713178294573643,-0.265625,-0.2887839147286822,0.03909259289445491,44,-0.0,-0.0,-0.0,-0.0,-0.0,0.0,0.0,-12.573367461319936,-11.455734798091498,-8.661653140020402,-9.779285803248841,-9.574095431484244,-10.408827326832984,1.409039868369596,44,-2.2204460492503136e-16,-2.2204460492503136e-16,-2.2204460492503136e-16,-2.2204460492503136e-16,-2.2204460492503136e-16,-2.2204460492503136e-16,0.0
common10,decision_tree,0.009685277938842773,0.0007689061349425193,0.007973051071166993,9.785107460918735e-05,gini,,sqrt,random,"{'model__criterion': 'gini', 'model__max_depth': None, 'model__max_features': 'sqrt', 'model__splitter': 'random'}",0.7993421052631579,0.7384652744050509,0.7407722195240407,0.7391937833899951,0.6609834445268099,0.7357513654218109,0.04399647419483489,37,1.0,1.0,1.0,1.0,1.0,1.0,0.0,0.7798820109439124,0.7186357261037902,0.7157759216799504,0.7131576384769964,0.652691266268497,0.7160285126946293,0.04025910904694956,37,1.0,1.0,1.0,1.0,1.0,1.0,0.0,0.7993421052631579,0.738465274405051,0.7407722195240407,0.7391937833899951,0.6609834445268099,0.7357513654218109,0.04399647419483489,15,1.0,1.0,1.0,1.0,1.0,1.0,0.0,0.8142857142857143,0.75,0.7692307692307693,0.7724137931034483,0.72,0.7651860553239864,0.030827819534309932,23,1.0,1.0,1.0,1.0,1.0,1.0,0.0,0.7916666666666666,0.7183098591549296,0.7746478873239436,0.7887323943661971,0.7605633802816901,0.7667840375586854,0.02665017178137031,27,1.0,1.0,1.0,1.0,1.0,1.0,0.0,-0.20155038759689922,-0.26356589147286824,-0.2558139534883721,-0.2558139534883721,-0.328125,-0.26097383720930234,0.04025019893941619,37,-0.0,-0.0,-0.0,-0.0,-0.0,0.0,0.0,-7.264612310984852,-9.499877637441731,-9.220469471634619,-9.220469471634619,-11.826823768304065,-9.406450531999976,1.450764219415328,37,-2.2204460492503136e-16,-2.2204460492503136e-16,-2.2204460492503136e-16,-2.2204460492503136e-16,-2.2204460492503136e-16,-2.2204460492503136e-16,0.0
common10,decision_tree,0.009753894805908204,0.0006673934799949088,0.007998275756835937,0.0001606453983004848,gini,,log2,best,"{'model__criterion': 'gini', 'model__max_depth': None, 'model__max_features': 'log2', 'model__splitter': 'best'}",0.6527777777777779,0.6796988829528897,0.75643516270034,0.7187955318115591,0.7380775883370397,0.7091569887159213,0.037976107625469165,44,1.0,1.0,1.0,1.0,1.0,1.0,0.0,0.6536871397336514,0.6658088063263301,0.7297375987189285,0.6930287149252101,0.7229715096132349,0.693046753863471,0.030109116356272905,43,1.0,1.0,1.0,1.0,1.0,1.0,0.0,0.6527777777777777,0.6796988829528897,0.75643516270034,0.7187955318115591,0.7380775883370397,0.7091569887159213,0.03797610762546923,44,1.0,1.0,1.0,1.0,1.0,1.0,0.0,0.6715328467153284,0.7092198581560284,0.7832167832167832,0.7682119205298014,0.746268656716418,0.7356900130668718,0.04060834185887822,44,1.0,1.0,1.0,1.0,1.0,1.0,0.0,0.6388888888888888,0.704225352112676,0.7887323943661971,0.8169014084507042,0.704225352112676,0.7305946791862284,0.06423313823465623,40,1.0,1.0,1.0,1.0,1.0,1.0,0.0,-0.3488372093023256,-0.3178294573643411,-0.24031007751937986,-0.2713178294573643,-0.265625,-0.2887839147286822,0.03909259289445491,44,-0.0,-0.0,-0.0,-0.0,-0.0,0.0,0.0,-12.573367461319936,-11.455734798091498,-8.661653140020402,-9.779285803248841,-9.574095431484244,-10.408827326832984,1.409039868369596,44,-2.2204460492503136e-16,-2.2204460492503136e-16,-2.2204460492503136e-16,-2.2204460492503136e-16,-2.2204460492503136e-16,-2.2204460492503136e-16,0.0
common10,decision_tree,0.009697389602661134,0.0007583167487987293,0.008009815216064453,0.00012336603932502286,gini,,log2,random,"{'model__criterion': 'gini', 'model__max_depth': None, 'model__max_features': 'log2', 'model__splitter': 'random'}",0.7993421052631579,0.7384652744050509,0.7407722195240407,0.7391937833899951,0.6609834445268099,0.7357513654218109,0.04399647419483489,37,1.0,1.0,1.0,1.0,1.0,1.0,0.0,0.7798820109439124,0.7186357261037902,0.7157759216799504,0.7131576384769964,0.652691266268497,0.7160285126946293,0.04025910904694956,37,1.0,1.0,1.0,1.0,1.0,1.0,0.0,0.7993421052631579,0.738465274405051,0.7407722195240407,0.7391937833899951,0.6609834445268099,0.7357513654218109,0.04399647419483489,15,1.0,1.0,1.0,1.0,1.0,1.0,0.0,0.8142857142857143,0.75,0.7692307692307693,0.7724137931034483,0.72,0.7651860553239864,0.030827819534309932,23,1.0,1.0,1.0,1.0,1.0,1.0,0.0,0.7916666666666666,0.7183098591549296,0.7746478873239436,0.7887323943661971,0.7605633802816901,0.7667840375586854,0.02665017178137031,27,1.0,1.0,1.0,1.0,1.0,1.0,0.0,-0.20155038759689922,-0.26356589147286824,-0.2558139534883721,-0.2558139534883721,-0.328125,-0.26097383720930234,0.04025019893941619,37,-0.0,-0.0,-0.0,-0.0,-0.0,0.0,0.0,-7.264612310984852,-9.499877637441731,-9.220469471634619,-9.220469471634619,-11.826823768304065,-9.406450531999976,1.450764219415328,37,-2.2204460492503136e-16,-2.2204460492503136e-16,-2.2204460492503136e-16,-2.2204460492503136e-16,-2.2204460492503136e-16,-2.2204460492503136e-16,0.0
common10,decision_tree,0.009894084930419923,0.0006515702329997078,0.007955551147460938,0.0001438960713154324,entropy,3,,best,"{'model__criterion': 'entropy', 'model__max_depth': 3, 'model__max_features': None, 'model__splitter': 'best'}",0.8442982456140351,0.7914035939776591,0.7853326857697911,0.8453132588635259,0.765752409191994,0.8064200386834012,0.0324698853992856,6,0.8510990183525395,0.8662166285278414,0.8641037376048819,0.8557971014492753,0.872415888205362,0.86192647482798,0.007589159593958322,0.8356179930322463,0.7843996000796511,0.7892878293963028,0.8398864253353892,0.7615954298439052,0.802157455537499,0.030559219123829844,7,0.8444779344286529,0.8633611753188268,0.8582372369448359,0.8427427022154238,0.8708302389393341,0.8559298575694146,0.010840825226855135,0.7755847953216374,0.7180670228266148,0.7361583292860612,0.7822972316658572,0.7049666419570052,0.743414804211435,0.03072516598164143,10,0.7767590390829827,0.7861937452326468,0.7799771167048055,0.7749427917620137,0.796969696969697,0.7829684779504291,0.007979392144926161,0.7479674796747967,0.7464788732394366,0.7286821705426356,0.8,0.7662337662337663,0.7578724579381271,0.0241852703995811,28,0.769825918762089,0.8131487889273357,0.7704280155642024,0.7806691449814126,0.8302521008403362,0.7928647938150751,0.024462967182152306,0.6388888888888888,0.7464788732394366,0.6619718309859155,0.7887323943661971,0.8309859154929577,0.733411580594679,0.07319846238237367,39,0.7007042253521126,0.8245614035087719,0.6947368421052632,0.7368421052631579,0.8666666666666667,0.7647022485791946,0.06891582351017309,-0.15088519150431914,-0.18924017155154238,-0.18258674863807337,-0.16453654918064725,-0.20604115579344917,-0.17865796333360623,0.019224978058714055,10,-0.15102111410601698,-0.14223282421210381,-0.14330618292249026,-0.148797179562268,-0.1405211267650898,-0.14517568551359378,0.004027521428743157,-0.7199168230892171,-0.5547954982179529,-0.5675931031560646,-0.7442810044893994,-0.6677704242758442,-0.6508713706456957,0.07738740893758682,6,-0.4526058315311418,-0.4378136682456408,-0.4348389307941928,-0.450641542106808,-0.43064878297046744,-0.44130975112965015,0.008745674459011935
common10,decision_tree,0.00963282585144043,0.0007930064297371553,0.008005380630493164,0.0001320585853211586,entropy,3,,random,"{'model__criterion': 'entropy', 'model__max_depth': 3, 'model__max_features': None, 'model__splitter': 'random'}",0.8676900584795323,0.8098591549295775,0.8332928606119476,0.8506556580864497,0.7687175685693106,0.8260430601353634,0.034470111189059884,2,0.8349871959026889,0.8493745232646835,0.846231884057971,0.8393058733790998,0.8639021796916534,0.8467603312592192,0.009951199750544112,0.8536554431851753,0.827745118213824,0.8395472639617223,0.8614711613690315,0.7510305419892012,0.8266899057437908,0.03956675475654146,2,0.8305901755099991,0.8407110068945249,0.8358099008800419,0.8315916666144454,0.8595231149569296,0.8396451729711881,0.010562479209106142,0.8011695906432749,0.7062894609033512,0.7580135988343857,0.7548567265662943,0.7188040523844823,0.7478266858663577,0.033365594464810244,5,0.747439180537772,0.7784134248665142,0.7590389016018306,0.7607170099160946,0.7853497379813169,0.7661916509807057,0.013778190887161087,0.8115942028985508,0.7482993197278912,0.7801418439716312,0.7862068965517242,0.7391304347826086,0.7730745395864812,0.026352168117207662,20,0.7716814159292036,0.8109028960817717,0.783068783068783,0.7799642218246869,0.7895716945996276,0.7870378023008147,0.013248173973544821,0.7777777777777778,0.7746478873239436,0.7746478873239436,0.8028169014084507,0.7183098591549296,0.769640062597809,0.027755617248695286,24,0.7676056338028169,0.8350877192982457,0.7789473684210526,0.7649122807017544,0.743859649122807,0.7780825302693353,0.030674960304660152,-0.15105920779856719,-0.17978648526949356,-0.16331890864371604,-0.1557399334830666,-0.19561506686346647,-0.16910392041166195,0.016459843493805932,2,-0.1601191160724949,-0.15155172478099557,-0.1531284646142362,-0.15661873501477624,-0.1458869609095852,-0.15346100027841764,0.004804659818263506,-0.4611851226864265,-0.531197098266279,-0.49858286040322236,-0.47207171507822443,-0.5999057625000248,-0.5125885117868354,0.04990122094716152,1,-0.48435701602584397,-0.46644216776505887,-0.46624264571399465,-0.47851747865902755,-0.4456487484022324,-0.4682416113132315,0.013288875300979244
common10,decision_tree,0.009595584869384766,0.0006850124582757867,0.007990598678588867,0.00017049225739087273,entropy,3,sqrt,best,"{'model__criterion': 'entropy', 'model__max_depth': 3, 'model__max_features': 'sqrt', 'model__splitter': 'best'}",0.8129873294346978,0.7918892666342885,0.8447061680427392,0.7861826129188927,0.7874969112923154,0.8046524576645867,0.022235632592837094,7,0.839880190232303,0.8466056445461481,0.832280701754386,0.8285430968726163,0.8459482038429407,0.8386515674496788,0.007222006177909727,0.8156244240062069,0.7662921997998069,0.8467216760127867,0.7706913759931592,0.772267393208139,0.7943194138040196,0.03171750637204072,12,0.8267903647998001,0.8394059487428486,0.8187973891150055,0.7979690456707379,0.8354476993318105,0.8236820895320406,0.014699330735508855,0.7467105263157894,0.7149101505585236,0.7642059252064108,0.7595920349684313,0.7347417840375587,0.7440320842173428,0.01783629264820689,8,0.7472105359429303,0.7549961861174675,0.7427154843630817,0.7665903890160184,0.7527455001139212,0.7528516191106839,0.008098484726500954,0.7808219178082192,0.7534246575342466,0.8104575163398693,0.7769784172661871,0.7755102040816326,0.7794385426060308,0.018233467773457693,13,0.7933884297520661,0.8,0.7859531772575251,0.768361581920904,0.8,0.789540637786099,0.011790032224227805,0.7916666666666666,0.7746478873239436,0.8732394366197183,0.7605633802816901,0.8028169014084507,0.8005868544600938,0.039083625869467356,17,0.8450704225352113,0.8491228070175438,0.8245614035087719,0.7157894736842105,0.856140350877193,0.8181368915245862,0.05224188600582801,-0.16947069821157285,-0.17858837123482507,-0.16068710302150926,-0.18243895070234956,-0.18885614433357775,-0.17600825350076693,0.009905114376312828,7,-0.15578905609835825,-0.15340137292175896,-0.15945029699847868,-0.15554788849068418,-0.15121861861424704,-0.1550814466247054,0.0027404094823830186,-1.0313237745769743,-0.5402498088049478,-0.49658511056570487,-1.0560094640989086,-0.5598067965840563,-0.7367949909261183,0.25151568557690657,11,-0.4727582137509737,-0.4691539021723623,-0.48295429778176313,-0.4747862619508328,-0.46395965564628033,-0.47272246626044245,0.006300355645927491
common10,decision_tree,0.009587764739990234,0.0007762230115871129,0.008016347885131836,0.0001609115233648952,entropy,3,sqrt,random,"{'model__criterion': 'entropy', 'model__max_depth': 3, 'model__max_features': 'sqrt', 'model__splitter': 'random'}",0.8092105263157895,0.7144244779018942,0.794439048081593,0.732030111704711,0.7537682233753398,0.7607744774758654,0.03606383995612698,29,0.7587875739284189,0.7792448512585812,0.7637833714721587,0.7784668192219679,0.7718766613503456,0.7704318554462943,0.008051194114987274,0.7818147962775064,0.6970474457100919,0.7586483165763204,0.7094268830315047,0.7374186445353299,0.7368712172261507,0.031092093168077713,27,0.7303579542244552,0.7477898817540959,0.7356025418853714,0.7478895205246125,0.7410296105948393,0.7405339017966749,0.006853733563441689,0.7832602339181287,0.695361826129189,0.7689412336085478,0.7187955318115591,0.6979243884358785,0.7328566427806606,0.03651426626892702,19,0.7351457228217793,0.7575133485888634,0.7387109077040428,0.7513348588863462,0.7500569605832763,0.7465523597168615,0.008329436205611248,0.8187919463087249,0.723404255319149,0.8027210884353742,0.7682119205298014,0.7581699346405228,0.7742598290467144,0.03368947619781943,18,0.7734241908006815,0.7959527824620574,0.7775891341256367,0.7863247863247863,0.7947019867549668,0.7855985760936257,0.008977481544270341,0.8472222222222222,0.7183098591549296,0.8309859154929577,0.8169014084507042,0.8169014084507042,0.8060641627543035,0.04527866872493216,12,0.7992957746478874,0.8280701754385965,0.8035087719298246,0.8070175438596491,0.8421052631578947,0.8159995058067704,0.01638853465120616,-0.16133448283652446,-0.21087681528676713,-0.17098071158437045,-0.19969285159365685,-0.1972135114030193,-0.18801967454086763,0.018685097252954887,23,-0.1851880837408185,-0.1735808834544061,-0.1821353863059224,-0.17575051053590393,-0.17716383738438843,-0.17876374028428788,0.0042694597659979575,-0.7538069196731473,-0.8763438127368611,-0.5225078671024854,-0.5834973753870184,-0.8397280238186436,-0.7151767997436311,0.13960006308414047,9,-0.5507758756605765,-0.5250024730714653,-0.544504242384606,-0.5310394726943726,-0.5343107855411563,-0.5371265698704353,0.009302781486090827
common10,decision_tree,0.009623861312866211,0.0007070957524813897,0.007999324798583984,0.0002015570193065563,entropy,3,log2,best,"{'model__criterion': 'entropy', 'model__max_depth': 3, 'model__max_features': 'log2', 'model__splitter': 'best'}",0.8129873294346978,0.7918892666342885,0.8447061680427392,0.7861826129188927,0.7874969112923154,0.8046524576645867,0.022235632592837094,7,0.839880190232303,0.8466056445461481,0.832280701754386,0.8285430968726163,0.8459482038429407,0.8386515674496788,0.007222006177909727,0.8156244240062069,0.7662921997998069,0.8467216760127867,0.7706913759931592,0.772267393208139,0.7943194138040196,0.03171750637204072,12,0.8267903647998001,0.8394059487428486,0.8187973891150055,0.7979690456707379,0.8354476993318105,0.8236820895320406,0.014699330735508855,0.7467105263157894,0.7149101505585236,0.7642059252064108,0.7595920349684313,0.7347417840375587,0.7440320842173428,0.01783629264820689,8,0.7472105359429303,0.7549961861174675,0.7427154843630817,0.7665903890160184,0.7527455001139212,0.7528516191106839,0.008098484726500954,0.7808219178082192,0.7534246575342466,0.8104575163398693,0.7769784172661871,0.7755102040816326,0.7794385426060308,0.018233467773457693,13,0.7933884297520661,0.8,0.7859531772575251,0.768361581920904,0.8,0.789540637786099,0.011790032224227805,0.7916666666666666,0.7746478873239436,0.8732394366197183,0.7605633802816901,0.8028169014084507,0.8005868544600938,0.039083625869467356,17,0.8450704225352113,0.8491228070175438,0.8245614035087719,0.7157894736842105,0.856140350877193,0.8181368915245862,0.05224188600582801,-0.16947069821157285,-0.17858837123482507,-0.16068710302150926,-0.18243895070234956,-0.18885614433357775,-0.17600825350076693,0.009905114376312828,7,-0.15578905609835825,-0.15340137292175896,-0.15945029699847868,-0.15554788849068418,-0.15121861861424704,-0.1550814466247054,0.0027404094823830186,-1.0313237745769743,-0.5402498088049478,-0.49658511056570487,-1.0560094640989086,-0.5598067965840563,-0.7367949909261183,0.25151568557690657,11,-0.4727582137509737,-0.4691539021723623,-0.48295429778176313,-0.4747862619508328,-0.46395965564628033,-0.47272246626044245,0.006300355645927491
common10,decision_tree,0.00962514877319336,0.0007391983609573921,0.007966995239257812,0.0001921347269461508,entropy,3,log2,random,"{'model__criterion': 'entropy', 'model__max_depth': 3, 'model__max_features': 'log2', 'model__splitter': 'random'}",0.8092105263157895,0.7144244779018942,0.794439048081593,0.732030111704711,0.7537682233753398,0.7607744774758654,0.03606383995612698,29,0.7587875739284189,0.7792448512585812,0.7637833714721587,0.7784668192219679,0.7718766613503456,0.7704318554462943,0.008051194114987274,0.7818147962775064,0.6970474457100919,0.7586483165763204,0.7094268830315047,0.7374186445353299,0.7368712172261507,0.031092093168077713,27,0.7303579542244552,0.7477898817540959,0.7356025418853714,0.7478895205246125,0.7410296105948393,0.7405339017966749,0.006853733563441689,0.7832602339181287,0.695361826129189,0.7689412336085478,0.7187955318115591,0.6979243884358785,0.7328566427806606,0.03651426626892702,19,0.7351457228217793,0.7575133485888634,0.7387109077040428,0.7513348588863462,0.7500569605832763,0.7465523597168615,0.008329436205611248,0.8187919463087249,0.723404255319149,0.8027210884353742,0.7682119205298014,0.7581699346405228,0.7742598290467144,0.03368947619781943,18,0.7734241908006815,0.7959527824620574,0.7775891341256367,0.7863247863247863,0.7947019867549668,0.7855985760936257,0.008977481544270341,0.8472222222222222,0.7183098591549296,0.8309859154929577,0.8169014084507042,0.8169014084507042,0.8060641627543035,0.04527866872493216,12,0.7992957746478874,0.8280701754385965,0.8035087719298246,0.8070175438596491,0.8421052631578947,0.8159995058067704,0.01638853465120616,-0.16133448283652446,-0.21087681528676713,-0.17098071158437045,-0.19969285159365685,-0.1972135114030193,-0.18801967454086763,0.018685097252954887,23,-0.1851880837408185,-0.1735808834544061,-0.1821353863059224,-0.17575051053590393,-0.17716383738438843,-0.17876374028428788,0.0042694597659979575,-0.7538069196731473,-0.8763438127368611,-0.5225078671024854,-0.5834973753870184,-0.8397280238186436,-0.7151767997436311,0.13960006308414047,9,-0.5507758756605765,-0.5250024730714653,-0.544504242384606,-0.5310394726943726,-0.5343107855411563,-0.5371265698704353,0.009302781486090827
common10,decision_tree,0.010080289840698243,0.0006824593859115047,0.008015584945678712,0.00016482346616449126,entropy,5,,best,"{'model__criterion': 'entropy', 'model__max_depth': 5, 'model__max_features': None, 'model__splitter': 'best'}",0.8223684210526316,0.8023312287518212,0.7957746478873239,0.7906750849927149,0.7861378799110452,0.7994574525191073,0.012659187278540504,15,0.9240442655935613,0.9270556826849733,0.9330968726163235,0.9112890922959572,0.9429027113237639,0.9276777249029158,0.010424429147480872,0.8075377841125271,0.7885591823230049,0.7886523140967794,0.7789599347528902,0.788685199907883,0.7904788830386169,0.009315913047779985,14,0.9329262156720926,0.9274144236457211,0.9313900913348713,0.9033118792725865,0.9489995030788521,0.9288084226008246,0.01471949672289016,0.7609649122807017,0.7611704711024769,0.7251092763477416,0.7007042253521127,0.7138621200889548,0.7323622010343975,0.02467839885711076,21,0.8283946100847509,0.8363463005339435,0.8530511060259345,0.8116323417238749,0.8321713374344953,0.8323191391605999,0.013337164922409847,0.7769784172661871,0.7737226277372263,0.7552447552447552,0.7804878048780488,0.7901234567901234,0.7753114123832681,0.011438230365021331,15,0.852233676975945,0.8551483420593369,0.8756388415672913,0.8633540372670807,0.8717948717948718,0.863633953932905,0.009085903195258583,0.75,0.7464788732394366,0.7605633802816901,0.9014084507042254,0.9014084507042254,0.8119718309859154,0.07317169131189037,11,0.8732394366197183,0.8596491228070176,0.9017543859649123,0.9754385964912281,0.9543859649122807,0.9128935013590314,0.04508880580879593,-0.17576494409884266,-0.1866236762616264,-0.19741205780457605,-0.1962732265668838,-0.1931063920530368,-0.18983605935699316,0.007972999935635716,25,-0.10983092294409887,-0.10570540526579204,-0.10086837612934559,-0.11158942057643784,-0.09339604437818527,-0.10427803385877192,0.006578325059621462,-2.575586509907717,-2.360955494271622,-1.876914245796625,-3.1449596464384673,-3.4023119806267483,-2.672145575408236,0.5468549921867591,28,-0.32773486430055776,-0.322559807457212,-0.31063041582649736,-0.33317982489171194,-0.27613283040475006,-0.31404754857614586,0.02037178347743901
common10,decision_tree,0.009708166122436523,0.0007853899415018186,0.007981586456298827,0.00014294321438848613,entropy,5,,random,"{'model__criterion': 'entropy', 'model__max_depth': 5, 'model__max_features': None, 'model__splitter': 'random'}",0.8249269005847953,0.8164157357940747,0.7894609033511413,0.8744536182612919,0.7789720780825304,0.8168458472147666,0.0333721477973719,4,0.887209621364551,0.9035926773455377,0.9029824561403509,0.8880625476735317,0.9046251993620414,0.8972945003772026,0.007908131978121699,0.801469978658363,0.8220592086154499,0.7923298823619113,0.8815747511839784,0.757605480265652,0.8110078602170709,0.0409718699305249,4,0.8823226983715221,0.8995570941614818,0.9060856546852446,0.8889817143761495,0.9065164095618498,0.8966927142312496,0.009580123874769487,0.7558479532163742,0.7368868382710054,0.7124817872753764,0.7508499271491015,0.7294292068198666,0.7370991425463449,0.015527325245661154,14,0.810872812633376,0.820976353928299,0.7954233409610983,0.7886727688787185,0.8221918432444748,0.8076274239291934,0.013483822745262126,0.7647058823529411,0.7536231884057971,0.779874213836478,0.8125,0.7638888888888888,0.774918434696821,0.020573616202404933,16,0.8068833652007649,0.8362989323843416,0.847723704866562,0.831973898858075,0.8351254480286738,0.8316010698676835,0.013457595910200577,0.7222222222222222,0.7323943661971831,0.8732394366197183,0.9154929577464789,0.7746478873239436,0.8035993740219093,0.07733109976422826,14,0.7429577464788732,0.8245614035087719,0.9473684210526315,0.8947368421052632,0.8175438596491228,0.8454336545589326,0.07005184392034021,-0.1657927308063321,-0.17984777957525616,-0.18650020418699254,-0.14561104011504528,-0.19255301155781668,-0.17406095324828855,0.01678058165270967,6,-0.13097842444870622,-0.12104123287988655,-0.12178370450476296,-0.13205117284129458,-0.12216468052576081,-0.12560384304008224,0.004851657357777718,-1.2713317292813673,-2.0737965831001324,-1.5935057046243752,-0.9541440609874936,-1.61356556816063,-1.5012687292307996,0.37446570194497236,18,-0.4057175476862963,-0.3733976121242132,-0.3735219159083414,-0.4000624611916446,-0.37669446869711326,-0.38587880112152173,0.014054015307281014
common10,decision_tree,0.009673643112182616,0.0007310933709433974,0.007991790771484375,0.0001613012611003352,entropy,5,sqrt,best,"{'model__criterion': 'entropy', 'model__max_depth': 5, 'model__max_features': 'sqrt', 'model__splitter': 'best'}",0.8273635477582846,0.7688198154443905,0.7650558523555123,0.8533268576979116,0.7697059550284162,0.796854405656903,0.03648032402065141,16,0.885235656362417,0.8919298245614034,0.9016704805491992,0.885812356979405,0.8931115667957773,0.8915519770496404,0.005963192895814796,0.8205897537806048,0.7539262619037012,0.7573372847581092,0.8351245498510774,0.7595422440214536,0.7853040188629892,0.03509284624502971,15,0.8934193453911857,0.892570012741315,0.9077283235979717,0.8888737074754699,0.9041312600107553,0.8973445298433396,0.007264169563453279,0.7090643274853801,0.6922049538610977,0.7157600777076251,0.7814473045167557,0.720533728687917,0.7238020784517551,0.03037731903962826,31,0.808563502225474,0.8085812356979405,0.809954233409611,0.8005720823798628,0.7945317840054682,0.8044405675436714,0.005961432765786949,0.6929133858267716,0.7310344827586207,0.725925925925926,0.8211920529801324,0.7352941176470589,0.7412719930277019,0.04266571049281192,40,0.8,0.8397976391231029,0.819672131147541,0.8243478260869566,0.8,0.8167635192715201,0.015222244032903526,0.6111111111111112,0.7464788732394366,0.6901408450704225,0.8732394366197183,0.704225352112676,0.7250391236306729,0.0860856441008222,45,0.7253521126760564,0.8736842105263158,0.7894736842105263,0.8315789473684211,0.7578947368421053,0.795596738324685,0.052508309480502086,-0.17083294020039683,-0.2014533246656997,-0.2025401446301634,-0.15388657890109073,-0.20147284258972942,-0.186037166197416,0.02006536865560286,17,-0.1327680871544731,-0.12982023184184877,-0.12521378531545777,-0.1343564763627147,-0.12945343169550125,-0.13032240247399912,0.003141986012895111,-1.2650870376724195,-1.6189663402989698,-2.3927706943596267,-0.7282893429552646,-1.873562224992983,-1.5757351280558525,0.5608535688985072,19,-0.39959371812358196,-0.40083334421174366,-0.3745171098951827,-0.40433015804505695,-0.38249118848849945,-0.3923531037528129,0.011689062013666927
common10,decision_tree,0.009644508361816406,0.0008221702555417787,0.008014202117919922,0.00019085874110986317,entropy,5,sqrt,random,"{'model__criterion': 'entropy', 'model__max_depth': 5, 'model__max_features': 'sqrt', 'model__splitter': 'random'}",0.8507553606237818,0.7740407965031568,0.8164157357940748,0.7999028654686742,0.780207561156412,0.8042644639092199,0.027641581243592672,9,0.8450704225352114,0.8508619374523265,0.8510373760488177,0.8560945842868041,0.8587909166856535,0.8523710474017626,0.004742038888827673,0.858835306252878,0.795861808463838,0.8131265911336648,0.7963447673484378,0.7504522422383061,0.8029241430874249,0.0348614780146229,5,0.828118717320027,0.8327640587920238,0.8308936771181082,0.8391735164471135,0.8466217556816205,0.8355143450717785,0.0066388863887079826,0.7971491228070176,0.7078678970373968,0.7109033511413307,0.7226809130645944,0.7314059797380776,0.7340014527576834,0.03267722254005856,17,0.7694043046155722,0.7801678108314265,0.7687643020594965,0.7828375286041189,0.7630895420369104,0.7728526976295049,0.007444908738045796,0.8344370860927153,0.7448275862068966,0.782608695652174,0.782051282051282,0.8,0.7887849300006134,0.029071061589767123,5,0.8106312292358804,0.8129251700680272,0.8246445497630331,0.8181818181818182,0.8207547169811321,0.8174274968459783,0.0051026551354479656,0.875,0.7605633802816901,0.8873239436619719,0.8591549295774648,0.9014084507042254,0.8566901408450704,0.05003965893940992,1,0.8591549295774648,0.8385964912280702,0.9157894736842105,0.8526315789473684,0.9157894736842105,0.876392389424265,0.032846602726360176,-0.15011789097921846,-0.20239617440140023,-0.17441442851920938,-0.18823735714426512,-0.1862783178205219,-0.180288833772923,0.01750760908148559,11,-0.15393852579423214,-0.14971629151151936,-0.14819817329254298,-0.14760280912359983,-0.14606439438935015,-0.1491040388222489,0.0026855479471520286,-0.9709783488346634,-1.6347998223965943,-1.0384181435058066,-2.105132575924267,-1.0862036162153812,-1.3671065013753425,0.43822418499186827,16,-0.46753519921684333,-0.4592716363534964,-0.45167873563446376,-0.44978882310047263,-0.4448743904109569,-0.4546297569432466,0.007942390422923835
common10,decision_tree,0.009730243682861328,0.0006706502923292161,0.008014249801635741,0.00021513534521637055,entropy,5,log2,best,"{'model__criterion': 'entropy', 'model__max_depth': 5, 'model__max_features': 'log2', 'model__splitter': 'best'}",0.8273635477582846,0.7688198154443905,0.7650558523555123,0.8533268576979116,0.7697059550284162,0.796854405656903,0.03648032402065141,16,0.885235656362417,0.8919298245614034,0.9016704805491992,0.885812356979405,0.8931115667957773,0.8915519770496404,0.005963192895814796,0.8205897537806048,0.7539262619037012,0.7573372847581092,0.8351245498510774,0.7595422440214536,0.7853040188629892,0.03509284624502971,15,0.8934193453911857,0.892570012741315,0.9077283235979717,0.8888737074754699,0.9041312600107553,0.8973445298433396,0.007264169563453279,0.7090643274853801,0.6922049538610977,0.7157600777076251,0.7814473045167557,0.720533728687917,0.7238020784517551,0.03037731903962826,31,0.808563502225474,0.8085812356979405,0.809954233409611,0.8005720823798628,0.7945317840054682,0.8044405675436714,0.005961432765786949,0.6929133858267716,0.7310344827586207,0.725925925925926,0.8211920529801324,0.7352941176470589,0.7412719930277019,0.04266571049281192,40,0.8,0.8397976391231029,0.819672131147541,0.8243478260869566,0.8,0.8167635192715201,0.015222244032903526,0.6111111111111112,0.7464788732394366,0.6901408450704225,0.8732394366197183,0.704225352112676,0.7250391236306729,0.0860856441008222,45,0.7253521126760564,0.8736842105263158,0.7894736842105263,0.8315789473684211,0.7578947368421053,0.795596738324685,0.052508309480502086,-0.17083294020039683,-0.2014533246656997,-0.2025401446301634,-0.15388657890109073,-0.20147284258972942,-0.186037166197416,0.02006536865560286,17,-0.1327680871544731,-0.12982023184184877,-0.12521378531545777,-0.1343564763627147,-0.12945343169550125,-0.13032240247399912,0.003141986012895111,-1.2650870376724195,-1.6189663402989698,-2.3927706943596267,-0.7282893429552646,-1.873562224992983,-1.5757351280558525,0.5608535688985072,19,-0.39959371812358196,-0.40083334421174366,-0.3745171098951827,-0.40433015804505695,-0.38249118848849945,-0.3923531037528129,0.011689062013666927
common10,decision_tree,0.009640884399414063,0.0007503554035446478,0.008005380630493164,0.0001572691792051992,entropy,5,log2,random,"{'model__criterion': 'entropy', 'model__max_depth': 5, 'model__max_features': 'log2', 'model__splitter': 'random'}",0.8507553606237818,0.7740407965031568,0.8164157357940748,0.7999028654686742,0.780207561156412,0.8042644639092199,0.027641581243592672,9,0.8450704225352114,0.8508619374523265,0.8510373760488177,0.8560945842868041,0.8587909166856535,0.8523710474017626,0.004742038888827673,0.858835306252878,0.795861808463838,0.8131265911336648,0.7963447673484378,0.7504522422383061,0.8029241430874249,0.0348614780146229,5,0.828118717320027,0.8327640587920238,0.8308936771181082,0.8391735164471135,0.8466217556816205,0.8355143450717785,0.0066388863887079826,0.7971491228070176,0.7078678970373968,0.7109033511413307,0.7226809130645944,0.7314059797380776,0.7340014527576834,0.03267722254005856,17,0.7694043046155722,0.7801678108314265,0.7687643020594965,0.7828375286041189,0.7630895420369104,0.7728526976295049,0.007444908738045796,0.8344370860927153,0.7448275862068966,0.782608695652174,0.782051282051282,0.8,0.7887849300006134,0.029071061589767123,5,0.8106312292358804,0.8129251700680272,0.8246445497630331,0.8181818181818182,0.8207547169811321,0.8174274968459783,0.0051026551354479656,0.875,0.7605633802816901,0.8873239436619719,0.8591549295774648,0.9014084507042254,0.8566901408450704,0.05003965893940992,1,0.8591549295774648,0.8385964912280702,0.9157894736842105,0.8526315789473684,0.9157894736842105,0.876392389424265,0.032846602726360176,-0.15011789097921846,-0.20239617440140023,-0.17441442851920938,-0.18823735714426512,-0.1862783178205219,-0.180288833772923,0.01750760908148559,11,-0.15393852579423214,-0.14971629151151936,-0.14819817329254298,-0.14760280912359983,-0.14606439438935015,-0.1491040388222489,0.0026855479471520286,-0.9709783488346634,-1.6347998223965943,-1.0384181435058066,-2.105132575924267,-1.0862036162153812,-1.3671065013753425,0.43822418499186827,16,-0.46753519921684333,-0.4592716363534964,-0.45167873563446376,-0.44978882310047263,-0.4448743904109569,-0.4546297569432466,0.007942390422923835
common10,decision_tree,0.010246944427490235,0.0006950779936233816,0.008064651489257812,0.0001684606765960791,entropy,7,,best,"{'model__criterion': 'entropy', 'model__max_depth': 7, 'model__max_features': None, 'model__splitter': 'best'}",0.8061647173489278,0.733365711510442,0.748664400194269,0.7751335599805731,0.7104027674820854,0.7547462313032595,0.033226380957710445,33,0.9741784037558686,0.9705949656750572,0.9746147978642258,0.9637528604118992,0.9859497227918281,0.9738181500997758,0.007206087158458525,0.8022893612138516,0.686134575884437,0.7336328809532189,0.7610245341965343,0.6968622188584733,0.7359887142213031,0.0425310140310307,31,0.9772388638300795,0.9711124320162945,0.9737924817336996,0.9626106144866522,0.9863097069587083,0.9742128198050868,0.0077445707180567504,0.731359649122807,0.7266877124817872,0.7305730937348227,0.6992472073822245,0.694341487521621,0.7164418300486525,0.01619439554033346,37,0.9090299371989513,0.9000381388253242,0.8967581998474448,0.8984363081617086,0.9254272043745728,0.9059379576816002,0.010627715050236908,0.7445255474452555,0.75177304964539,0.7671232876712328,0.7397260273972602,0.7432432432432432,0.7492782310804763,0.009746012923619951,32,0.9130434782608695,0.9103690685413005,0.9158249158249159,0.9146757679180887,0.93048128342246,0.9168789027935269,0.007043832393248964,0.7083333333333334,0.7464788732394366,0.7887323943661971,0.7605633802816901,0.7746478873239436,0.7557511737089201,0.027576914894426572,34,0.8873239436619719,0.9087719298245615,0.9543859649122807,0.9403508771929825,0.9157894736842105,0.9213244378552015,0.02366138143404783,-0.21634024497406004,-0.22920486420222388,-0.2275157637859769,-0.22063159019177297,-0.2643548337034538,-0.23160945937149752,0.01702035535267701,33,-0.06292255443889727,-0.0672417471932735,-0.06168889100927936,-0.07212532232663586,-0.04570623175274338,-0.06193694934416587,0.008904077359531418,-4.4626296534554735,-5.569925452403243,-4.830638185291719,-4.482678000221538,-8.008609948550436,-5.470896247984482,1.3306317918241575,36,-0.18593439096133782,-0.2060134737563541,-0.1855595985219644,-0.22029210842882335,-0.13315846210522622,-0.1861916067547412,0.029559197051478792
common10,decision_tree,0.009779596328735351,0.000753322527638577,0.008031415939331054,0.0001401199113090814,entropy,7,,random,"{'model__criterion': 'entropy', 'model__max_depth': 7, 'model__max_features': None, 'model__splitter': 'random'}",0.8182261208576999,0.777804759592035,0.7344584749878582,0.8593977659057794,0.7567333827526563,0.7893241008192058,0.044611057654437083,23,0.9455749649411621,0.9455682684973302,0.9547368421052631,0.9432341723874904,0.9564517353991038,0.94911319666607,0.005387542383885106,0.7893907689277567,0.7495627133962475,0.7095910422586691,0.8518373405293265,0.7454647683918443,0.7691693267007688,0.04845369868865738,21,0.9512972559634385,0.9479417708261522,0.9582176926025142,0.9456228506339388,0.9597617690335454,0.9525682678119178,0.005566349352036786,0.7609649122807017,0.7548567265662943,0.7203739679456047,0.7571636716852841,0.694341487521621,0.7375401531999011,0.026055587352665995,13,0.8516553868666544,0.8604118993135011,0.8703661327231121,0.8530511060259345,0.8698564593301435,0.8610681968518691,0.007962294046827264,0.7769784172661871,0.7862068965517242,0.7651006711409396,0.8026315789473685,0.7432432432432432,0.7748321614298925,0.019996801159007493,17,0.8652482269503546,0.8793103448275862,0.8842105263157894,0.8756388415672913,0.8850174216027874,0.8778850722527618,0.007178420296362554,0.75,0.8028169014084507,0.8028169014084507,0.8591549295774648,0.7746478873239436,0.7978873239436619,0.03642962579261285,21,0.8591549295774648,0.8947368421052632,0.8842105263157894,0.9017543859649123,0.8912280701754386,0.8862169508277736,0.014666223021705596,-0.17859606855501417,-0.2044877524379366,-0.22742299600664825,-0.15631463368035806,-0.21586705843087262,-0.19653770182216596,0.025809014485622547,29,-0.09298009547888539,-0.09204656803207711,-0.08456173018857696,-0.09353404906571146,-0.08306408329406556,-0.0892373052118633,0.004479556115650084,-3.0964202171448827,-4.456772308308001,-4.52856087446784,-2.5162291908611043,-3.462909430536202,-3.6121784042636067,0.7800625752978736,29,-0.2771794322611198,-0.28164262324441797,-0.25852834349604964,-0.28086264881615364,-0.24783580910202058,-0.2692097713839523,0.01360014718806492
common10,decision_tree,0.00979928970336914,0.0005972295349264441,0.008025932312011718,0.000176447235993455,entropy,7,sqrt,best,"{'model__criterion': 'entropy', 'model__max_depth': 7, 'model__max_features': 'sqrt', 'model__splitter': 'best'}",0.7660818713450293,0.7061680427391936,0.7791403593977659,0.7787761049052937,0.6917469730664689,0.7443826702907503,0.037663603131482946,34,0.9460398756173405,0.9574675819984745,0.9393058733790999,0.9281464530892448,0.9644490012911066,0.9470817570750532,0.012880855191018075,0.7453726740044471,0.7039519892332564,0.748979974351972,0.7628448649008093,0.6932620064977453,0.730882301797646,0.027201582424434007,34,0.9508934356509192,0.9633646705765269,0.9432944934271051,0.9276620750840849,0.9663105479775274,0.9503050445432327,0.014063627336431045,0.741593567251462,0.6898980087421078,0.7501214181641573,0.7274162214667315,0.6486286137879911,0.7115315658824899,0.03760323147073389,39,0.8592463874154015,0.8743707093821511,0.8377574370709382,0.8503051106025934,0.8803827751196172,0.8604124839181402,0.015559013547255465,0.7692307692307693,0.7101449275362319,0.7947019867549668,0.7733333333333333,0.6986301369863014,0.7492082307683205,0.03778012621484997,33,0.8765217391304347,0.8911917098445595,0.8615384615384616,0.8671328671328671,0.896551724137931,0.8785873003568507,0.013473864694572778,0.7638888888888888,0.6901408450704225,0.8450704225352113,0.8169014084507042,0.7183098591549296,0.7668622848200312,0.0580909375672036,25,0.8873239436619719,0.9052631578947369,0.8842105263157894,0.8701754385964913,0.9122807017543859,0.891850753644675,0.015139086711074277,-0.20965566681186412,-0.2740242508039906,-0.2023877187815268,-0.22079675375666805,-0.2699950231549821,-0.23537188266180636,0.030510590383447132,35,-0.09273492737247226,-0.08260585122963209,-0.09755584446976293,-0.10114320381319154,-0.07385851635077946,-0.08957966864716764,0.010030744167924826,-4.726275288960994,-7.728291753422445,-3.9330951656878823,-3.9807282495791765,-5.992362277220409,-5.2721505469741805,1.4359773831136164,34,-0.277015723441626,-0.24729598000657987,-0.28606119609833486,-0.3040275969145721,-0.2234225375850249,-0.26756460680922756,0.02870657268365863
common10,decision_tree,0.009641027450561524,0.0007811062866188568,0.008066558837890625,0.0002050237649229563,entropy,7,sqrt,random,"{'model__criterion': 'entropy', 'model__max_depth': 7, 'model__max_features': 'sqrt', 'model__splitter': 'random'}",0.8374756335282652,0.7549781447304518,0.7593491986401165,0.7604419621175327,0.8218433407462319,0.7868176559525197,0.03537506787157783,24,0.8771721236509968,0.9020518688024409,0.9026163234172387,0.9041647597254004,0.9001974633553582,0.897240507790287,0.010114123604950597,0.798986819643785,0.7311251175005193,0.7294928464003977,0.7335016933219498,0.7961608862776847,0.7578534726288673,0.03246890641971823,24,0.8749168916059404,0.8978240753604476,0.8973354476624857,0.9008748098611978,0.895882336400175,0.8933667121780493,0.009367120401434822,0.8008040935672515,0.6992472073822245,0.7501214181641573,0.6968188440990772,0.7804546577711885,0.7454892441967799,0.041978336216197516,6,0.7815834400341443,0.8130053394355454,0.8147597254004577,0.8214340198321892,0.8056277056277057,0.8072820460660084,0.01379931397547048,0.8299319727891157,0.7397260273972602,0.7947019867549668,0.7672955974842768,0.8187919463087249,0.7900895061468688,0.0331317656053052,3,0.82,0.8466666666666667,0.848585690515807,0.8603896103896104,0.8358714043993232,0.8423026743942815,0.013597268054438755,0.8472222222222222,0.7605633802816901,0.8450704225352113,0.8591549295774648,0.8591549295774648,0.8342331768388107,0.03729768796629955,5,0.8661971830985915,0.8912280701754386,0.8947368421052632,0.9298245614035088,0.8666666666666667,0.8897306646898937,0.023326368554954745,-0.15579600856249792,-0.20628239016517685,-0.1989395698792113,-0.2050953027018476,-0.17059423761636322,-0.18734150178501938,0.02041596866635707,19,-0.1383903885105001,-0.12197411865373031,-0.12164458802193874,-0.11889083488189145,-0.12361443994185892,-0.1249028740019839,0.006912477989027231,-2.2700317858603305,-2.9258059670390284,-3.1695753653893077,-3.4379809878835643,-1.3097646737623925,-2.6226317559869248,0.7620765051606885,26,-0.42171144979901437,-0.37406490583675855,-0.37670949723749986,-0.3674414980854011,-0.37839005865759645,-0.38366348192325406,0.01938607839635019
common10,decision_tree,0.009734010696411133,0.000704644593543903,0.008024215698242188,0.00011117660560298643,entropy,7,log2,best,"{'model__criterion': 'entropy', 'model__max_depth': 7, 'model__max_features': 'log2', 'model__splitter': 'best'}",0.7660818713450293,0.7061680427391936,0.7791403593977659,0.7787761049052937,0.6917469730664689,0.7443826702907503,0.037663603131482946,34,0.9460398756173405,0.9574675819984745,0.9393058733790999,0.9281464530892448,0.9644490012911066,0.9470817570750532,0.012880855191018075,0.7453726740044471,0.7039519892332564,0.748979974351972,0.7628448649008093,0.6932620064977453,0.730882301797646,0.027201582424434007,34,0.9508934356509192,0.9633646705765269,0.9432944934271051,0.9276620750840849,0.9663105479775274,0.9503050445432327,0.014063627336431045,0.741593567251462,0.6898980087421078,0.7501214181641573,0.7274162214667315,0.6486286137879911,0.7115315658824899,0.03760323147073389,39,0.8592463874154015,0.8743707093821511,0.8377574370709382,0.8503051106025934,0.8803827751196172,0.8604124839181402,0.015559013547255465,0.7692307692307693,0.7101449275362319,0.7947019867549668,0.7733333333333333,0.6986301369863014,0.7492082307683205,0.03778012621484997,33,0.8765217391304347,0.8911917098445595,0.8615384615384616,0.8671328671328671,0.896551724137931,0.8785873003568507,0.013473864694572778,0.7638888888888888,0.6901408450704225,0.8450704225352113,0.8169014084507042,0.7183098591549296,0.7668622848200312,0.0580909375672036,25,0.8873239436619719,0.9052631578947369,0.8842105263157894,0.8701754385964913,0.9122807017543859,0.891850753644675,0.015139086711074277,-0.20965566681186412,-0.2740242508039906,-0.2023877187815268,-0.22079675375666805,-0.2699950231549821,-0.23537188266180636,0.030510590383447132,35,-0.09273492737247226,-0.08260585122963209,-0.09755584446976293,-0.10114320381319154,-0.07385851635077946,-0.08957966864716764,0.010030744167924826,-4.726275288960994,-7.728291753422445,-3.9330951656878823,-3.9807282495791765,-5.992362277220409,-5.2721505469741805,1.4359773831136164,34,-0.277015723441626,-0.24729598000657987,-0.28606119609833486,-0.3040275969145721,-0.2234225375850249,-0.26756460680922756,0.02870657268365863
common10,decision_tree,0.009561824798583984,0.0007854440682342858,0.008011388778686523,0.00016520142916096503,entropy,7,log2,random,"{'model__criterion': 'entropy', 'model__max_depth': 7, 'model__max_features': 'log2', 'model__splitter': 'random'}",0.8374756335282652,0.7549781447304518,0.7593491986401165,0.7604419621175327,0.8218433407462319,0.7868176559525197,0.03537506787157783,24,0.8771721236509968,0.9020518688024409,0.9026163234172387,0.9041647597254004,0.9001974633553582,0.897240507790287,0.010114123604950597,0.798986819643785,0.7311251175005193,0.7294928464003977,0.7335016933219498,0.7961608862776847,0.7578534726288673,0.03246890641971823,24,0.8749168916059404,0.8978240753604476,0.8973354476624857,0.9008748098611978,0.895882336400175,0.8933667121780493,0.009367120401434822,0.8008040935672515,0.6992472073822245,0.7501214181641573,0.6968188440990772,0.7804546577711885,0.7454892441967799,0.041978336216197516,6,0.7815834400341443,0.8130053394355454,0.8147597254004577,0.8214340198321892,0.8056277056277057,0.8072820460660084,0.01379931397547048,0.8299319727891157,0.7397260273972602,0.7947019867549668,0.7672955974842768,0.8187919463087249,0.7900895061468688,0.0331317656053052,3,0.82,0.8466666666666667,0.848585690515807,0.8603896103896104,0.8358714043993232,0.8423026743942815,0.013597268054438755,0.8472222222222222,0.7605633802816901,0.8450704225352113,0.8591549295774648,0.8591549295774648,0.8342331768388107,0.03729768796629955,5,0.8661971830985915,0.8912280701754386,0.8947368421052632,0.9298245614035088,0.8666666666666667,0.8897306646898937,0.023326368554954745,-0.15579600856249792,-0.20628239016517685,-0.1989395698792113,-0.2050953027018476,-0.17059423761636322,-0.18734150178501938,0.02041596866635707,19,-0.1383903885105001,-0.12197411865373031,-0.12164458802193874,-0.11889083488189145,-0.12361443994185892,-0.1249028740019839,0.006912477989027231,-2.2700317858603305,-2.9258059670390284,-3.1695753653893077,-3.4379809878835643,-1.3097646737623925,-2.6226317559869248,0.7620765051606885,26,-0.42171144979901437,-0.37406490583675855,-0.37670949723749986,-0.3674414980854011,-0.37839005865759645,-0.38366348192325406,0.01938607839635019
common10,decision_tree,0.010416460037231446,0.000690731507684863,0.008040428161621094,0.0001539357822958485,entropy,,,best,"{'model__criterion': 'entropy', 'model__max_depth': None, 'model__max_features': None, 'model__splitter': 'best'}",0.7119883040935672,0.7228023312287518,0.7595920349684313,0.7219524040796502,0.6803805287867557,0.7193431206314311,0.025341375230785522,41,1.0,1.0,1.0,1.0,1.0,1.0,0.0,0.6993221735385537,0.7045025069918618,0.7357597477248351,0.6974503077214818,0.6656134725016767,0.7005296416956817,0.02230257015568613,41,1.0,1.0,1.0,1.0,1.0,1.0,0.0,0.7119883040935673,0.7228023312287518,0.7595920349684313,0.7219524040796503,0.6803805287867557,0.7193431206314312,0.02534137523078552,35,1.0,1.0,1.0,1.0,1.0,1.0,0.0,0.7375886524822695,0.7352941176470589,0.7769784172661871,0.7619047619047619,0.7483870967741936,0.7520306092148942,0.015632322060907932,31,1.0,1.0,1.0,1.0,1.0,1.0,0.0,0.7222222222222222,0.704225352112676,0.7605633802816901,0.7887323943661971,0.8169014084507042,0.7585289514866979,0.04145066969101958,30,1.0,1.0,1.0,1.0,1.0,1.0,0.0,-0.2868217054263566,-0.27906976744186046,-0.24031007751937986,-0.2713178294573643,-0.3046875,-0.2764413759689922,0.02118596073188527,41,-0.0,-0.0,-0.0,-0.0,-0.0,0.0,0.0,-10.338102134863059,-10.05869396905595,-8.661653140020402,-9.779285803248841,-10.982050641996633,-9.963957137836976,0.7636194253355193,41,-2.2204460492503136e-16,-2.2204460492503136e-16,-2.2204460492503136e-16,-2.2204460492503136e-16,-2.2204460492503136e-16,-2.2204460492503136e-16,0.0
common10,decision_tree,0.009880828857421874,0.0008016223250306496,0.008005523681640625,0.00011059832632325406,entropy,,,random,"{'model__criterion': 'entropy', 'model__max_depth': None, 'model__max_features': None, 'model__splitter': 'random'}",0.6823830409356726,0.7000971345313258,0.7110247693054882,0.713331714424478,0.7031134173461823,0.7019900153086294,0.010950245590442657,46,1.0,1.0,1.0,1.0,1.0,1.0,0.0,0.676014308303444,0.6853368271645376,0.6913512080233337,0.6899026293064944,0.6856004447739066,0.6856410835143433,0.00535789732715326,46,1.0,1.0,1.0,1.0,1.0,1.0,0.0,0.6823830409356726,0.7000971345313258,0.7110247693054881,0.713331714424478,0.7031134173461824,0.7019900153086294,0.010950245590442642,46,1.0,1.0,1.0,1.0,1.0,1.0,0.0,0.7050359712230215,0.7111111111111111,0.7375886524822695,0.7567567567567568,0.7482993197278912,0.73175836226021,0.020361288997430577,46,1.0,1.0,1.0,1.0,1.0,1.0,0.0,0.6805555555555556,0.676056338028169,0.7323943661971831,0.7887323943661971,0.7746478873239436,0.7304773082942096,0.04648051982772265,42,1.0,1.0,1.0,1.0,1.0,1.0,0.0,-0.3178294573643411,-0.3023255813953488,-0.2868217054263566,-0.27906976744186046,-0.2890625,-0.2950218023255814,0.013643728283448325,46,-0.0,-0.0,-0.0,-0.0,-0.0,0.0,0.0,-11.455734798091498,-10.89691846647728,-10.338102134863059,-10.05869396905595,-10.418868557791676,-10.633663585255892,0.49176981318390595,46,-2.2204460492503136e-16,-2.2204460492503136e-16,-2.2204460492503136e-16,-2.2204460492503136e-16,-2.2204460492503136e-16,-2.2204460492503136e-16,0.0
common10,decision_tree,0.009728717803955077,0.0006522983380619422,0.0079986572265625,0.00015404145980526737,entropy,,sqrt,best,"{'model__criterion': 'entropy', 'model__max_depth': None, 'model__max_features': 'sqrt', 'model__splitter': 'best'}",0.6684941520467836,0.7118746964545896,0.7368868382710054,0.6381738708110734,0.6503582900914258,0.6811575695349755,0.03743220376295688,47,1.0,1.0,1.0,1.0,1.0,1.0,0.0,0.6658069966209501,0.6989309394667836,0.7157122999480163,0.633787860432212,0.6464086315840246,0.6721293456103974,0.03094962376016058,47,1.0,1.0,1.0,1.0,1.0,1.0,0.0,0.6684941520467836,0.7118746964545897,0.7368868382710054,0.6381738708110734,0.6503582900914258,0.6811575695349755,0.0374322037629569,47,1.0,1.0,1.0,1.0,1.0,1.0,0.0,0.6861313868613139,0.7076923076923077,0.7536231884057971,0.6805555555555556,0.6944444444444444,0.7044893765918838,0.026211197871110235,47,1.0,1.0,1.0,1.0,1.0,1.0,0.0,0.6527777777777778,0.647887323943662,0.7323943661971831,0.6901408450704225,0.704225352112676,0.6854851330203442,0.031801616178713216,47,1.0,1.0,1.0,1.0,1.0,1.0,0.0,-0.3333333333333333,-0.29457364341085274,-0.26356589147286824,-0.35658914728682173,-0.34375,-0.3183624031007752,0.03434677735562192,47,-0.0,-0.0,-0.0,-0.0,-0.0,0.0,0.0,-12.014551129705717,-10.617510300670169,-9.49987763744173,-12.852775627127047,-12.39000585250902,-11.474944109490735,1.237983338039215,47,-2.2204460492503136e-16,-2.2204460492503136e-16,-2.2204460492503136e-16,-2.2204460492503136e-16,-2.2204460492503136e-16,-2.2204460492503136e-16,0.0
common10,decision_tree,0.009804916381835938,0.0008216386925880818,0.007973003387451171,0.00021013729361678878,entropy,,sqrt,random,"{'model__criterion': 'entropy', 'model__max_depth': None, 'model__max_features': 'sqrt', 'model__splitter': 'random'}",0.7715643274853802,0.7157600777076251,0.7407722195240407,0.761898980087421,0.6609834445268099,0.7301958098662553,0.03956525640549274,39,1.0,1.0,1.0,1.0,1.0,1.0,0.0,0.7568788355943152,0.698931720165957,0.7157759216799504,0.7325122830003276,0.652691266268497,0.7113580053418094,0.03502960539791926,39,1.0,1.0,1.0,1.0,1.0,1.0,0.0,0.7715643274853801,0.7157600777076251,0.7407722195240407,0.7618989800874211,0.6609834445268099,0.7301958098662553,0.03956525640549273,27,1.0,1.0,1.0,1.0,1.0,1.0,0.0,0.7794117647058824,0.725925925925926,0.7692307692307693,0.7945205479452054,0.72,0.7578178015615566,0.029634184699118164,29,1.0,1.0,1.0,1.0,1.0,1.0,0.0,0.7361111111111112,0.6901408450704225,0.7746478873239436,0.8169014084507042,0.7605633802816901,0.7556729264475743,0.04197620992002613,35,1.0,1.0,1.0,1.0,1.0,1.0,0.0,-0.23255813953488372,-0.2868217054263566,-0.2558139534883721,-0.23255813953488372,-0.328125,-0.26717538759689924,0.036405007809698124,39,-0.0,-0.0,-0.0,-0.0,-0.0,0.0,0.0,-8.38224497421329,-10.338102134863059,-9.220469471634619,-8.382244974213291,-11.826823768304065,-9.629977064645665,1.3121694831208621,39,-2.2204460492503136e-16,-2.2204460492503136e-16,-2.2204460492503136e-16,-2.2204460492503136e-16,-2.2204460492503136e-16,-2.2204460492503136e-16,0.0
common10,decision_tree,0.009778738021850586,0.0006540872303098153,0.008017492294311524,0.00019451551279692542,entropy,,log2,best,"{'model__criterion': 'entropy', 'model__max_depth': None, 'model__max_features': 'log2', 'model__splitter': 'best'}",0.6684941520467836,0.7118746964545896,0.7368868382710054,0.6381738708110734,0.6503582900914258,0.6811575695349755,0.03743220376295688,47,1.0,1.0,1.0,1.0,1.0,1.0,0.0,0.6658069966209501,0.6989309394667836,0.7157122999480163,0.633787860432212,0.6464086315840246,0.6721293456103974,0.03094962376016058,47,1.0,1.0,1.0,1.0,1.0,1.0,0.0,0.6684941520467836,0.7118746964545897,0.7368868382710054,0.6381738708110734,0.6503582900914258,0.6811575695349755,0.0374322037629569,47,1.0,1.0,1.0,1.0,1.0,1.0,0.0,0.6861313868613139,0.7076923076923077,0.7536231884057971,0.6805555555555556,0.6944444444444444,0.7044893765918838,0.026211197871110235,47,1.0,1.0,1.0,1.0,1.0,1.0,0.0,0.6527777777777778,0.647887323943662,0.7323943661971831,0.6901408450704225,0.704225352112676,0.6854851330203442,0.031801616178713216,47,1.0,1.0,1.0,1.0,1.0,1.0,0.0,-0.3333333333333333,-0.29457364341085274,-0.26356589147286824,-0.35658914728682173,-0.34375,-0.3183624031007752,0.03434677735562192,47,-0.0,-0.0,-0.0,-0.0,-0.0,0.0,0.0,-12.014551129705717,-10.617510300670169,-9.49987763744173,-12.852775627127047,-12.39000585250902,-11.474944109490735,1.237983338039215,47,-2.2204460492503136e-16,-2.2204460492503136e-16,-2.2204460492503136e-16,-2.2204460492503136e-16,-2.2204460492503136e-16,-2.2204460492503136e-16,0.0
common10,decision_tree,0.009711694717407227,0.0007345016914806442,0.007995843887329102,0.0001738368049608253,entropy,,log2,random,"{'model__criterion': 'entropy', 'model__max_depth': None, 'model__max_features': 'log2', 'model__splitter': 'random'}",0.7715643274853802,0.7157600777076251,0.7407722195240407,0.761898980087421,0.6609834445268099,0.7301958098662553,0.03956525640549274,39,1.0,1.0,1.0,1.0,1.0,1.0,0.0,0.7568788355943152,0.698931720165957,0.7157759216799504,0.7325122830003276,0.652691266268497,0.7113580053418094,0.03502960539791926,39,1.0,1.0,1.0,1.0,1.0,1.0,0.0,0.7715643274853801,0.7157600777076251,0.7407722195240407,0.7618989800874211,0.6609834445268099,0.7301958098662553,0.03956525640549273,27,1.0,1.0,1.0,1.0,1.0,1.0,0.0,0.7794117647058824,0.725925925925926,0.7692307692307693,0.7945205479452054,0.72,0.7578178015615566,0.029634184699118164,29,1.0,1.0,1.0,1.0,1.0,1.0,0.0,0.7361111111111112,0.6901408450704225,0.7746478873239436,0.8169014084507042,0.7605633802816901,0.7556729264475743,0.04197620992002613,35,1.0,1.0,1.0,1.0,1.0,1.0,0.0,-0.23255813953488372,-0.2868217054263566,-0.2558139534883721,-0.23255813953488372,-0.328125,-0.26717538759689924,0.036405007809698124,39,-0.0,-0.0,-0.0,-0.0,-0.0,0.0,0.0,-8.38224497421329,-10.338102134863059,-9.220469471634619,-8.382244974213291,-11.826823768304065,-9.629977064645665,1.3121694831208621,39,-2.2204460492503136e-16,-2.2204460492503136e-16,-2.2204460492503136e-16,-2.2204460492503136e-16,-2.2204460492503136e-16,-2.2204460492503136e-16,0.0
