feature_set,model,mean_fit_time,std_fit_time,mean_score_time,std_score_time,param_model__criterion,param_model__max_depth,param_model__max_features,param_model__n_estimators,params,split0_test_roc_auc,split1_test_roc_auc,split2_test_roc_auc,split3_test_roc_auc,split4_test_roc_auc,mean_test_roc_auc,std_test_roc_auc,rank_test_roc_auc,split0_train_roc_auc,split1_train_roc_auc,split2_train_roc_auc,split3_train_roc_auc,split4_train_roc_auc,mean_train_roc_auc,std_train_roc_auc,split0_test_average_precision,split1_test_average_precision,split2_test_average_precision,split3_test_average_precision,split4_test_average_precision,mean_test_average_precision,std_test_average_precision,rank_test_average_precision,split0_train_average_precision,split1_train_average_precision,split2_train_average_precision,split3_train_average_precision,split4_train_average_precision,mean_train_average_precision,std_train_average_precision,split0_test_balanced_accuracy,split1_test_balanced_accuracy,split2_test_balanced_accuracy,split3_test_balanced_accuracy,split4_test_balanced_accuracy,mean_test_balanced_accuracy,std_test_balanced_accuracy,rank_test_balanced_accuracy,split0_train_balanced_accuracy,split1_train_balanced_accuracy,split2_train_balanced_accuracy,split3_train_balanced_accuracy,split4_train_balanced_accuracy,mean_train_balanced_accuracy,std_train_balanced_accuracy,split0_test_f1,split1_test_f1,split2_test_f1,split3_test_f1,split4_test_f1,mean_test_f1,std_test_f1,rank_test_f1,split0_train_f1,split1_train_f1,split2_train_f1,split3_train_f1,split4_train_f1,mean_train_f1,std_train_f1,split0_test_sensitivity,split1_test_sensitivity,split2_test_sensitivity,split3_test_sensitivity,split4_test_sensitivity,mean_test_sensitivity,std_test_sensitivity,rank_test_sensitivity,split0_train_sensitivity,split1_train_sensitivity,split2_train_sensitivity,split3_train_sensitivity,split4_train_sensitivity,mean_train_sensitivity,std_train_sensitivity,split0_test_neg_brier,split1_test_neg_brier,split2_test_neg_brier,split3_test_neg_brier,split4_test_neg_brier,mean_test_neg_brier,std_test_neg_brier,rank_test_neg_brier,split0_train_neg_brier,split1_train_neg_brier,split2_train_neg_brier,split3_train_neg_brier,split4_train_neg_brier,mean_train_neg_brier,std_train_neg_brier,split0_test_neg_log_loss,split1_test_neg_log_loss,split2_test_neg_log_loss,split3_test_neg_log_loss,split4_test_neg_log_loss,mean_test_neg_log_loss,std_test_neg_log_loss,rank_test_neg_log_loss,split0_train_neg_log_loss,split1_train_neg_log_loss,split2_train_neg_log_loss,split3_train_neg_log_loss,split4_train_neg_log_loss,mean_train_neg_log_loss,std_train_neg_log_loss
full13,random_forest,0.07306265830993652,0.0009204727210164379,0.03647990226745605,0.0017474606153730732,gini,4,sqrt,100,"{'model__criterion': 'gini', 'model__max_depth': 4, 'model__max_features': 'sqrt', 'model__n_estimators': 100}",0.9329922027290449,0.8875667799902865,0.8839242350655658,0.8946090335114133,0.8408697800840129,0.8879924062760647,0.029346326893668073,3,0.9256600207304434,0.9333638443935928,0.9370251716247139,0.9268344774980931,0.9388167388167388,0.9323400506127163,0.0052892369438978055,0.9284981853626766,0.9057960289677572,0.9116487829288608,0.9186440430820473,0.8230912606948877,0.897535660207246,0.03798321822952994,1,0.937248974930073,0.9382733365637066,0.9430348684438605,0.9333624208423192,0.9506540890740327,0.9405147379707983,0.005932996329143188,0.8428362573099415,0.8292860611947548,0.7979601748421564,0.7751335599805731,0.7874969112923152,0.8065425929239483,0.02552417937145292,10,0.8484238765928906,0.8631578947368421,0.8587337909992372,0.8504576659038902,0.8502620186830714,0.8542070493831864,0.005721455294339598,0.8611111111111112,0.8428571428571429,0.8142857142857143,0.8301886792452831,0.8266666666666667,0.8350218628331835,0.015907214161626455,10,0.8689655172413793,0.8873949579831932,0.8809523809523809,0.8745762711864407,0.867595818815331,0.8758969892357451,0.007435849665628249,0.8611111111111112,0.8309859154929577,0.8028169014084507,0.9295774647887324,0.8732394366197183,0.8595461658841941,0.042727590368812865,9,0.8873239436619719,0.9263157894736842,0.9087719298245615,0.9052631578947369,0.8736842105263158,0.900271806276254,0.018165913938716676,-0.1256787147089007,-0.13985284095575695,-0.14184546631208506,-0.14163209717076666,-0.1600244110985695,-0.14180670604921577,0.010916468855452971,15,-0.12008215182393958,-0.11177312683982531,-0.11274765870093274,-0.11898558682533866,-0.11205886319937938,-0.11512947747788313,0.0036267171055045172,-0.4142900266879708,-0.4363504140963259,-0.4449033211124442,-0.4398064971972881,-0.4988738954809964,-0.4468448309150051,0.0280366874793446,16,-0.3947130441497099,-0.3731221713574812,-0.37671819938131895,-0.39268245103307403,-0.37206475144794654,-0.38186012347390613,0.009808780223720425
full13,random_forest,0.16456980705261232,0.0019737296990019132,0.06326918601989746,0.000838169396054587,gini,4,sqrt,300,"{'model__criterion': 'gini', 'model__max_depth': 4, 'model__max_features': 'sqrt', 'model__n_estimators': 300}",0.9286062378167641,0.8827100534239922,0.8890237979601748,0.8946090335114133,0.8391401037805782,0.8868178452985844,0.028642205154314263,8,0.9261020669471374,0.934553775743707,0.936414950419527,0.9259954233409611,0.9383914331282752,0.9322915299159217,0.005239839346395665,0.9258292597975697,0.901299238774534,0.9137241727485427,0.9168048330939129,0.8202337473528283,0.8955782503534776,0.03848243684518832,3,0.93788607395531,0.9407360492570371,0.9427054851002825,0.9329026250223271,0.9502648288103888,0.940899012429069,0.00572762475728351,0.8516081871345029,0.8050024283632832,0.8050024283632832,0.7751335599805731,0.805040770941438,0.808357474956616,0.024527396237843554,9,0.8480199378086702,0.854881769641495,0.8522120518688024,0.8469488939740656,0.8520164046479836,0.8508158115882034,0.00292208444549765,0.8671328671328671,0.8226950354609929,0.8226950354609929,0.8301886792452831,0.8378378378378378,0.8361098910275947,0.016494776720670654,8,0.8694158075601375,0.88107202680067,0.8764805414551607,0.8707482993197279,0.8695652173913043,0.8734563785054001,0.0046031446155725955,0.8611111111111112,0.8169014084507042,0.8169014084507042,0.9295774647887324,0.8732394366197183,0.8595461658841941,0.041788726270080956,9,0.8908450704225352,0.9228070175438596,0.9087719298245615,0.8982456140350877,0.8771929824561403,0.899572522856437,0.015512857721772294,-0.1276064502254116,-0.14126572055277573,-0.13920999679601995,-0.14184955387523918,-0.15979110391890627,-0.14194456507367054,0.010315311016473337,16,-0.12013905471829942,-0.11141715155587135,-0.11329900523823953,-0.11835635248118401,-0.11184028320413701,-0.11501036943954626,0.003560574227071619,-0.41834799752040913,-0.4401054040236612,-0.4388491496217415,-0.4411852650370283,-0.4991380120917651,-0.4475251656589211,0.027150372057783242,20,-0.3950265603277816,-0.3715630558510759,-0.37777024762313705,-0.3907841579436185,-0.37123892934404723,-0.38127659021793203,0.009867698274547696
full13,random_forest,0.35201501846313477,0.004336329706603303,0.08678584098815918,0.0011911246315648256,gini,4,sqrt,700,"{'model__criterion': 'gini', 'model__max_depth': 4, 'model__max_features': 'sqrt', 'model__n_estimators': 700}",0.9332358674463939,0.8834385624089364,0.8909664885866926,0.8929091792132103,0.8421052631578947,0.8885310721626256,0.028999679974799023,1,0.9256905066764222,0.9351182303585049,0.9358504958047291,0.926605644546148,0.9382851067061594,0.9323099968183927,0.0051474368659451455,0.9293223281488163,0.8987201454260274,0.9157104093583469,0.9156448669073985,0.8213875710602541,0.8961570641801687,0.03862405722806531,2,0.9375342815547227,0.9417441852708005,0.9422618055160451,0.9338303590530138,0.9500769232639995,0.9410895109317163,0.005438959375363749,0.8603801169590644,0.8120446818844099,0.8136231180184555,0.7751335599805731,0.7962688411168767,0.811490063591876,0.0281018711453732,4,0.846663313212609,0.8588100686498856,0.8517925247902365,0.8487032799389779,0.8494417862838916,0.85108219457512,0.004197649185767465,0.8732394366197183,0.8309859154929577,0.8285714285714286,0.8301886792452831,0.8322147651006712,0.8390400450060118,0.01714053931842039,5,0.8670120898100173,0.8844221105527639,0.8768971332209107,0.8726655348047538,0.8685121107266436,0.8739017958230179,0.006287991155036087,0.8611111111111112,0.8309859154929577,0.8169014084507042,0.9295774647887324,0.8732394366197183,0.8623630672926448,0.039214604714323066,6,0.8838028169014085,0.9263157894736842,0.9122807017543859,0.9017543859649123,0.8807017543859649,0.9009710896960712,0.01718412191202782,-0.12710357945519574,-0.14084105296407626,-0.13823986916075787,-0.14216643463583856,-0.1586928137886861,-0.1414087500009109,0.010142139193213669,11,-0.12028585071645603,-0.11152654018332227,-0.11312571446732597,-0.11788414337511467,-0.11168164293552119,-0.11490077833554802,0.00354397062840075,-0.41787327774572636,-0.43954557475125683,-0.43667041968287884,-0.4418288724975002,-0.4969352979790314,-0.44657068853127874,0.026570613981654417,15,-0.3954296470074428,-0.3719606534035019,-0.3774587582298609,-0.38958242869848936,-0.37105381894648115,-0.3810970612571552,0.009746818849259813
full13,random_forest,0.07040395736694335,0.0017422005293691784,0.035753059387207034,0.0015222356590351438,gini,4,log2,100,"{'model__criterion': 'gini', 'model__max_depth': 4, 'model__max_features': 'log2', 'model__n_estimators': 100}",0.9286062378167641,0.8887809616318602,0.8824672170956774,0.8919378338999515,0.8374104274771436,0.8858405355842794,0.02909152140546639,12,0.9224589964026584,0.9349656750572082,0.9322654462242562,0.9227154843630816,0.9360826308194728,0.9296976465733355,0.005937379698172017,0.9042275875771433,0.9080258088818212,0.9074176826952663,0.9151556996931117,0.8206345322734472,0.8910922622241578,0.03540943902612425,12,0.933195174710991,0.9407921057110676,0.9362856362226295,0.9291708959453129,0.9480953840155846,0.9375078393211173,0.0065188954537138835,0.8534356725146199,0.822243807673628,0.8065808644973288,0.7751335599805731,0.7874969112923152,0.808978163191693,0.027441194760548956,8,0.8384092433388208,0.8605644546147979,0.8487032799389779,0.8386727688787186,0.8547049441786284,0.8482109381899887,0.0087415533860085,0.8652482269503546,0.8345323741007195,0.8201438848920863,0.8301886792452831,0.8266666666666667,0.8353559663710222,0.01567059510857288,9,0.8605851979345955,0.8862876254180602,0.8726655348047538,0.864406779661017,0.8743545611015491,0.871659939783995,0.008916273113809678,0.8472222222222222,0.8169014084507042,0.8028169014084507,0.9295774647887324,0.8732394366197183,0.8539514866979656,0.04499789036302154,15,0.8802816901408451,0.9298245614035088,0.9017543859649123,0.8947368421052632,0.8912280701754386,0.8995651099579935,0.016643893858445325,-0.12961418973389813,-0.1403555860927671,-0.1427103926665496,-0.14333495129841087,-0.1609040158575518,-0.1433838271298355,0.010061670573738912,26,-0.12362969581316316,-0.11472077872516226,-0.11601095428992313,-0.12237237904039588,-0.11446341624015773,-0.11823944482176044,0.003943133880679285,-0.42583692318294875,-0.44028917698088904,-0.4485576551140882,-0.4460995905773044,-0.5023761464447999,-0.45263189846000607,0.02609242873439725,34,-0.40510682634138406,-0.38342477512551076,-0.3852344987707659,-0.4021838112538454,-0.379783799284937,-0.3911467421552886,0.010396159984252577
full13,random_forest,0.16816844940185546,0.005129501053002588,0.06573314666748047,0.0032916653981731473,gini,4,log2,300,"{'model__criterion': 'gini', 'model__max_depth': 4, 'model__max_features': 'log2', 'model__n_estimators': 300}",0.9278752436647173,0.8868382710053424,0.8882952889752307,0.8912093249150073,0.8361749444032617,0.8860786145927119,0.029220367594384924,11,0.9239680507286141,0.9345842868039664,0.9322044241037376,0.9235545385202135,0.9370243791296422,0.9302671358572348,0.005527904687239,0.9199164780303983,0.9053295370972215,0.9116618453536283,0.9152674085947736,0.8138704924674134,0.8932091523086871,0.03995466548735091,7,0.9348924318190613,0.9402975727287401,0.937977495826976,0.9305770309599926,0.9484834307843634,0.9384455924238267,0.005982413463133825,0.8585526315789473,0.8292860611947548,0.8050024283632832,0.7665128703254007,0.7962688411168767,0.8111245665158526,0.03107293946275133,5,0.8423343088836046,0.8570556826849733,0.8496186117467581,0.8426010678871091,0.8441786283891548,0.8471576599183199,0.005602303340338256,0.875,0.8428571428571429,0.8226950354609929,0.825,0.8322147651006712,0.8395533886837614,0.01906429981458109,4,0.8640275387263339,0.8825503355704698,0.8754208754208754,0.8677966101694915,0.8626086956521739,0.8704808111078689,0.007495298753560438,0.875,0.8309859154929577,0.8169014084507042,0.9295774647887324,0.8732394366197183,0.8651408450704225,0.03951827562422027,5,0.8838028169014085,0.9228070175438596,0.9122807017543859,0.8982456140350877,0.8701754385964913,0.8974623177662465,0.018940473080593326,-0.13080572891709016,-0.1398342769258452,-0.1398352887773819,-0.14295078407306122,-0.16137385716718644,-0.14295998717211297,0.01006310579517027,23,-0.1233578247007615,-0.11422693400234439,-0.11649453798331123,-0.12141291344704172,-0.11435794035067699,-0.11797003009682719,0.0037447780746311687,-0.42837701239004516,-0.4386033998789737,-0.4414781274891285,-0.44472090452259305,-0.5044190508554154,-0.45151969902723116,0.02701041620555823,30,-0.40486285559019075,-0.3815475975735702,-0.38736549182491287,-0.39929712428257536,-0.37985562898025027,-0.39058573965029997,0.009868308315208893
full13,random_forest,0.35255632400512693,0.003387706662114285,0.09103727340698242,0.005684008019235654,gini,4,log2,700,"{'model__criterion': 'gini', 'model__max_depth': 4, 'model__max_features': 'log2', 'model__n_estimators': 700}",0.9310428849902534,0.8856240893637688,0.8907236522583779,0.8953375424963574,0.83765752409192,0.8880771386401356,0.029846031025423027,2,0.9235717334308885,0.9342028985507247,0.9323874904652937,0.9250495804729214,0.9366446419077998,0.9303712689655257,0.0051508405990919005,0.9254655622577747,0.9042237820696652,0.9141479394460668,0.9181959022209594,0.8109831461244168,0.8946032664237766,0.04236972233027768,5,0.9350586381311734,0.9401420069431703,0.93900578113567,0.9328691173044092,0.9482232954189634,0.9390597677866772,0.0052816207120876014,0.8585526315789473,0.8292860611947548,0.8206653715395823,0.7751335599805731,0.805040770941438,0.817735679047059,0.027510431769109646,1,0.8401698067191026,0.8570556826849733,0.8456903127383677,0.8412662090007628,0.8494417862838916,0.8467247594854197,0.006130961882337441,0.875,0.8428571428571429,0.8368794326241135,0.8301886792452831,0.8378378378378378,0.8445526185128754,0.01574932690372585,2,0.8625429553264605,0.8825503355704698,0.8720538720538721,0.8654173764906303,0.8685121107266436,0.8702153300336153,0.006932809621066378,0.875,0.8309859154929577,0.8309859154929577,0.9295774647887324,0.8732394366197183,0.8679577464788732,0.03635467464546564,3,0.8838028169014085,0.9228070175438596,0.9087719298245615,0.8912280701754386,0.8807017543859649,0.8974623177662465,0.015978894977133857,-0.13054844471989044,-0.14011080728289343,-0.1399100041130816,-0.14193726019640762,-0.16087697254567787,-0.1426766977715902,0.00993105915465178,20,-0.12358389205454741,-0.1142010121345925,-0.11667624585930376,-0.1212812947766063,-0.11453392789665988,-0.11805527454434198,0.003745123740642943,-0.4276380660006038,-0.4393029746169641,-0.441883512418624,-0.44320409652066245,-0.5037680114710743,-0.4511593322055857,0.026873120104434493,27,-0.4050963484045776,-0.3814227763950581,-0.38798688805139137,-0.399429558418691,-0.380249501748732,-0.39083701460368997,0.009859076432655647
full13,random_forest,0.07122197151184081,0.0023126810141739303,0.037190485000610354,0.0011957706881831898,gini,8,sqrt,100,"{'model__criterion': 'gini', 'model__max_depth': 8, 'model__max_features': 'sqrt', 'model__n_estimators': 100}",0.9110623781676415,0.8868382710053424,0.8754249635745507,0.8919378338999515,0.8349394613293799,0.8800405815953731,0.02532003173475945,22,0.9972715078348882,0.9971319603356217,0.9974828375286041,0.9956979405034325,0.9970532391585023,0.9969274970722097,0.0006318499950969971,0.9172075977002024,0.9066282936711534,0.9014908905318809,0.9139173983873123,0.8026759605866092,0.8883840281754317,0.04320478461616422,21,0.9979017741818736,0.9978145917160696,0.9980380537947687,0.9965689763780402,0.9976798568776093,0.9976006505896724,0.0005288464998784555,0.827485380116959,0.8050024283632832,0.7822972316658572,0.7853326857697911,0.7716827279466272,0.7943600907725035,0.019757598736669678,25,0.9703600390220108,0.9746758199847445,0.9681540808543097,0.9633867276887872,0.9668945089997721,0.9686942353099249,0.0037484577096466762,0.8296296296296296,0.8226950354609929,0.8,0.8333333333333334,0.8133333333333334,0.8197982663514578,0.012016752663155716,31,0.9736379613356766,0.9771528998242531,0.972027972027972,0.96875,0.9701230228471002,0.9723383712070003,0.0029240090367227576,0.7777777777777778,0.8169014084507042,0.7887323943661971,0.9154929577464789,0.8591549295774648,0.8316118935837246,0.050493194803718666,29,0.9753521126760564,0.9754385964912281,0.9754385964912281,0.9789473684210527,0.968421052631579,0.9747195453422288,0.0034345220614672178,-0.12861526019006084,-0.13759236140232436,-0.14216983472507386,-0.13848931327405492,-0.15920232952816793,-0.14121381982393638,0.010037549977544913,10,-0.046564634372506984,-0.041262939354443626,-0.044283910149855166,-0.04864046519408854,-0.0436874270026891,-0.04488787521471668,0.00252346834840236,-0.4063946184664623,-0.4298199658079437,-0.4457058094131121,-0.422322577918174,-0.5055793118812613,-0.4419644566973907,0.03423259549880488,10,-0.19870977999403144,-0.17830376294999625,-0.18646586531743564,-0.20154240449907465,-0.18451211394633016,-0.18990678534137365,0.008814225850569334
full13,random_forest,0.16541476249694825,0.001169408919235494,0.06417636871337891,0.0006256884396770008,gini,8,sqrt,300,"{'model__criterion': 'gini', 'model__max_depth': 8, 'model__max_features': 'sqrt', 'model__n_estimators': 300}",0.9198343079922028,0.8875667799902865,0.8800388538125304,0.889752306945119,0.8334568816407215,0.8821298260761721,0.02786653306043552,20,0.9973477226998354,0.9974218154080854,0.9976353928299009,0.9969488939740655,0.9979190400243032,0.997454572987238,0.0003214426080325483,0.9280109818633753,0.9069216188132315,0.8997141615617987,0.9116179599482976,0.7957582734464299,0.8884045991266266,0.047247547146316834,20,0.997925222349711,0.997990395912703,0.9981256847262845,0.9975481225600104,0.9983648358088487,0.9979908522715114,0.00026771648040572815,0.8344298245614035,0.8120446818844099,0.7963817387081107,0.7837542496357455,0.7575982209043737,0.7968417431388086,0.025905757426362568,21,0.9681955368575087,0.9681540808543097,0.9716628527841342,0.9621281464530893,0.9725677830940989,0.9685416800086282,0.00367027754816758,0.8382352941176471,0.8309859154929577,0.8169014084507042,0.8354430379746836,0.7972972972972973,0.823772590666658,0.01513641629031734,19,0.9719298245614035,0.972027972027972,0.975609756097561,0.9690721649484536,0.9754385964912281,0.9728156628253236,0.0024538003507166097,0.7916666666666666,0.8309859154929577,0.8169014084507042,0.9295774647887324,0.8309859154929577,0.8400234741784038,0.04702400009455564,19,0.9753521126760564,0.9754385964912281,0.9824561403508771,0.9894736842105263,0.9754385964912281,0.9796318260439832,0.005627099042140374,-0.12562381589913219,-0.13772545504318998,-0.13834779504834474,-0.13979444446371592,-0.15956667242215888,-0.14021163657530833,0.010929327315250445,9,-0.04620236890922665,-0.04152144065698098,-0.043834695361908836,-0.04701058146656706,-0.04244125731578873,-0.04420206874209445,0.002112350893783064,-0.39897441610415757,-0.42775951832480813,-0.435046674106581,-0.4259369760916464,-0.5087208079331706,-0.4392876785120727,0.0368109886799194,8,-0.19803299522923795,-0.17968202789443244,-0.18729146333115043,-0.197734254395711,-0.1829815539946629,-0.18914445896903892,0.007533170046133968
full13,random_forest,0.3554936408996582,0.006513499341270495,0.09243197441101074,0.004489182949547304,gini,8,sqrt,700,"{'model__criterion': 'gini', 'model__max_depth': 8, 'model__max_features': 'sqrt', 'model__n_estimators': 700}",0.9205653021442495,0.88465274405051,0.8807673627974745,0.8897523069451191,0.8329626884111687,0.8817400808697045,0.02814340908990174,21,0.9973782086458143,0.9974523264683448,0.9975896262395119,0.9966742944317315,0.9983747246905141,0.9974938360951834,0.0005425646069244881,0.9275568085795236,0.9029163964156613,0.8981731170582412,0.9116081135866259,0.8050536589293088,0.889061618913872,0.04317993897228182,19,0.9979531907633021,0.9980140605265971,0.9980737772677002,0.9973198820894729,0.9987126973970925,0.998014721608833,0.0004420964174219765,0.8464912280701755,0.8050024283632832,0.7963817387081107,0.7837542496357455,0.7575982209043737,0.7978455731363376,0.02911418173879136,17,0.9681955368575087,0.9681540808543097,0.96906941266209,0.9643020594965674,0.9768967874231032,0.9693235754587157,0.004129744531042749,0.8571428571428571,0.8226950354609929,0.8169014084507042,0.8354430379746836,0.7972972972972973,0.825895927265307,0.01988238749630405,17,0.9719298245614035,0.972027972027972,0.9740034662045061,0.9707401032702238,0.9788732394366197,0.973514921100145,0.0028765748481001468,0.8333333333333334,0.8169014084507042,0.8169014084507042,0.9295774647887324,0.8309859154929577,0.8455399061032864,0.04257571473710659,17,0.9753521126760564,0.9754385964912281,0.9859649122807017,0.9894736842105263,0.9754385964912281,0.9803335804299481,0.006131723282027137,-0.12431545297792922,-0.1377421263321366,-0.1386682221935688,-0.1403422048116452,-0.15959577494606383,-0.1401327562522687,0.011286275024742195,8,-0.04615068192187345,-0.041633215395037,-0.04412702920543017,-0.04697379256906943,-0.041684582839796834,-0.04411386038624137,0.0022083032602537205,-0.39671267934009524,-0.42793321000417656,-0.4370442428477506,-0.4276585219308955,-0.512051331965641,-0.4402799972177117,0.03839648571888671,9,-0.19780247767929748,-0.1800651975255184,-0.18874673798822064,-0.1976698786314054,-0.18141963829292776,-0.18914078602347392,0.007614565329294413
full13,random_forest,0.07493219375610352,0.005287477710474903,0.037492561340332034,0.0010505181500371653,gini,8,log2,100,"{'model__criterion': 'gini', 'model__max_depth': 8, 'model__max_features': 'log2', 'model__n_estimators': 100}",0.9069200779727096,0.8958232151529868,0.8766391452161243,0.8861097620203983,0.8299975290338524,0.8790979458792142,0.026532500323923406,24,0.9953661362112067,0.9958352402745996,0.9959725400457665,0.995301296720061,0.9969772917141337,0.9958905009931535,0.0006021658117751424,0.9133225473581578,0.9117333640939493,0.9031417648858264,0.9082935325550237,0.7879547232774518,0.8848891864340818,0.048592748579645725,25,0.9964890235521637,0.9967625033241674,0.9967453033512477,0.9962706624135428,0.9976401839644032,0.9967815353211049,0.0004659413542143048,0.8201754385964912,0.8136231180184555,0.7948033025740651,0.7767119961146187,0.7646404744255004,0.7939908659458264,0.021126864626140537,29,0.9646744100969453,0.9642257818459192,0.9586193745232647,0.9586193745232647,0.9625655046707678,0.9617408891320324,0.0026437826969452445,0.8391608391608392,0.8285714285714286,0.8194444444444444,0.8280254777070064,0.8053691275167785,0.8241142634800994,0.011267215176835014,18,0.9683098591549296,0.9685314685314685,0.9655172413793104,0.9655172413793104,0.9667250437828371,0.9669201708455712,0.0013039946759831912,0.8333333333333334,0.8169014084507042,0.8309859154929577,0.9154929577464789,0.8450704225352113,0.848356807511737,0.034741784037558676,16,0.9683098591549296,0.9719298245614035,0.9824561403508771,0.9824561403508771,0.968421052631579,0.9747146034099332,0.006453639469678208,-0.12917255584829754,-0.13523585889444117,-0.13981651977183604,-0.14289546864916575,-0.16052082769338585,-0.14152824617142526,0.010561957000893268,12,-0.0498195377681005,-0.04552335104257,-0.04818744578712147,-0.05039590298868191,-0.04628594999376006,-0.04804243751604679,0.001905201171121714,-0.4079360348663513,-0.4188110421130339,-0.43648987705462033,-0.4339017700980353,-0.5242484114578982,-0.44427742711798784,0.04131075425815217,12,-0.20724818375775092,-0.19080013451558997,-0.19909076726324088,-0.20740081717537776,-0.1932179571482011,-0.1995515719720321,0.006895841623944458
full13,random_forest,0.16472358703613282,0.0013644149020463595,0.06417059898376465,0.000576831134199793,gini,8,log2,300,"{'model__criterion': 'gini', 'model__max_depth': 8, 'model__max_features': 'log2', 'model__n_estimators': 300}",0.915448343079922,0.8909664885866926,0.8844099077221953,0.8914521612433219,0.8319743019520632,0.882850240516839,0.02754377062156769,18,0.9952594354002805,0.9963386727688788,0.9965369946605644,0.9955453852021358,0.9973114604693553,0.996198389700243,0.0007322990164568943,0.9221073735032308,0.9101767757370958,0.9060963147926794,0.914422297228075,0.8017063730647522,0.8909018268651667,0.04491152137955142,14,0.9963057070959336,0.9971296181339813,0.9972322525115755,0.996426647385222,0.9978825419731568,0.9969953534199739,0.0005762447966192051,0.825657894736842,0.8050024283632832,0.7963817387081107,0.769669742593492,0.7804546577711885,0.7954332924345833,0.01946337326302538,22,0.9581809036034388,0.9616323417238749,0.9629672006102212,0.9503432494279176,0.9664843928001823,0.959921617633127,0.005478090785776899,0.8321167883211679,0.8226950354609929,0.8169014084507042,0.8205128205128205,0.8187919463087249,0.8222035998108821,0.005312704827338737,25,0.9632224168126094,0.9669565217391304,0.9688581314878892,0.9587628865979382,0.9702276707530648,0.9656055254781265,0.004153788089225379,0.7916666666666666,0.8169014084507042,0.8169014084507042,0.9014084507042254,0.8591549295774648,0.837206572769953,0.03873523961665032,21,0.9683098591549296,0.9754385964912281,0.9824561403508771,0.9789473684210527,0.9719298245614035,0.9754163577958982,0.004993702152616507,-0.12691615218096125,-0.13377415046857366,-0.13551011701773588,-0.14098518719247896,-0.15888870733773292,-0.13921486283949655,0.01081461032330693,4,-0.050688917786961746,-0.045024487160856164,-0.04775407914643096,-0.05079528988706088,-0.04620834984398743,-0.04809422476505944,0.002329106991516763,-0.4021575039146351,-0.41543835532695317,-0.4232214160711756,-0.42940182451766995,-0.5125657346372119,-0.4365569668935292,0.039078599155557545,4,-0.21049467598877847,-0.18972137925789814,-0.19939242820947922,-0.20902507991542846,-0.19427141854458357,-0.20058099638323354,0.008108493583084408
full13,random_forest,0.3571924209594727,0.005443195338354476,0.08833818435668946,0.0021667245060605655,gini,8,log2,700,"{'model__criterion': 'gini', 'model__max_depth': 8, 'model__max_features': 'log2', 'model__n_estimators': 700}",0.9205653021442495,0.8916949975716367,0.8851384167071394,0.8890237979601748,0.8314801087225105,0.8835805246211421,0.028914453233300035,15,0.9957929394549113,0.9963996948893974,0.9962166285278413,0.9955606407322655,0.9974785448469659,0.9962896896902762,0.0006646937400621747,0.9265601595546553,0.911827548193237,0.90563434687506,0.908707082269796,0.8001774303442748,0.8905813134474047,0.045768721303933085,15,0.9967082254850809,0.9971822011229243,0.9969934819531491,0.9964577067775734,0.998016892217645,0.9970717015112746,0.0005330700309504325,0.8307748538011696,0.8050024283632832,0.7963817387081107,0.769669742593492,0.7751420805534964,0.7953941688039105,0.021986268438773587,23,0.9621059691482227,0.9681540808543097,0.9651411136536994,0.952517162471396,0.96473000683527,0.9625296665925795,0.005361435386634076,0.8428571428571429,0.8226950354609929,0.8169014084507042,0.8205128205128205,0.8082191780821918,0.8222371170727705,0.011431017026216761,24,0.9667250437828371,0.972027972027972,0.9705372616984402,0.9604130808950087,0.968421052631579,0.9676248822071674,0.004032935133917308,0.8194444444444444,0.8169014084507042,0.8169014084507042,0.9014084507042254,0.8309859154929577,0.8371283255086072,0.03255960593370479,22,0.971830985915493,0.9754385964912281,0.9824561403508771,0.9789473684210527,0.968421052631579,0.975418828762046,0.004976268167016179,-0.12421614143389839,-0.1340312552006004,-0.13572454562064773,-0.14078866500291104,-0.15961147716700835,-0.13887441688501317,0.011678467007961027,2,-0.05047021380977005,-0.044955500811752744,-0.047871854754938305,-0.050379523032552366,-0.045526541372212154,-0.04784072675624512,0.0023255382341296014,-0.39752281042244497,-0.41635677055296616,-0.42503004690959895,-0.43063697853291844,-0.5130919103434326,-0.4365277033522722,0.03989291349906085,3,-0.2101681286702107,-0.19010105481165498,-0.20002295112591575,-0.20820502514727252,-0.1930657191173825,-0.2003125757744873,0.007953598609465127
full13,random_forest,0.07152519226074219,0.0008006984134314084,0.0371037483215332,0.0011409025669252143,gini,,sqrt,100,"{'model__criterion': 'gini', 'model__max_depth': None, 'model__max_features': 'sqrt', 'model__n_estimators': 100}",0.9010721247563352,0.8851384167071394,0.861947547353084,0.8807673627974745,0.8222139856683963,0.8702278874564857,0.027050582968770328,36,1.0,1.0,1.0,1.0,1.0,1.0,0.0,0.9158541644376409,0.8960957019617939,0.884879278692455,0.8956948205514241,0.8123663875758127,0.8809780706438254,0.035733037655614884,33,1.0,1.0,1.0,1.0,1.0,1.0,0.0,0.8326023391812866,0.8152015541525013,0.7768334142787761,0.7610490529383196,0.766370150728935,0.7904113022559638,0.028351782587999103,33,1.0,1.0,1.0,1.0,1.0,1.0,0.0,0.8405797101449275,0.8260869565217391,0.7883211678832117,0.8152866242038217,0.8027210884353742,0.8145991094378147,0.018105537912810478,33,1.0,1.0,1.0,1.0,1.0,1.0,0.0,0.8055555555555556,0.8028169014084507,0.7605633802816901,0.9014084507042254,0.8309859154929577,0.8202660406885759,0.046441974361767474,33,1.0,1.0,1.0,1.0,1.0,1.0,0.0,-0.13240077519379845,-0.1384325581395349,-0.14877364341085272,-0.1446798449612403,-0.16719140625,-0.14629564559108527,0.011834522939374913,36,-0.020572815533980583,-0.019873009708737864,-0.01937592233009709,-0.020116893203883497,-0.019144767441860465,-0.019816681643711902,0.000512010890308192,-0.41050802607452186,-0.431062548516486,-0.45733595192687154,-0.44263932404068956,-0.5288250804580557,-0.4540741862033249,0.04038969462027304,36,-0.12304580538802268,-0.11678403157717022,-0.11524075350163542,-0.12022071862273102,-0.11279451961264575,-0.11761716574044101,0.0036289937826033485
full13,random_forest,0.16847143173217774,0.011021369747727447,0.06409564018249511,0.0008073802284953215,gini,,sqrt,300,"{'model__criterion': 'gini', 'model__max_depth': None, 'model__max_features': 'sqrt', 'model__n_estimators': 300}",0.9063109161793372,0.8797960174842157,0.8721466731423021,0.8797960174842157,0.8249320484309365,0.8725963345442015,0.026504453398511128,35,0.9999999999999999,0.9999999999999999,1.0,1.0,1.0,1.0,7.021666937153402e-17,0.918154117059987,0.8977959094614316,0.8911042615903522,0.9012047375672236,0.8019916062922798,0.8820501263942548,0.04101139100456123,31,1.0,1.0,1.0,1.0,1.0,1.0,0.0,0.8326023391812866,0.8050024283632832,0.7893394851869839,0.7680913064594463,0.7575982209043737,0.7905267560190747,0.026716838218728462,32,1.0,1.0,1.0,1.0,1.0,1.0,0.0,0.8405797101449275,0.8226950354609929,0.8085106382978723,0.8227848101265823,0.7972972972972973,0.8183734982655345,0.01464741244107562,32,1.0,1.0,1.0,1.0,1.0,1.0,0.0,0.8055555555555556,0.8169014084507042,0.8028169014084507,0.9154929577464789,0.8309859154929577,0.8343505477308295,0.04176938194328485,25,1.0,1.0,1.0,1.0,1.0,1.0,0.0,-0.13057243755383288,-0.1399402239448751,-0.14274091300602929,-0.14539052540913006,-0.16511336805555554,-0.14475149359388456,0.011342404272255604,34,-0.01991473570658037,-0.019317885652642933,-0.019246796116504854,-0.020147335490830635,-0.01873481912144703,-0.019472314417601166,0.0005039833540249628,-0.4073569718347019,-0.43265089255613526,-0.44675234170310363,-0.44077117212750355,-0.5299016872454696,-0.4514866130933828,0.041444824672676545,28,-0.12122906968003713,-0.11579462850440063,-0.11672863023972728,-0.12099761848808066,-0.1131107543610909,-0.1175721402546673,0.003126725290420223
full13,random_forest,0.36096749305725095,0.0023931708716555767,0.08872880935668945,0.0010133621249010661,gini,,sqrt,700,"{'model__criterion': 'gini', 'model__max_depth': None, 'model__max_features': 'sqrt', 'model__n_estimators': 700}",0.9050925925925926,0.8831957260806217,0.8759106362311802,0.8819815444390482,0.8203607610575736,0.8733082520802032,0.028261074477518237,31,1.0,1.0,1.0,0.9999999999999999,1.0,1.0,4.965068306494546e-17,0.9179804334877477,0.9028703009686749,0.896299892862144,0.9036791372407507,0.78650361935462,0.8814666767827875,0.04800576951150482,32,1.0,1.0,1.0,1.0,1.0,1.0,0.0,0.839546783625731,0.8050024283632832,0.7822972316658572,0.7767119961146187,0.7646404744255004,0.7936397828389982,0.026430004742739648,31,1.0,1.0,1.0,1.0,1.0,1.0,0.0,0.8489208633093526,0.8226950354609929,0.8,0.8280254777070064,0.8053691275167785,0.821002100798826,0.017419123070264872,26,1.0,1.0,1.0,1.0,1.0,1.0,0.0,0.8194444444444444,0.8169014084507042,0.7887323943661971,0.9154929577464789,0.8450704225352113,0.8371283255086072,0.04305370243139725,22,1.0,1.0,1.0,1.0,1.0,1.0,0.0,-0.131112687865844,-0.13915521278278753,-0.1415793861730739,-0.1440572694193957,-0.16602085459183671,-0.14438508216658757,0.011658422053506473,33,-0.01971949276798098,-0.019036152169605705,-0.019124315434911828,-0.020157408361402812,-0.018566097136529028,-0.019320693174086072,0.0005564308403293092,-0.40971289890022267,-0.43074519599919386,-0.44141098882064744,-0.43662619931119695,-0.5389558141963493,-0.4514902194455221,0.04505210485513939,29,-0.12063699127985754,-0.1149693038031134,-0.11659193860593928,-0.12098108715852537,-0.11366293023959179,-0.1173684502174055,0.0029605492210469362
full13,random_forest,0.07228851318359375,0.0015570727552113829,0.037646818161010745,0.0011060649330082689,gini,,log2,100,"{'model__criterion': 'gini', 'model__max_depth': None, 'model__max_features': 'log2', 'model__n_estimators': 100}",0.903874269005848,0.8812530354541039,0.8812530354541039,0.8821029626032054,0.8146775389177169,0.8726321682869956,0.030242825823865026,34,1.0,1.0,1.0,1.0,1.0,1.0,0.0,0.9173903401458183,0.904347888471372,0.9082629521555233,0.9043360963475571,0.7884844351403205,0.8845643424521183,0.048275935538739184,27,1.0,1.0,1.0,1.0,1.0,1.0,0.0,0.825657894736842,0.7995386109762019,0.7736765420106848,0.7712481787275376,0.766370150728935,0.7872982754360403,0.022371543695767052,35,1.0,1.0,1.0,1.0,1.0,1.0,0.0,0.8321167883211679,0.8115942028985508,0.7943262411347518,0.8181818181818182,0.8027210884353742,0.8117880277943325,0.012971507320666228,34,1.0,1.0,1.0,1.0,1.0,1.0,0.0,0.7916666666666666,0.7887323943661971,0.7887323943661971,0.8873239436619719,0.8309859154929577,0.8174882629107982,0.038418130395198126,34,1.0,1.0,1.0,1.0,1.0,1.0,0.0,-0.13024728682170542,-0.13982403100775195,-0.1404186046511628,-0.14531627906976743,-0.1695890625,-0.14507905281007752,0.013191763830641152,35,-0.020389126213592235,-0.019473203883495147,-0.019454951456310682,-0.0199347572815534,-0.01960717054263566,-0.019771841875517428,0.00035335597334515336,-0.4081836752259637,-0.4289781824934465,-0.4328321288066482,-0.44081307928271124,-0.5351615298053227,-0.44919371912281847,0.04431454130865425,24,-0.12170025711133951,-0.11525026245147586,-0.11540970241180752,-0.11996505692526387,-0.11629480402037938,-0.11772401658405322,0.002621103152881683
full13,random_forest,0.1638874053955078,0.0012621224706686092,0.06376566886901855,0.0009891840898508708,gini,,log2,300,"{'model__criterion': 'gini', 'model__max_depth': None, 'model__max_features': 'log2', 'model__n_estimators': 300}",0.9027777777777778,0.8885381253035455,0.8852598348712967,0.8844099077221953,0.8175191499876452,0.8757009591324921,0.029833832303438054,26,1.0,1.0,1.0,1.0,1.0,1.0,0.0,0.9168602572705054,0.9118404444289512,0.9104134766904938,0.9052276859671564,0.7791054546084725,0.8846894637931157,0.05292194650156007,26,1.0,1.0,0.9999999999999999,1.0,1.0,1.0,4.965068306494546e-17,0.8326023391812866,0.8081593006313744,0.7963817387081107,0.7767119961146187,0.7734124042500617,0.7974535557770905,0.021722743857473,19,1.0,1.0,1.0,1.0,1.0,1.0,0.0,0.8405797101449275,0.8175182481751825,0.8169014084507042,0.8280254777070064,0.8108108108108109,0.8227671310577263,0.010486651041069156,21,1.0,1.0,1.0,1.0,1.0,1.0,0.0,0.8055555555555556,0.7887323943661971,0.8169014084507042,0.9154929577464789,0.8450704225352113,0.8343505477308295,0.044527848300495707,25,1.0,1.0,1.0,1.0,1.0,1.0,0.0,-0.13367700258397933,-0.1364371231696813,-0.1378229974160207,-0.14487424633936263,-0.16619626736111112,-0.143801527374031,0.011791169382514602,30,-0.019673937432578215,-0.018946472491909384,-0.019418856526429343,-0.019692146709816612,-0.018741128337639964,-0.019294508299674704,0.0003859801962488613,-0.4162003483063847,-0.41922667816408654,-0.42968725842836986,-0.4400478662262096,-0.5351937011612485,-0.44807117045725986,0.0443631176288616,22,-0.12081684850533901,-0.11412070484346784,-0.11770534301134741,-0.1195998027554972,-0.11448225640460742,-0.11734499110405176,0.0026780251957385197
full13,random_forest,0.3588246822357178,0.004481061961530453,0.0882110595703125,0.0008151022777226077,gini,,log2,700,"{'model__criterion': 'gini', 'model__max_depth': None, 'model__max_features': 'log2', 'model__n_estimators': 700}",0.9042397660818713,0.8865954346770276,0.8840456532297232,0.8827100534239922,0.819990116135409,0.8755162047096047,0.02882860308204227,27,1.0,1.0,1.0,0.9999999999999999,1.0,1.0,4.965068306494546e-17,0.91905362738299,0.9088178687729747,0.9096385005155032,0.9051769167285466,0.7843731500286034,0.8854120126857236,0.05072675477506776,23,1.0,1.0,1.0,1.0000000000000002,1.0,1.0,9.930136612989092e-17,0.8413742690058479,0.8065808644973288,0.7822972316658572,0.769669742593492,0.7892265875957499,0.7978297390716552,0.024823241878064117,18,1.0,1.0,1.0,1.0,1.0,1.0,0.0,0.8467153284671532,0.8201438848920863,0.8,0.8205128205128205,0.8243243243243243,0.822339271639277,0.014868297042356562,23,1.0,1.0,1.0,1.0,1.0,1.0,0.0,0.8055555555555556,0.8028169014084507,0.7887323943661971,0.9014084507042254,0.8591549295774648,0.8315336463223787,0.04237188545112545,31,1.0,1.0,1.0,1.0,1.0,1.0,0.0,-0.13190047460844803,-0.13624108527131784,-0.13843760480936562,-0.14386464167062174,-0.16419170918367346,-0.14292710310868534,0.01130935378934602,21,-0.019700851991281947,-0.01893015652863087,-0.019177127006142262,-0.019643982563899345,-0.018357206138269265,-0.01916186484564474,0.0004948417828940466,-0.4119474463519242,-0.42111183809742736,-0.43078012938229354,-0.43719575708675057,-0.5283429320317569,-0.4458756205900305,0.04211516893504615,14,-0.12103397922988773,-0.11467262769895252,-0.11711318953963898,-0.11969276679473453,-0.11381067391627665,-0.11726464743589808,0.0027847823857256137
full13,random_forest,0.0715341567993164,0.000685031055855942,0.03591055870056152,0.0009695894893166956,entropy,4,sqrt,100,"{'model__criterion': 'entropy', 'model__max_depth': 4, 'model__max_features': 'sqrt', 'model__n_estimators': 100}",0.9300682261208577,0.8873239436619718,0.8853812530354541,0.8912093249150073,0.8381517173214726,0.8864268930109527,0.02918845066530812,10,0.9248826291079811,0.9316094584286804,0.9370404271548437,0.9284973302822273,0.9375408217513481,0.9319141333450162,0.004881555744977129,0.9261060706030257,0.9067334983203299,0.9126459630413205,0.916276547193495,0.8125505388475596,0.894862523601146,0.04163448865748889,4,0.9362304712342814,0.9377918506353852,0.944064498377406,0.9358666805338659,0.9491524182002179,0.9406211837962314,0.005187044630023277,0.8428362573099415,0.8136231180184555,0.8206653715395823,0.7492714910150559,0.7962688411168767,0.8045330157999825,0.03140749552246878,12,0.8444988110481069,0.8531273836765827,0.8539664378337146,0.8504576659038902,0.855935292777398,0.8515971182479385,0.003961299346861731,0.8611111111111112,0.8285714285714286,0.8368794326241135,0.8148148148148148,0.8322147651006712,0.8347183104444278,0.015109278013417368,12,0.8655172413793103,0.8791946308724832,0.8783783783783784,0.8745762711864407,0.8730434782608696,0.8741420000154964,0.004883805549737583,0.8611111111111112,0.8169014084507042,0.8309859154929577,0.9295774647887324,0.8732394366197183,0.8623630672926448,0.039214604714323066,6,0.8838028169014085,0.9192982456140351,0.9122807017543859,0.9052631578947369,0.8807017543859649,0.9002693353101062,0.015397058595376625,-0.126935424316263,-0.13869304217307846,-0.14078867897169478,-0.14353304603023775,-0.16122660284199605,-0.142235358866654,0.011055136609086358,18,-0.1209233947192005,-0.11278656818781599,-0.11363795815418562,-0.11910110135611689,-0.11327637475918387,-0.11594507943530057,0.003381274433853956,-0.41662966431878384,-0.4330526828050296,-0.4430467045156519,-0.4436199695840092,-0.5043057979205903,-0.44813096382881296,0.02973717261789214,23,-0.3963319361016686,-0.37536662475211513,-0.3785318993355796,-0.39217134619136756,-0.37455881717194517,-0.38339212471053524,0.009061690912814105
full13,random_forest,0.16625680923461914,0.004697045865623577,0.06261320114135742,0.000890240063820821,entropy,4,sqrt,300,"{'model__criterion': 'entropy', 'model__max_depth': 4, 'model__max_features': 'sqrt', 'model__n_estimators': 300}",0.9276315789473685,0.88465274405051,0.8926663428848955,0.8936376881981545,0.8401284902396837,0.8877433688641224,0.02802419171153548,5,0.9262697396500214,0.9334858886346301,0.9366437833714721,0.9263310450038139,0.9384825700615175,0.9322426053442909,0.00510832558281272,0.9170837929939993,0.9046335515252365,0.9171038818070242,0.916459154906319,0.813092739640096,0.893674624174535,0.04056992073567549,6,0.9379889271271693,0.9407940567826135,0.9433880816128977,0.9340373197433435,0.9503859555830283,0.9413188681698104,0.005493243126943638,0.8516081871345029,0.8050024283632832,0.8050024283632832,0.7751335599805731,0.8120830244625649,0.8097659256608415,0.024498678975433442,6,0.8440948722638864,0.854881769641495,0.8439359267734554,0.8487032799389779,0.8480975165185691,0.8479426730272767,0.00399031696634834,0.8671328671328671,0.8226950354609929,0.8226950354609929,0.8301886792452831,0.8456375838926175,0.8376698402385507,0.016947048231307174,7,0.865979381443299,0.88107202680067,0.8701517706576728,0.8726655348047538,0.8660869565217392,0.871191134045627,0.005551597407424798,0.8611111111111112,0.8169014084507042,0.8169014084507042,0.9295774647887324,0.8873239436619719,0.8623630672926448,0.04307183029194222,6,0.8873239436619719,0.9228070175438596,0.9052631578947369,0.9017543859649123,0.8736842105263158,0.8981665431183593,0.016657335378797444,-0.1284310269316754,-0.14080970798179102,-0.13831570196198786,-0.14224579501484297,-0.16012151844089595,-0.14198475006623865,0.010271869939218322,17,-0.12092966243813985,-0.11237982398041488,-0.11359219630045721,-0.11883793257969193,-0.11233250720185835,-0.11561442450011246,0.003576752360537367,-0.4210041521735361,-0.43794524494665893,-0.4363249105259417,-0.44168710333641287,-0.5021970780464904,-0.447831697805808,0.028082791592714575,21,-0.3967790671018605,-0.37313188997037233,-0.3783051102249832,-0.39148865327395577,-0.3717698618766028,-0.38229491648955494,0.010049595003247452
full13,random_forest,0.36083183288574217,0.008030780613783409,0.08918123245239258,0.0010030825320483485,entropy,4,sqrt,700,"{'model__criterion': 'entropy', 'model__max_depth': 4, 'model__max_features': 'sqrt', 'model__n_estimators': 700}",0.9300682261208577,0.8829528897523069,0.8909664885866925,0.8924235065565809,0.8411168766987893,0.8875055975430455,0.028356239232762814,6,0.9255380769465277,0.9345690312738367,0.9359115179252478,0.9279176201372997,0.9385585175058859,0.9324989527577596,0.004941488675702836,0.9156051974151639,0.9022959420701796,0.9170413845721663,0.9165779100098759,0.8084855519595149,0.89200119720538,0.042116551127095926,11,0.9373426930226028,0.9416853426013283,0.942850107023798,0.9354769324102546,0.950180740796353,0.9415071631708674,0.005114150751960968,0.8516081871345029,0.8120446818844099,0.7963817387081107,0.7751335599805731,0.8120830244625649,0.8094502384340323,0.025057435794132173,7,0.8476159990244497,0.8570556826849733,0.8539664378337146,0.8504576659038902,0.8494417862838916,0.8517075143461839,0.0033805852248241387,0.8671328671328671,0.8309859154929577,0.8169014084507042,0.8301886792452831,0.8456375838926175,0.838169290842886,0.017101333380293172,6,0.8698630136986302,0.8825503355704698,0.8783783783783784,0.8745762711864407,0.8685121107266436,0.8747760219121126,0.005231272471706334,0.8611111111111112,0.8309859154929577,0.8169014084507042,0.9295774647887324,0.8873239436619719,0.8651799687010955,0.04038316824164324,4,0.8943661971830986,0.9228070175438596,0.9122807017543859,0.9052631578947369,0.8807017543859649,0.9030837657524092,0.014527838639878419,-0.12761084683896753,-0.14044531750632605,-0.13789452871241378,-0.14283678709571165,-0.1595503469777938,-0.14166756542624256,0.010339071416682843,14,-0.12106259490594959,-0.11222545203449377,-0.1136937985192631,-0.11825114788446044,-0.112238212138309,-0.11549424109649517,0.0035534602619731515,-0.41999176693393986,-0.4374853373016864,-0.43563153294141777,-0.4429171305157001,-0.5005490166792039,-0.4473149568743896,0.027687132477911956,18,-0.39693431521550726,-0.37319476971129356,-0.3786811604455319,-0.3902113743722327,-0.3720577950266518,-0.38221588295424347,0.009773654679237973
full13,random_forest,0.07212615013122559,0.0010261646987176258,0.03769917488098144,0.0013466149008687033,entropy,4,log2,100,"{'model__criterion': 'entropy', 'model__max_depth': 4, 'model__max_features': 'log2', 'model__n_estimators': 100}",0.9305555555555556,0.889752306945119,0.8848955803788247,0.8909664885866925,0.8371633308623672,0.8866666524657119,0.029691619069240376,9,0.9216968477531857,0.9325705568268496,0.9324485125858124,0.9244851258581236,0.9355206197311461,0.9293443325510236,0.005296921625154402,0.9125988788751914,0.9093520817551656,0.9117667916075192,0.9115659832801797,0.817360479287484,0.8925288429611079,0.03759952654524962,9,0.9335431290259868,0.9380720510334919,0.9367778911822155,0.931432118640597,0.9480528055680224,0.9375755990900627,0.005738603050757428,0.8497807017543859,0.822243807673628,0.8065808644973288,0.7751335599805731,0.7787249814677539,0.8064927830747338,0.027843843545825666,11,0.8401698067191026,0.8505339435545385,0.8508771929824561,0.8465293668954996,0.8529505582137161,0.8482121736730626,0.004526736931385196,0.8689655172413793,0.8345323741007195,0.8201438848920863,0.8301886792452831,0.8211920529801324,0.83500450169192,0.017823508625059097,11,0.8625429553264605,0.8781302170283807,0.8741496598639455,0.8711864406779661,0.8724137931034482,0.8716846132000402,0.005137549058413231,0.875,0.8169014084507042,0.8028169014084507,0.9295774647887324,0.8732394366197183,0.8595070422535211,0.04553567087416113,13,0.8838028169014085,0.9228070175438596,0.9017543859649123,0.9017543859649123,0.887719298245614,0.8995675809241414,0.013700695121761731,-0.12955139166362753,-0.13972446219760365,-0.14189585081340367,-0.14350929829202672,-0.16171669317710435,-0.1432795392287532,0.010421100103543792,25,-0.1244282231225844,-0.11599180375414005,-0.1168948274636486,-0.12185503209744085,-0.11518642139925689,-0.11887126156741416,0.0036210032982949376,-0.42619149584383953,-0.4390902237315268,-0.44540833671723473,-0.44715450335907675,-0.5039572773097446,-0.4523603673922845,0.026827520999025356,33,-0.4067257383367639,-0.38613694301662493,-0.3877044801235614,-0.40079358262729237,-0.38114869625322284,-0.3925018880714931,0.009628008392272236
full13,random_forest,0.16306838989257813,0.002369321725542939,0.06368041038513184,0.001255899053532248,entropy,4,log2,300,"{'model__criterion': 'entropy', 'model__max_depth': 4, 'model__max_features': 'log2', 'model__n_estimators': 300}",0.929093567251462,0.8870811073336571,0.8899951432734337,0.891452161243322,0.8379046207066964,0.8871053199617143,0.02902057343265129,7,0.9240595085665508,0.9337299771167048,0.932372234935164,0.9243783371472158,0.9366750208855472,0.9302430157302364,0.005112599733536542,0.9105581728561635,0.9059051372440052,0.9141850109272974,0.9140722150907276,0.8202547462529521,0.8929950564742292,0.03649533328710198,8,0.9352714112333156,0.9392503369720953,0.9380555501545953,0.9317930362616687,0.9485270118801843,0.9385794693003717,0.005597804563313634,0.8567251461988303,0.8292860611947548,0.8206653715395823,0.7665128703254007,0.7962688411168767,0.8138916580750889,0.03057087421886784,3,0.8384092433388208,0.8566361556064073,0.847864225781846,0.843020594965675,0.8490316700843017,0.84699237795541,0.0061215445496269035,0.8767123287671232,0.8428571428571429,0.8368794326241135,0.825,0.8322147651006712,0.8427327338698103,0.01796645207034826,3,0.8605851979345955,0.882943143812709,0.8735244519392917,0.8673469387755102,0.8689655172413793,0.8706730499406973,0.007408496993115426,0.8888888888888888,0.8309859154929577,0.8309859154929577,0.9295774647887324,0.8732394366197183,0.870735524256651,0.037304828062617486,2,0.8802816901408451,0.9263157894736842,0.9087719298245615,0.8947368421052632,0.8842105263157894,0.8988633555720288,0.016904601619932135,-0.1307037443308152,-0.139336512211214,-0.13978776120695055,-0.14303890350924314,-0.16200670964625302,-0.14297472618089518,0.010355586468708124,24,-0.12384105206337698,-0.11524700379541007,-0.11721985163353554,-0.1218808563584833,-0.11539311634741711,-0.1187163760396446,0.0035098838751635034,-0.42940340473115135,-0.43729746122743823,-0.44092727673518634,-0.4454647941030842,-0.5054957757759869,-0.4517177425145694,0.027398848735490054,31,-0.40571684302398914,-0.38365337048526715,-0.38914696228796986,-0.4004479716649244,-0.382342042348109,-0.39226143796205193,0.009276426609468884
full13,random_forest,0.3599144458770752,0.0034625611245713904,0.08925628662109375,0.0014099903915164823,entropy,4,log2,700,"{'model__criterion': 'entropy', 'model__max_depth': 4, 'model__max_features': 'log2', 'model__n_estimators': 700}",0.9303118908382066,0.88465274405051,0.8919378338999514,0.8936376881981545,0.8393872003953545,0.8879854714764355,0.0290241055770901,4,0.92352600451192,0.9338367658276125,0.9326468344774981,0.9252021357742182,0.9370699475962634,0.9304563376375026,0.00520771662617752,0.9119109819615384,0.9035335819318437,0.9160459577621431,0.9165082721482507,0.8139627570998349,0.8923923101807223,0.03949019105122849,10,0.9346326139004024,0.9396502366318065,0.9387343752222524,0.9331479051878878,0.9489319364397141,0.9390194134764126,0.005521882220040429,0.8585526315789473,0.8292860611947548,0.8206653715395823,0.7751335599805731,0.8033110946380035,0.8173897437863722,0.027678254526451115,2,0.8423343088836046,0.8544622425629291,0.8456903127383677,0.8469488939740656,0.8494417862838916,0.8477755088885719,0.004052823220563733,0.875,0.8428571428571429,0.8368794326241135,0.8301886792452831,0.84,0.8449850509453078,0.01558787706115836,1,0.8640275387263339,0.8814691151919867,0.8720538720538721,0.8707482993197279,0.8685121107266436,0.8713621872037128,0.005743261857830575,0.875,0.8309859154929577,0.8309859154929577,0.9295774647887324,0.8873239436619719,0.870774647887324,0.03719083359580533,1,0.8838028169014085,0.9263157894736842,0.9087719298245615,0.8982456140350877,0.8807017543859649,0.8995675809241414,0.0167712938761878,-0.13129368438958464,-0.1396906448468299,-0.1399159121151865,-0.14271873746919259,-0.16117560764845018,-0.14295891729384874,0.009878508367558686,22,-0.12401924482287828,-0.11495267943459539,-0.11738567810079033,-0.12188617090573073,-0.11507410709478344,-0.11866357607175564,0.0036703234148571934,-0.43038394592176915,-0.4380161334928994,-0.4416176928739773,-0.44500233688276003,-0.5047761443202066,-0.45195925069832243,0.026850977686267544,32,-0.4060084847262325,-0.3829149511622312,-0.3900067732598746,-0.4008237628120179,-0.3815370820248951,-0.39225821079705026,0.009692747682522661
full13,random_forest,0.07615480422973633,0.00450644445347158,0.039649343490600585,0.0008365074448823627,entropy,8,sqrt,100,"{'model__criterion': 'entropy', 'model__max_depth': 8, 'model__max_features': 'sqrt', 'model__n_estimators': 100}",0.9166666666666667,0.8967945604662458,0.8720252549781448,0.8858669256920835,0.843587842846553,0.8829882501299388,0.024518222102390703,16,0.9965550881043839,0.9962166285278413,0.9965980167810832,0.9965980167810832,0.9966279334700388,0.996519136732886,0.0001530258600722075,0.918033047457304,0.9186805892900622,0.8926132147139594,0.908554635486631,0.8133112602442629,0.8902385494384439,0.039599014172329965,16,0.997296221112639,0.9970639844258669,0.9972344633785458,0.9972418334375905,0.9973700524838008,0.9972413109676885,0.00010107558248724827,0.8691520467836258,0.8206653715395823,0.7861826129188927,0.7680913064594463,0.7716827279466272,0.8031548131296349,0.03786885720899963,14,0.9642704713127248,0.9598779557589626,0.9655606407322654,0.9556064073226544,0.9651401230348599,0.9620911196322934,0.0038218623792075934,0.8794326241134752,0.8368794326241135,0.8137931034482758,0.8227848101265823,0.8133333333333334,0.833244660729156,0.024620203257742397,13,0.968421052631579,0.9651567944250871,0.9704347826086956,0.9641025641025641,0.9683098591549296,0.9672850105845712,0.002320312029060788,0.8611111111111112,0.8309859154929577,0.8309859154929577,0.9154929577464789,0.8591549295774648,0.8595461658841941,0.030867528064012512,9,0.971830985915493,0.9719298245614035,0.9789473684210527,0.9894736842105263,0.9649122807017544,0.975418828762046,0.008311713091171262,-0.12334294674484506,-0.13396217086699275,-0.142161504900263,-0.143788191485858,-0.1558691373506158,-0.13982479026971492,0.010813059973537775,6,-0.05027143313918506,-0.045028420873583545,-0.04794183967257289,-0.05078897888995053,-0.046733973822303744,-0.048152929279519155,0.002156727258721377,-0.3973018937489589,-0.41215998449262253,-0.4406382246575359,-0.4371410530512738,-0.4984294734602691,-0.4371341258821321,0.03458240259378256,5,-0.20857338378386578,-0.18769127717907635,-0.19722021324596736,-0.2085066862758696,-0.1924369210960525,-0.19888569631616632,0.008439079236386536
full13,random_forest,0.1658780097961426,0.0024476957397292763,0.06253662109375,0.0022510362820305214,entropy,8,sqrt,300,"{'model__criterion': 'entropy', 'model__max_depth': 8, 'model__max_features': 'sqrt', 'model__n_estimators': 300}",0.9169103313840157,0.8924235065565808,0.8814958717824186,0.8870811073336571,0.8366691376328144,0.8829159909378973,0.026092697864475243,17,0.9967380037802573,0.9970861937452327,0.9966742944317315,0.99627765064836,0.9978430925799348,0.9969238470371031,0.0005264509119459709,0.9211498581499364,0.9142690231023478,0.9037140284731625,0.910803268388118,0.7976779960186202,0.889522834826437,0.04626524329087189,17,0.9974572211314356,0.9977255986332002,0.9973571674471231,0.997006207630746,0.9983147061654138,0.9975721802015839,0.00043695607226636423,0.8691520467836258,0.8034239922292374,0.8034239922292374,0.7751335599805731,0.766370150728935,0.8035007483903218,0.03603743449445072,13,0.9664349734772271,0.9638062547673532,0.9673150266971777,0.9581998474446987,0.9729778992936888,0.9657468003360291,0.004815473463235035,0.8794326241134752,0.8251748251748252,0.8251748251748252,0.8301886792452831,0.8027210884353742,0.8325384084287567,0.02530654452975949,15,0.9701230228471002,0.9686411149825784,0.9722222222222222,0.9656357388316151,0.9753521126760564,0.9703948423119145,0.003277570993986407,0.8611111111111112,0.8309859154929577,0.8309859154929577,0.9295774647887324,0.8309859154929577,0.8567292644757434,0.038247146087847454,14,0.971830985915493,0.9754385964912281,0.9824561403508771,0.9859649122807017,0.9719298245614035,0.9775240919199406,0.005720648993385178,-0.12438660740982443,-0.1357134282413997,-0.13770191524154954,-0.1433637616312696,-0.158306864183997,-0.13989451534160807,0.011080022135998959,7,-0.04957584519549117,-0.04445632932551283,-0.04763838985451955,-0.050344827985414356,-0.04524776961193715,-0.04745263239457501,0.002312859085180197,-0.39895177176957564,-0.41952087149846723,-0.42984401607392797,-0.43527467304758793,-0.5121368614823688,-0.43914563877438556,0.038548415242031474,7,-0.20703886452373074,-0.18720354007698753,-0.197664764355012,-0.20715350764781346,-0.19035019251464838,-0.19788217382363843,0.008253651839853486
full13,random_forest,0.36676506996154784,0.017159703485601693,0.09628238677978515,0.009901410227346388,entropy,8,sqrt,700,"{'model__criterion': 'entropy', 'model__max_depth': 8, 'model__max_features': 'sqrt', 'model__n_estimators': 700}",0.9173976608187134,0.8885381253035454,0.8800388538125304,0.8890237979601748,0.8361749444032617,0.8822346764596452,0.026262450994970456,19,0.9966008170233522,0.997254004576659,0.9968115942028986,0.9962013729977116,0.9978127136021874,0.9969361004805618,0.0005544826170824217,0.9217274690483062,0.9080445077374428,0.9034145909736397,0.9116321078903733,0.8015853866643613,0.8892808124628246,0.044259899665930164,18,0.9973623027768579,0.9978508753826346,0.997448184702224,0.9969580157969913,0.9982837232723383,0.9975806203862092,0.0004517144440986272,0.8603801169590644,0.8034239922292374,0.7963817387081107,0.7751335599805731,0.7804546577711885,0.8031548131296349,0.030401217325031874,14,0.9621059691482227,0.9699084668192219,0.9651411136536994,0.959954233409611,0.9708133971291866,0.9655846360319883,0.004243459069356699,0.8732394366197183,0.8251748251748252,0.8169014084507042,0.8301886792452831,0.8187919463087249,0.8328592591598512,0.02073298601044991,14,0.9667250437828371,0.9738219895287958,0.9705372616984402,0.967409948542024,0.9736379613356766,0.9704264409775547,0.0029884933332139847,0.8611111111111112,0.8309859154929577,0.8169014084507042,0.9295774647887324,0.8591549295774648,0.8595461658841941,0.03883618978385764,9,0.971830985915493,0.9789473684210527,0.9824561403508771,0.9894736842105263,0.9719298245614035,0.9789276006918705,0.00667834818689765,-0.12371805355506539,-0.13668502016886575,-0.13768066019346217,-0.1417941555425171,-0.15828123535949462,-0.139631824963881,0.011119487439163836,5,-0.04962184669401357,-0.044192326713602625,-0.04728075877836751,-0.04995763872904809,-0.04478008658656446,-0.047166531500319256,0.0023821382652320197,-0.3971959959055473,-0.4233537336754725,-0.4295928012660852,-0.4316415227073292,-0.5107250476257656,-0.4385018202360399,0.038153019607484365,6,-0.2069190321545581,-0.1867433968038161,-0.1971378840535291,-0.20584429264685147,-0.18931528887087953,-0.19719197890592685,0.008254648848726629
full13,random_forest,0.07468385696411133,0.0028009277579803637,0.03819847106933594,0.0010163859472905263,entropy,8,log2,100,"{'model__criterion': 'entropy', 'model__max_depth': 8, 'model__max_features': 'log2', 'model__n_estimators': 100}",0.9096003898635477,0.8868382710053424,0.8819815444390481,0.8907236522583779,0.8275265628860885,0.879334084090481,0.027543103126169116,23,0.9946039875617341,0.9948131197559116,0.9950114416475973,0.9935926773455377,0.9960963013594593,0.994823505534048,0.0008023170483229447,0.9122140992884532,0.9068947626049201,0.90714084331504,0.9119407154375733,0.7887783780889679,0.8853937597469909,0.048360794472578524,24,0.995778664415152,0.9960497291479655,0.9959950675792817,0.9948239510379236,0.9969643282550121,0.9959223480870671,0.0006832800018669328,0.8501461988304093,0.8206653715395823,0.7893394851869839,0.7626274890723652,0.7488262910798122,0.7943209671418305,0.037174026956330423,27,0.9556124626547162,0.9516018306636156,0.9538520213577422,0.9542715484363081,0.9612212349054454,0.9553118196035655,0.0032245548036522608,0.8529411764705882,0.8368794326241135,0.8085106382978723,0.8129032258064516,0.7919463087248322,0.8206361563847715,0.021621249310287104,27,0.9616724738675958,0.9583333333333334,0.9623287671232876,0.9621993127147767,0.9647887323943662,0.9618645238866719,0.0020680807852912126,0.8055555555555556,0.8309859154929577,0.8028169014084507,0.8873239436619719,0.8309859154929577,0.8315336463223788,0.030373244586985173,30,0.971830985915493,0.968421052631579,0.9859649122807017,0.9824561403508771,0.9614035087719298,0.9740153199901161,0.009046160833252794,-0.129281124407547,-0.13736797177041551,-0.138659959304619,-0.14069191329392872,-0.16184389254793013,-0.14156897226488807,0.010853051105057826,13,-0.05363757854025829,-0.04982835778234764,-0.051181086442359885,-0.05451758383674218,-0.04857862630298789,-0.051548646580939175,0.0022402562182497606,-0.4100561851098022,-0.4278645866879869,-0.43039282288030545,-0.43041685517582584,-0.5166016317870447,-0.44306641632819294,0.03754685145338028,11,-0.21830898637822566,-0.20269954930739792,-0.20735500783636096,-0.21822444732281357,-0.19892679226918558,-0.20910295662279674,0.00794437974428398
full13,random_forest,0.18322696685791015,0.020637068061491577,0.06536302566528321,0.0021355813905113374,entropy,8,log2,300,"{'model__criterion': 'entropy', 'model__max_depth': 8, 'model__max_features': 'log2', 'model__n_estimators': 300}",0.9188596491228069,0.889752306945119,0.8902379796017483,0.888052452646916,0.8341981714850506,0.8842201119603281,0.027508539805596487,14,0.9949545759404914,0.9961708619374523,0.9958199847444699,0.9946758199847444,0.9965823650034176,0.9956407215221151,0.0007213469823523722,0.9170765574936688,0.910008843157583,0.9139019802404221,0.91091729850476,0.8030033225498477,0.8909816003892563,0.04405890601707755,13,0.9961033355900613,0.996992368598304,0.9966631211732415,0.9957071716884112,0.9973451392485313,0.9965622272597099,0.0005915832874038005,0.8622076023391813,0.8136231180184555,0.7822972316658572,0.7767119961146187,0.7734124042500617,0.8016504704776348,0.03347946907812832,16,0.960345405767941,0.9598779557589626,0.9586193745232647,0.9499237223493516,0.9586466165413534,0.9574826149881746,0.0038397189542618386,0.8714285714285714,0.8285714285714286,0.8,0.8280254777070064,0.8108108108108109,0.8277672577035634,0.024353912934685928,16,0.9649122807017544,0.9651567944250871,0.9655172413793104,0.958904109589041,0.9632224168126094,0.9635425685815605,0.0024494476113905987,0.8472222222222222,0.8169014084507042,0.7887323943661971,0.9154929577464789,0.8450704225352113,0.8426838810641627,0.04219704392247367,18,0.9683098591549296,0.9719298245614035,0.9824561403508771,0.9824561403508771,0.9649122807017544,0.9740128490239683,0.0072423996714817175,-0.1236917749837334,-0.13590875533518554,-0.1357100032232536,-0.14118235534478557,-0.15838044738058016,-0.13897466725350766,0.011270162663418147,3,-0.05370102998627837,-0.047513149277260656,-0.05027806365356733,-0.053399389481097806,-0.048470514245002795,-0.0506724293286414,0.002513711931817498,-0.3987769727535835,-0.42171423677251585,-0.4236897299335571,-0.4313263914941221,-0.5058424460099752,-0.43626995539275076,0.03644344944990829,2,-0.21920850707670755,-0.19685808398762825,-0.20660190186604185,-0.215773462258957,-0.20066738634405193,-0.20782186830667732,0.008552927986666571
full13,random_forest,0.3598433017730713,0.010937941250695759,0.09230914115905761,0.008487088180741321,entropy,8,log2,700,"{'model__criterion': 'entropy', 'model__max_depth': 8, 'model__max_features': 'log2', 'model__n_estimators': 700}",0.919103313840156,0.8919378338999515,0.8904808159300632,0.8882952889752307,0.8337039782554979,0.8847042461801798,0.027867229219984333,13,0.9952137064813121,0.9959420289855072,0.995392829900839,0.9947520976353927,0.9969621022252602,0.9956525530456624,0.0007575721402502997,0.9173709199503765,0.910528531036839,0.913509994252518,0.9096472875924563,0.7907245746123204,0.8883562614889019,0.04889053955397691,22,0.9962955564452419,0.9968175014645577,0.9963380556783981,0.9957832111586908,0.9976299442963267,0.9965728538086431,0.0006217479037415498,0.8464912280701755,0.7979601748421564,0.7893394851869839,0.7680913064594463,0.7734124042500617,0.7950589197617648,0.027864799844427003,24,0.9625099079324432,0.9642257818459192,0.9607932875667429,0.9546910755148741,0.9612212349054454,0.9606882575530848,0.0032278096842393226,0.8571428571428571,0.8142857142857143,0.8085106382978723,0.8227848101265823,0.8108108108108109,0.8227069661327674,0.017887472529441256,22,0.9666080843585237,0.9685314685314685,0.9671848013816926,0.9620689655172414,0.9647887323943662,0.9658364104366586,0.002234647507679049,0.8333333333333334,0.8028169014084507,0.8028169014084507,0.9154929577464789,0.8450704225352113,0.839906103286385,0.04131455399061031,20,0.9683098591549296,0.9719298245614035,0.9824561403508771,0.9789473684210527,0.9614035087719298,0.9726093402520386,0.007505304946456424,-0.12347707127267357,-0.13491291849695314,-0.13545295569529503,-0.13989864856288828,-0.1578886378533795,-0.13832604637623788,0.011185385255292155,1,-0.05359837703131323,-0.04746068085627458,-0.05044741877857273,-0.05284611444348455,-0.047988768207399335,-0.05046827186340889,0.0024757088114424706,-0.39826121704169004,-0.4195610093474728,-0.4240284421709538,-0.42858941935168215,-0.5072664002250699,-0.4355412976273737,0.03733775252195637,1,-0.21905477213263405,-0.19727107451883807,-0.207117385172438,-0.21462551517671574,-0.1998035888409142,-0.20757446716830802,0.00834589784397171
full13,random_forest,0.07149758338928222,0.0008715499162559133,0.03635272979736328,0.0008074183447377823,entropy,,sqrt,100,"{'model__criterion': 'entropy', 'model__max_depth': None, 'model__max_features': 'sqrt', 'model__n_estimators': 100}",0.9094785575048734,0.8823457989315202,0.8681398737251093,0.8825886352598349,0.8211020509019027,0.8727309832646482,0.02907448069846818,33,0.9999999999999999,1.0,1.0,1.0,1.0,1.0,4.965068306494546e-17,0.9168650757436655,0.9031013730922381,0.8890372287988313,0.9004741497060135,0.7954056601400107,0.8809766974961517,0.043692109597116245,34,1.0,0.9999999999999999,1.0,1.0,1.0,1.0,4.965068306494546e-17,0.8377192982456141,0.7924963574550752,0.7963817387081107,0.7626274890723652,0.7804546577711885,0.7939359082504707,0.02484753854410523,30,1.0,1.0,1.0,1.0,1.0,1.0,0.0,0.851063829787234,0.8029197080291971,0.8169014084507042,0.8129032258064516,0.8187919463087249,0.8205160236764625,0.016228316979584545,28,1.0,1.0,1.0,1.0,1.0,1.0,0.0,0.8333333333333334,0.7746478873239436,0.8169014084507042,0.8873239436619719,0.8591549295774648,0.8342723004694836,0.03818722893457796,28,1.0,1.0,1.0,1.0,1.0,1.0,0.0,-0.1270736434108527,-0.14115968992248062,-0.14418914728682172,-0.1437782945736434,-0.1653015625,-0.14430046753875972,0.012230772665238946,32,-0.020242330097087383,-0.019598834951456312,-0.019722135922330096,-0.02033514563106796,-0.019393023255813952,-0.01985829397155114,0.0003680233925444627,-0.4024477647290722,-0.4316447847714522,-0.44707005223507296,-0.4408274555422873,-0.5262915716289002,-0.44965632578135695,0.041256908543531735,25,-0.12092064695207227,-0.11485035045295014,-0.11659333725436974,-0.11910647211532713,-0.11345995651184988,-0.11698615265731385,0.002724922538816701
full13,random_forest,0.1655019760131836,0.0009563557669243401,0.06609344482421875,0.0028600709563133026,entropy,,sqrt,300,"{'model__criterion': 'entropy', 'model__max_depth': None, 'model__max_features': 'sqrt', 'model__n_estimators': 300}",0.9064327485380117,0.8824672170956775,0.8737251092763478,0.8817387081107333,0.8219668890536199,0.8732661344148781,0.027886527042575524,32,1.0,1.0,1.0,1.0,1.0,1.0,0.0,0.9099439442465245,0.9064523123670749,0.893537118478828,0.9025267104442171,0.7840471528763312,0.8793014476825951,0.047940754856779406,36,0.9999999999999999,1.0,1.0,1.0,1.0,1.0,4.965068306494546e-17,0.8483187134502923,0.7838756677999028,0.7963817387081107,0.769669742593492,0.7734124042500617,0.7943316533603719,0.02854455453195649,26,1.0,1.0,1.0,1.0,1.0,1.0,0.0,0.855072463768116,0.7971014492753623,0.8169014084507042,0.8205128205128205,0.8108108108108109,0.8200797905635626,0.019228598283842175,30,1.0,1.0,1.0,1.0,1.0,1.0,0.0,0.8194444444444444,0.7746478873239436,0.8169014084507042,0.9014084507042254,0.8450704225352113,0.8314945226917059,0.041622027121109836,32,1.0,1.0,1.0,1.0,1.0,1.0,0.0,-0.12981498708010336,-0.13980077519379847,-0.1418996554694229,-0.14554384151593455,-0.16262977430555556,-0.14393780671296297,0.010702262610637779,31,-0.019421445523193095,-0.018982286947141318,-0.019230075512405614,-0.019780237324703343,-0.018854005167958657,-0.019253610095080403,0.00032843848583237944,-0.4103859528461031,-0.4287338873103926,-0.4445825757133755,-0.4411146077557962,-0.5390393829624238,-0.4527712813176182,0.0447647867853633,35,-0.11932878091843517,-0.11392747765308174,-0.11614401305611094,-0.11888679491174509,-0.11367112208751953,-0.1163916377253785,0.0023827390833140996
full13,random_forest,0.36867494583129884,0.019795053314631807,0.09233360290527344,0.006017290624993818,entropy,,sqrt,700,"{'model__criterion': 'entropy', 'model__max_depth': None, 'model__max_features': 'sqrt', 'model__n_estimators': 700}",0.905458089668616,0.8839242350655658,0.8762748907236522,0.8827100534239922,0.8255497899678775,0.8747834117699409,0.02650847482537997,28,1.0,1.0,1.0,1.0,1.0,1.0,0.0,0.9094086678517422,0.9061548593988337,0.8968685939692036,0.903588595994127,0.7859820707025791,0.880400557583297,0.047388788834377284,35,1.0,1.0,1.0,1.0,1.0,1.0,0.0,0.8483187134502923,0.7822972316658572,0.7893394851869839,0.7767119961146187,0.7734124042500617,0.7940159661335628,0.027683643974074846,28,1.0,1.0,1.0,1.0,1.0,1.0,0.0,0.855072463768116,0.8,0.8085106382978723,0.8280254777070064,0.8108108108108109,0.8204838781167612,0.019543602264214702,29,1.0,1.0,1.0,1.0,1.0,1.0,0.0,0.8194444444444444,0.7887323943661971,0.8028169014084507,0.9154929577464789,0.8450704225352113,0.8343114241001566,0.04471370583533725,27,1.0,1.0,1.0,1.0,1.0,1.0,0.0,-0.1300094288878342,-0.13804048410061698,-0.14081023572219586,-0.14555258661604176,-0.1633233418367347,-0.1435472154326847,0.011101382810849656,27,-0.019574032098276205,-0.018781176936794135,-0.019131472161680204,-0.019650842084406577,-0.01852509887676001,-0.019132524431583427,0.0004372628918615891,-0.40994609579427316,-0.4244856266647056,-0.4389011901430955,-0.44198306190016245,-0.537481805145354,-0.45055955592951813,0.04493162379182188,26,-0.11969694401692509,-0.1137150526177176,-0.11635915849141097,-0.11880362682138129,-0.11285034939666357,-0.11628502626881972,0.002697843465922726
full13,random_forest,0.07258615493774415,0.0009714450433809291,0.03710074424743652,0.00023962513799318275,entropy,,log2,100,"{'model__criterion': 'entropy', 'model__max_depth': None, 'model__max_features': 'log2', 'model__n_estimators': 100}",0.9043615984405459,0.890116561437591,0.8719038368139874,0.8753035454103933,0.8274030145787002,0.8738177113362436,0.025918241636901627,30,1.0,1.0,1.0,1.0,1.0,1.0,0.0,0.9150945346691959,0.9093487602734472,0.8903694938586495,0.8953956950989486,0.8069352848395848,0.8834287537479654,0.039286640894461086,30,1.0,1.0,1.0,1.0,1.0,1.0,0.0,0.8099415204678362,0.8113161728994658,0.7736765420106848,0.7712481787275376,0.7734124042500617,0.7879189636711172,0.018566767727125153,34,1.0,1.0,1.0,1.0,1.0,1.0,0.0,0.8175182481751825,0.8120300751879699,0.7943262411347518,0.8181818181818182,0.8108108108108109,0.8105734386981066,0.00862864277957107,36,1.0,1.0,1.0,1.0,1.0,1.0,0.0,0.7777777777777778,0.7605633802816901,0.7887323943661971,0.8873239436619719,0.8450704225352113,0.8118935837245698,0.047171093960463324,36,1.0,1.0,1.0,1.0,1.0,1.0,0.0,-0.13053023255813953,-0.1358961240310078,-0.14382403100775193,-0.146515503875969,-0.16221640625,-0.14379645954457365,0.010817545734360681,29,-0.020388737864077668,-0.01963223300970874,-0.01946718446601942,-0.019603689320388352,-0.019302906976744187,-0.019678950327387673,0.0003736036551722519,-0.4061069150275978,-0.42106058401398966,-0.4461249278075113,-0.44639335631135096,-0.5160628318148112,-0.4471497229950522,0.03772477732622711,17,-0.12151983137234594,-0.11529851763389483,-0.11486769159161216,-0.11834067033572371,-0.11372867157969581,-0.11675107650265448,0.0028305416114241025
full13,random_forest,0.16540775299072266,0.0009839405479996086,0.06304216384887695,0.001770052461225336,entropy,,log2,300,"{'model__criterion': 'entropy', 'model__max_depth': None, 'model__max_features': 'log2', 'model__n_estimators': 300}",0.8998538011695906,0.8895094706168042,0.8817387081107334,0.878581835842642,0.8233259204348901,0.8746019472349319,0.02666793645577088,29,1.0,1.0,1.0,1.0,1.0,1.0,0.0,0.9095673185672901,0.911581801540911,0.9035394148678045,0.899469858488724,0.7970831626065694,0.8842483112142598,0.0437944680072295,28,0.9999999999999999,1.0,1.0,1.0,1.0,1.0,4.965068306494546e-17,0.8344298245614035,0.7940747935891209,0.7736765420106848,0.7610490529383196,0.7646404744255004,0.7855741375050058,0.026982920943029533,36,1.0,1.0,1.0,1.0,1.0,1.0,0.0,0.8382352941176471,0.8,0.7943262411347518,0.8152866242038217,0.8053691275167785,0.8106434573945996,0.015428685875413671,35,1.0,1.0,1.0,1.0,1.0,1.0,0.0,0.7916666666666666,0.7605633802816901,0.7887323943661971,0.9014084507042254,0.8450704225352113,0.8174882629107982,0.05007488496146095,34,1.0,1.0,1.0,1.0,1.0,1.0,0.0,-0.13244108527131782,-0.1367440137812231,-0.13839112833763995,-0.14594909560723515,-0.16447612847222223,-0.14360029029392768,0.011313613557907155,28,-0.019543236245954693,-0.01897846817691478,-0.01909495145631068,-0.019329665587918016,-0.01866322136089578,-0.01912190856559879,0.0003007908832269654,-0.4148885029023752,-0.42175060408249754,-0.4305163253836169,-0.4458870918225476,-0.5240629958916878,-0.447421104016545,0.03969747857574415,19,-0.12031159568769313,-0.11492140881364439,-0.11588836778643401,-0.11821909372556015,-0.1137744214982424,-0.11662297750231483,0.002353837286682222
full13,random_forest,0.3599740505218506,0.005871167864657955,0.08936762809753418,0.002180495392027165,entropy,,log2,700,"{'model__criterion': 'entropy', 'model__max_depth': None, 'model__max_features': 'log2', 'model__n_estimators': 700}",0.9019249512670566,0.8913307430791646,0.8821029626032054,0.8824672170956774,0.8217197924388436,0.8759091332967894,0.028044626865589836,25,1.0,1.0,1.0,1.0,1.0,1.0,0.0,0.9105098013448922,0.912802113297174,0.9045933196212018,0.9023841853181148,0.7901017837847851,0.8840782406732336,0.04714072290694143,29,1.0,1.0,1.0,1.0,1.0,1.0,0.0,0.8483187134502923,0.7979601748421564,0.7822972316658572,0.769669742593492,0.7874969112923152,0.7971485547688226,0.02715822160931606,20,1.0,1.0,1.0,1.0,1.0,1.0,0.0,0.855072463768116,0.8142857142857143,0.8,0.8205128205128205,0.8266666666666667,0.8233075330466633,0.01818097539209189,20,1.0,1.0,1.0,1.0,1.0,1.0,0.0,0.8194444444444444,0.8028169014084507,0.7887323943661971,0.9014084507042254,0.8732394366197183,0.8371283255086072,0.043053702431397244,22,1.0,1.0,1.0,1.0,1.0,1.0,0.0,-0.13135418446448346,-0.13457435532352474,-0.1382344723936086,-0.14338764436006962,-0.16402632334183675,-0.14231539597670465,0.011569268681732435,19,-0.019532890826233405,-0.018969661184862294,-0.01899812958192986,-0.01939684565088171,-0.0183093932922006,-0.019041384107221577,0.0004267920919323733,-0.4130323827926275,-0.4168702498357227,-0.4301364901061515,-0.4388232920559715,-0.5255388837980205,-0.44488025971769873,0.0413732453558266,13,-0.12045598596701561,-0.11519596629708077,-0.11610654106235778,-0.11860083639973573,-0.11298745826478493,-0.11666935759819497,0.0026120180644449856
