feature_set,model,mean_fit_time,std_fit_time,mean_score_time,std_score_time,param_model__n_neighbors,param_model__p,param_model__weights,params,split0_test_roc_auc,split1_test_roc_auc,split2_test_roc_auc,split3_test_roc_auc,split4_test_roc_auc,mean_test_roc_auc,std_test_roc_auc,rank_test_roc_auc,split0_train_roc_auc,split1_train_roc_auc,split2_train_roc_auc,split3_train_roc_auc,split4_train_roc_auc,mean_train_roc_auc,std_train_roc_auc,split0_test_average_precision,split1_test_average_precision,split2_test_average_precision,split3_test_average_precision,split4_test_average_precision,mean_test_average_precision,std_test_average_precision,rank_test_average_precision,split0_train_average_precision,split1_train_average_precision,split2_train_average_precision,split3_train_average_precision,split4_train_average_precision,mean_train_average_precision,std_train_average_precision,split0_test_balanced_accuracy,split1_test_balanced_accuracy,split2_test_balanced_accuracy,split3_test_balanced_accuracy,split4_test_balanced_accuracy,mean_test_balanced_accuracy,std_test_balanced_accuracy,rank_test_balanced_accuracy,split0_train_balanced_accuracy,split1_train_balanced_accuracy,split2_train_balanced_accuracy,split3_train_balanced_accuracy,split4_train_balanced_accuracy,mean_train_balanced_accuracy,std_train_balanced_accuracy,split0_test_f1,split1_test_f1,split2_test_f1,split3_test_f1,split4_test_f1,mean_test_f1,std_test_f1,rank_test_f1,split0_train_f1,split1_train_f1,split2_train_f1,split3_train_f1,split4_train_f1,mean_train_f1,std_train_f1,split0_test_sensitivity,split1_test_sensitivity,split2_test_sensitivity,split3_test_sensitivity,split4_test_sensitivity,mean_test_sensitivity,std_test_sensitivity,rank_test_sensitivity,split0_train_sensitivity,split1_train_sensitivity,split2_train_sensitivity,split3_train_sensitivity,split4_train_sensitivity,mean_train_sensitivity,std_train_sensitivity,split0_test_neg_brier,split1_test_neg_brier,split2_test_neg_brier,split3_test_neg_brier,split4_test_neg_brier,mean_test_neg_brier,std_test_neg_brier,rank_test_neg_brier,split0_train_neg_brier,split1_train_neg_brier,split2_train_neg_brier,split3_train_neg_brier,split4_train_neg_brier,mean_train_neg_brier,std_train_neg_brier,split0_test_neg_log_loss,split1_test_neg_log_loss,split2_test_neg_log_loss,split3_test_neg_log_loss,split4_test_neg_log_loss,mean_test_neg_log_loss,std_test_neg_log_loss,rank_test_neg_log_loss,split0_train_neg_log_loss,split1_train_neg_log_loss,split2_train_neg_log_loss,split3_train_neg_log_loss,split4_train_neg_log_loss,mean_train_neg_log_loss,std_train_neg_log_loss
full13,knn,0.012167596817016601,0.0006816045609782891,0.010976696014404297,0.0003162284522797472,5,1,uniform,"{'model__n_neighbors': 5, 'model__p': 1, 'model__weights': 'uniform'}",0.8771929824561404,0.8947304516755707,0.872146673142302,0.8397280233122876,0.7862614282184335,0.8540119117609468,0.03825804122317605,17,0.9285714285714286,0.9386422578184592,0.9307704042715483,0.9293440122044241,0.940624287992709,0.9335904781717138,0.0050233675378388845,0.8694201269976963,0.9040469363834038,0.8682581226854731,0.8294305864083233,0.7638107021830107,0.8469932949315814,0.04782899991821907,18,0.9255753089834737,0.9340446784772476,0.9251977772005662,0.9257388324193289,0.9371747361314502,0.9295462666424132,0.005051805148637571,0.8117690058479532,0.8050024283632832,0.7995386109762019,0.7501214181641573,0.7399308129478626,0.7812724552598916,0.03002106649373385,19,0.8429973782086457,0.8543859649122807,0.8543096872616324,0.8485507246376811,0.8690362269309637,0.8538559963902408,0.008683105417911369,0.8148148148148148,0.8226950354609929,0.8115942028985508,0.7947019867549668,0.7659574468085106,0.8019526973475672,0.02018349895786007,19,0.8591549295774648,0.8779661016949153,0.8743545611015491,0.8651488616462347,0.8858131487889274,0.8724875205618183,0.00940943097420232,0.7638888888888888,0.8169014084507042,0.7887323943661971,0.8450704225352113,0.7605633802816901,0.7950312989045383,0.03218626694552915,19,0.8591549295774648,0.9087719298245615,0.8912280701754386,0.8666666666666667,0.8982456140350877,0.8848134420558438,0.01888515053572437,-0.1426356589147287,-0.13426356589147287,-0.14325581395348838,-0.16899224806201552,-0.1978125,-0.1573919573643411,0.02332761624264315,17,-0.10625242718446604,-0.09786407766990292,-0.10291262135922331,-0.10578640776699033,-0.09612403100775195,-0.1017879129976669,0.004114872030041374,-1.7097643596972891,-1.1557396114182155,-1.4504357843199922,-2.280158854005987,-3.680595052819317,-2.05533873245216,0.8929288881291527,17,-0.3155448071884985,-0.29151534682947833,-0.30730858275009076,-0.3139899242312609,-0.29002453568961517,-0.3036766393377887,0.010905826294874368
full13,knn,0.012274837493896485,0.0007707050204346249,0.012365007400512695,0.0004230915028511623,5,1,distance,"{'model__n_neighbors': 5, 'model__p': 1, 'model__weights': 'distance'}",0.8670808966861598,0.8903593977659059,0.866318601262749,0.8398494414764449,0.7862614282184335,0.8499739530819387,0.03564427231880822,18,1.0,1.0,1.0,1.0,1.0,1.0,0.0,0.8782094506724789,0.9176253633269528,0.8821714213212619,0.8431973516969646,0.7703423901300078,0.8583091954295332,0.04990062206602103,17,1.0,1.0,1.0,1.0,1.0,1.0,0.0,0.8029970760233918,0.8050024283632832,0.7995386109762019,0.7501214181641573,0.7346182357301705,0.778455553851441,0.02992006637626545,20,1.0,1.0,1.0,1.0,1.0,1.0,0.0,0.8088235294117647,0.8226950354609929,0.8115942028985508,0.7947019867549668,0.7536231884057971,0.7982875885864145,0.024048121259053118,20,1.0,1.0,1.0,1.0,1.0,1.0,0.0,0.7638888888888888,0.8169014084507042,0.7887323943661971,0.8450704225352113,0.7323943661971831,0.7893974960876369,0.03938636351160168,20,1.0,1.0,1.0,1.0,1.0,1.0,0.0,-0.14871224716403036,-0.13689156363350463,-0.1470210685831223,-0.1680168905057596,-0.19896278817344398,-0.1599209116119722,0.02196453494558317,18,-0.0,-0.0,-0.0,-0.0,-0.0,0.0,0.0,-1.7240868314100455,-1.1613640415172386,-1.460175193906375,-2.2786218549871142,-3.6842704296192887,-2.0617036702880123,0.8906412827021902,18,-2.2204460492503136e-16,-2.2204460492503136e-16,-2.2204460492503136e-16,-2.2204460492503136e-16,-2.2204460492503136e-16,-2.2204460492503136e-16,0.0
full13,knn,0.012770509719848633,0.0007623740664290109,0.011438751220703125,0.0005750344672870692,5,2,uniform,"{'model__n_neighbors': 5, 'model__p': 2, 'model__weights': 'uniform'}",0.8583089668615985,0.8620689655172414,0.8754249635745508,0.8331714424477902,0.791203360513961,0.8440355397830283,0.029743903131468248,19,0.9258505578928115,0.9346376811594203,0.9303051106025935,0.9298321891685736,0.9313586997797524,0.9303968477206302,0.002825095885698821,0.8506816921653784,0.8620973742305307,0.858137515228331,0.8122023780309129,0.7649067547993598,0.8296051428909024,0.036885769462937736,20,0.921001936675041,0.9284664394410296,0.9237951042943711,0.9223660422170338,0.927499531966852,0.9246258109188655,0.0028961281989481114,0.8220029239766082,0.8152015541525013,0.8449490043710539,0.7587421078193297,0.7452433901655546,0.7972277960970097,0.03846479772850904,17,0.843546125236266,0.8456903127383677,0.8495423340961099,0.8468726163234173,0.8555251765778081,0.8482353129943938,0.004127296102204452,0.8368794326241135,0.8260869565217391,0.8571428571428571,0.8,0.7777777777777778,0.8195774048132975,0.027868911848394122,16,0.8626086956521739,0.8720538720538721,0.8717948717948718,0.8670120898100173,0.8734835355285961,0.8693906129679062,0.00403180355285001,0.8194444444444444,0.8028169014084507,0.8450704225352113,0.8450704225352113,0.7887323943661971,0.820226917057903,0.022494556660158704,12,0.8732394366197183,0.9087719298245615,0.8947368421052632,0.8807017543859649,0.8842105263157894,0.8883320978502594,0.012343463018346506,-0.1516279069767442,-0.1516279069767442,-0.13829457364341086,-0.16961240310077522,-0.19281250000000003,-0.1607950581395349,0.018853155061670727,19,-0.10741747572815535,-0.10089320388349517,-0.10353398058252429,-0.10368932038834952,-0.10310077519379847,-0.10372695115526456,0.002101468309285275,-1.7413471695432532,-1.9885308781988151,-1.955562276707352,-2.801546396958948,-2.883356321377253,-2.274068608557124,0.47249011518177686,19,-0.3202536442303526,-0.3023603950655359,-0.3108541563520984,-0.3121320915896205,-0.30739562153078703,-0.3105991817536789,0.005895148420843749
full13,knn,0.012772560119628906,0.0007837476911602112,0.01228785514831543,0.0005713701521755875,5,2,distance,"{'model__n_neighbors': 5, 'model__p': 2, 'model__weights': 'distance'}",0.8551413255360625,0.8642544924720739,0.8674113647401651,0.8325643516270034,0.788608846058809,0.8415960760868227,0.029163420021474422,20,1.0,1.0,1.0,1.0,1.0,1.0,0.0,0.8606216573063614,0.881840384122083,0.8621311895462738,0.8222641621450948,0.7699273197955299,0.8393569425830686,0.03971985117173436,19,1.0,1.0,1.0,1.0,1.0,1.0,0.0,0.8132309941520468,0.8152015541525013,0.8363283147158815,0.7587421078193297,0.7382011366444279,0.7923408214968374,0.03729313879928857,18,1.0,1.0,1.0,1.0,1.0,1.0,0.0,0.8309859154929577,0.8260869565217391,0.851063829787234,0.8,0.7692307692307693,0.8154734942065399,0.028276390927324764,17,1.0,1.0,1.0,1.0,1.0,1.0,0.0,0.8194444444444444,0.8028169014084507,0.8450704225352113,0.8450704225352113,0.7746478873239436,0.8174100156494524,0.026742826031934504,14,1.0,1.0,1.0,1.0,1.0,1.0,0.0,-0.15517704035221755,-0.14964408558146478,-0.14196627097177314,-0.1701910663381094,-0.19493904298706952,-0.16238350124612688,0.018718495948554584,20,-0.0,-0.0,-0.0,-0.0,-0.0,0.0,0.0,-1.748675172077528,-1.9828106122353881,-1.9635245748453127,-2.8034480238875665,-2.889797639198677,-2.277651204448895,0.47256908700738415,20,-2.2204460492503136e-16,-2.2204460492503136e-16,-2.2204460492503136e-16,-2.2204460492503136e-16,-2.2204460492503136e-16,-2.2204460492503136e-16,0.0
full13,knn,0.013315296173095703,0.0007308139915543865,0.01237788200378418,0.00032958357278500675,10,1,uniform,"{'model__n_neighbors': 10, 'model__p': 1, 'model__weights': 'uniform'}",0.8888888888888888,0.8857455075279262,0.8963088878096163,0.8689898008742107,0.828514949345194,0.8736896068891673,0.024293343300873023,13,0.9130617035546613,0.9212890922959573,0.9122501906941267,0.9106407322654463,0.9274246221614643,0.9169332681943312,0.006411831995870713,0.8747772497897934,0.8941829358703324,0.9011176740362354,0.8667691990757715,0.799339496178845,0.8672373109901956,0.03616940354038222,16,0.9158216177081626,0.9183336597779082,0.9099136336934246,0.9120122053691719,0.9317897874104066,0.9175741807918147,0.007685718049418514,0.8048245614035088,0.8167799902865469,0.8065808644973288,0.7932248664400194,0.7715591796392389,0.7985938924533286,0.015447001324979958,16,0.8238903115663679,0.8472158657513349,0.8314263920671243,0.8287566742944317,0.8547732968785601,0.8372125081115638,0.011755081040977413,0.8059701492537313,0.8235294117647058,0.8201438848920863,0.821917808219178,0.7943262411347518,0.8131774990528907,0.011308416768049438,18,0.8315018315018315,0.8626760563380281,0.8443649373881932,0.8390596745027125,0.8623188405797102,0.8479842680620951,0.012535926385376898,0.75,0.7887323943661971,0.8028169014084507,0.8450704225352113,0.7887323943661971,0.7950704225352112,0.030566949879170007,18,0.7992957746478874,0.8596491228070176,0.8280701754385965,0.8140350877192982,0.8350877192982457,0.827227575982209,0.020336547384710336,-0.13767441860465118,-0.13720930232558143,-0.12852713178294575,-0.15023255813953487,-0.164921875,-0.14371305717054264,0.012662497062572504,14,-0.11871844660194175,-0.11011650485436893,-0.11761165048543691,-0.11953398058252428,-0.10784883720930234,-0.11476588394671486,0.004814938125806272,-0.672930315535596,-0.9332056352130994,-0.6490483864222746,-0.9495981937964028,-1.7873750152895682,-0.9984315092513881,0.4140267036533827,13,-0.3623864002869872,-0.3399680254746558,-0.36493100006610973,-0.36718552776586955,-0.3328872428855424,-0.3534716392958329,0.01417692217351027
full13,knn,0.013152027130126953,0.0008305099162782461,0.013791799545288086,0.0006731335040556812,10,1,distance,"{'model__n_neighbors': 10, 'model__p': 1, 'model__weights': 'distance'}",0.883650097465887,0.8926663428848955,0.8950947061680427,0.866682855755221,0.8240672102792191,0.872432242510653,0.026157515698495795,15,1.0,1.0,1.0,1.0,1.0,1.0,0.0,0.8815178866874964,0.9179238199423136,0.9187843315118807,0.8738187177299028,0.7953665311173916,0.877482257397797,0.04497573042517015,13,1.0,1.0,1.0,1.0,1.0,1.0,0.0,0.839546783625731,0.8292860611947548,0.8206653715395823,0.7673627974745022,0.7645169261181122,0.8042755879905364,0.031879495961467316,7,1.0,1.0,1.0,1.0,1.0,1.0,0.0,0.8489208633093526,0.8428571428571429,0.8368794326241135,0.8053691275167785,0.7857142857142857,0.8239481704043345,0.024312190135220985,9,1.0,1.0,1.0,1.0,1.0,1.0,0.0,0.8194444444444444,0.8309859154929577,0.8309859154929577,0.8450704225352113,0.7746478873239436,0.820226917057903,0.024194098759540646,12,1.0,1.0,1.0,1.0,1.0,1.0,0.0,-0.14029427466044048,-0.13593953431990846,-0.13091306569752095,-0.1511154211212806,-0.1687325835170106,-0.14539897586323222,0.01343514491577317,16,-0.0,-0.0,-0.0,-0.0,-0.0,0.0,0.0,-0.6806114528489581,-0.9289873647988791,-0.6558041415232765,-0.9567660036369084,-1.7973652849520083,-1.003906849552006,0.41547728845822623,14,-2.2204460492503136e-16,-2.2204460492503136e-16,-2.2204460492503136e-16,-2.2204460492503136e-16,-2.2204460492503136e-16,-2.2204460492503136e-16,0.0
full13,knn,0.013469457626342773,0.0009659933752927541,0.012308931350708008,0.0005064256575910014,10,2,uniform,"{'model__n_neighbors': 10, 'model__p': 2, 'model__weights': 'uniform'}",0.8809697855750488,0.8787032540067995,0.900922778047596,0.8818601262748907,0.8197430195206327,0.8724397926849935,0.027528039408869748,14,0.9114611913907688,0.9145156369183829,0.9093974065598779,0.9070785659801678,0.9200729095465937,0.9125051420791582,0.00450574689026012,0.8733533229861149,0.8914180408214563,0.9161345058114571,0.8729979835789843,0.7958079537892337,0.8699423613974492,0.04027853246975106,15,0.914169368886719,0.9172854509793653,0.9077803962738011,0.9027685436148518,0.9243349277996578,0.913267737510879,0.0074803963512544425,0.8048245614035088,0.8269791160757649,0.8465274405050995,0.8041525012141817,0.7715591796392389,0.8108085597675586,0.02513145648307639,2,0.8358103164441193,0.823302822273074,0.8371853546910755,0.8288329519450801,0.8444748234221918,0.8339212537551081,0.007269699415103389,0.8059701492537313,0.8270676691729323,0.855072463768116,0.8421052631578947,0.7943262411347518,0.8249083572974852,0.022379414965625014,8,0.8468468468468469,0.846286701208981,0.8541300527240774,0.8434163701067615,0.8581560283687943,0.8497671998510923,0.005484200944519558,0.75,0.7746478873239436,0.8309859154929577,0.9014084507042254,0.7887323943661971,0.8091549295774648,0.05309317415484724,17,0.8274647887323944,0.8596491228070176,0.8526315789473684,0.8315789473684211,0.8491228070175438,0.8440894489745491,0.012436222143708538,-0.13868217054263565,-0.1394573643410853,-0.12426356589147287,-0.1393798449612403,-0.170625,-0.14248158914728684,0.01521282537980029,13,-0.11858252427184468,-0.11732038834951457,-0.11986407766990294,-0.11966990291262136,-0.11189922480620157,-0.11746722360201703,0.0029279608034877614,-0.6824712967011605,-1.457704078254186,-0.8983667223935915,-0.9302735827930136,-1.5449694014830735,-1.1027570163250051,0.3375515437901101,15,-0.36620512622955376,-0.3594042083469928,-0.3697168466590322,-0.37183385850655437,-0.34647714599823354,-0.3627274371480733,0.009154112613862937
full13,knn,0.013428783416748047,0.0008232645473211448,0.012805938720703125,0.00047027674009781446,10,2,distance,"{'model__n_neighbors': 10, 'model__p': 2, 'model__weights': 'distance'}",0.8792641325536062,0.8822243807673629,0.8977659057795047,0.8776104905293832,0.8144304423029405,0.8702590703865596,0.028815845926473464,16,1.0,1.0,1.0,1.0,1.0,1.0,0.0,0.8807266877935203,0.9074083911590949,0.9208684655458481,0.8803498330977115,0.7949783819283489,0.8768663519049047,0.04382163535960261,14,1.0,1.0,1.0,1.0,1.0,1.0,0.0,0.8307748538011696,0.8238222438076737,0.827707625060709,0.8096163186012628,0.7452433901655546,0.8074328862872739,0.03192749387041014,3,1.0,1.0,1.0,1.0,1.0,1.0,0.0,0.8428571428571429,0.8321167883211679,0.8450704225352113,0.8516129032258064,0.7777777777777778,0.8298870069434212,0.02679969698767683,2,1.0,1.0,1.0,1.0,1.0,1.0,0.0,0.8194444444444444,0.8028169014084507,0.8450704225352113,0.9295774647887324,0.7887323943661971,0.8371283255086073,0.04988402526506682,1,1.0,1.0,1.0,1.0,1.0,1.0,0.0,-0.14123638344451825,-0.1372571578900663,-0.12583473624407154,-0.1413118256712091,-0.17397909638675219,-0.1439238399273235,0.016056299717634035,15,-0.0,-0.0,-0.0,-0.0,-0.0,0.0,0.0,-0.6887317716397471,-1.4513066860632728,-0.9014855726033496,-0.9380295539804855,-1.5547040849057776,-1.1068515338385265,0.33607184763083586,16,-2.2204460492503136e-16,-2.2204460492503136e-16,-2.2204460492503136e-16,-2.2204460492503136e-16,-2.2204460492503136e-16,-2.2204460492503136e-16,0.0
full13,knn,0.013504886627197265,0.0008543045532969175,0.01285085678100586,0.00038735119234310946,20,1,uniform,"{'model__n_neighbors': 20, 'model__p': 1, 'model__weights': 'uniform'}",0.9052144249512671,0.8819815444390482,0.903351141330743,0.8904808159300631,0.8407462317766246,0.8843548316855492,0.023413041548172968,5,0.8969575025913055,0.9080625476735317,0.8986880244088483,0.8951487414187643,0.9133819396977292,0.9024477511580358,0.007051756329582112,0.8957940575262215,0.8963214703290481,0.9199121047343277,0.8873020603439333,0.8092891009465747,0.881723758776021,0.03780823550441924,12,0.9060242504747753,0.9042407995218752,0.8972606054189906,0.896983647415938,0.9186421050702067,0.9046302815803571,0.007889349578147273,0.8187134502923976,0.8238222438076737,0.8292860611947548,0.7798688683827101,0.7786014331603657,0.8060584113675804,0.0221585436510165,4,0.8136165477714774,0.822463768115942,0.831998474446987,0.8319221967963386,0.8421964000911369,0.8284394774443763,0.009689964504823782,0.8235294117647058,0.8321167883211679,0.8428571428571429,0.8235294117647058,0.8028169014084507,0.8249699312232346,0.013160067089570666,7,0.8279569892473119,0.8473413379073756,0.8521739130434782,0.8480565371024735,0.8525179856115108,0.8456093525824301,0.009071020680532647,0.7777777777777778,0.8028169014084507,0.8309859154929577,0.8873239436619719,0.8028169014084507,0.8203442879499219,0.037485583528212504,10,0.8133802816901409,0.8666666666666667,0.8596491228070176,0.8421052631578947,0.8315789473684211,0.8426760563380282,0.01921118639677897,-0.12916666666666668,-0.13937984496124034,-0.12531007751937984,-0.13486434108527132,-0.15769531250000002,-0.13728324854651164,0.011279493876329497,5,-0.12956310679611652,-0.1178252427184466,-0.12676699029126212,-0.12872330097087376,-0.11803294573643411,-0.1241823173026266,0.005186157163732023,-0.4044275291483381,-0.6915373556240764,-0.3932578145117489,-0.6606448792232825,-1.2613273326480257,-0.6822389822310944,0.31514612527570723,11,-0.40179586349852164,-0.3752491613750756,-0.39659582345873295,-0.40604786221004785,-0.37165923753607866,-0.39026958961569136,0.014098145831131939
full13,knn,0.01373600959777832,0.0008375595344009384,0.014247894287109375,0.000664848442727031,20,1,distance,"{'model__n_neighbors': 20, 'model__p': 1, 'model__weights': 'distance'}",0.9035087719298246,0.8850169985429821,0.90165128703254,0.8874453618261292,0.836422041018038,0.8828088920699028,0.02433776247171446,6,1.0,1.0,1.0,1.0,1.0,1.0,0.0,0.8994555782958377,0.9102259053866516,0.92534479332121,0.8895632153097636,0.8056492460756407,0.8860477476778208,0.04191631806568924,8,1.0,1.0,1.0,1.0,1.0,1.0,0.0,0.8187134502923976,0.822243807673628,0.8347498785818358,0.7798688683827101,0.7715591796392389,0.8054270369139621,0.0249776433547199,5,1.0,1.0,1.0,1.0,1.0,1.0,0.0,0.8235294117647058,0.8345323741007195,0.8531468531468531,0.8235294117647058,0.7943262411347518,0.8258128583823472,0.01910503884715645,4,1.0,1.0,1.0,1.0,1.0,1.0,0.0,0.7777777777777778,0.8169014084507042,0.8591549295774648,0.8873239436619719,0.7887323943661971,0.8259780907668232,0.04160988953452727,6,1.0,1.0,1.0,1.0,1.0,1.0,0.0,-0.13118656875812307,-0.13707426186081678,-0.12626401532360376,-0.13654521168373193,-0.1605252876553358,-0.13831906905632227,0.011781418763476595,7,-0.0,-0.0,-0.0,-0.0,-0.0,0.0,0.0,-0.40798280842919366,-0.6854985130346061,-0.3963881557221178,-0.6653244541715784,-1.268962550418846,-0.6848312963552683,0.31668116921889555,12,-2.2204460492503136e-16,-2.2204460492503136e-16,-2.2204460492503136e-16,-2.2204460492503136e-16,-2.2204460492503136e-16,-2.2204460492503136e-16,0.0
full13,knn,0.013690948486328125,0.0007752883316242789,0.013013029098510742,0.0005168207540724545,20,2,uniform,"{'model__n_neighbors': 20, 'model__p': 2, 'model__weights': 'uniform'}",0.8823099415204678,0.8875667799902865,0.9039582321515299,0.8930305973773677,0.8346923647146034,0.880311583150851,0.023911008928700978,10,0.8959057374550332,0.9068649885583524,0.9001983218916857,0.897162471395881,0.9114908483329536,0.9023244735267812,0.005949885097592253,0.8765921745129542,0.8959376131515006,0.9241212429627045,0.8900756317820678,0.8249719385024883,0.8823397201823431,0.03260226778435657,11,0.9024361756027075,0.9069089783555316,0.9002290022554017,0.8956150834866754,0.9162866900952109,0.9042951859591053,0.007013729827804842,0.7854532163742689,0.8183584264205925,0.8292860611947548,0.8041525012141817,0.7698295033358042,0.8014159417079203,0.02155825501052418,13,0.8022452899213464,0.822883295194508,0.818459191456903,0.8167048054919908,0.836637047163363,0.8193859258456222,0.011060573420473301,0.7971014492753623,0.8208955223880597,0.8428571428571429,0.8421052631578947,0.7972027972027972,0.8200324349762514,0.02027779287667326,15,0.8165467625899281,0.846815834767642,0.8397212543554007,0.837696335078534,0.851063829787234,0.8383688033157478,0.011924754389462956,0.7638888888888888,0.7746478873239436,0.8309859154929577,0.9014084507042254,0.8028169014084507,0.8147496087636933,0.04921528814529352,15,0.7992957746478874,0.8631578947368421,0.8456140350877193,0.8421052631578947,0.8421052631578947,0.8384556461576477,0.021078797698637398,-0.13649224806201551,-0.1337596899224806,-0.12366279069767443,-0.1325968992248062,-0.163515625,-0.13800545058139532,0.0134614232874688,6,-0.1295339805825243,-0.12055825242718447,-0.12625728155339805,-0.12643689320388352,-0.118609496124031,-0.12427918077820428,0.004053940267034664,-0.42371384787546396,-0.43275213829225934,-0.39231606991409906,-0.6619335174921486,-1.0104432556896437,-0.5842317658527229,0.23376805178726187,9,-0.40541895716587995,-0.38013727568361844,-0.3964671015609084,-0.401431755140886,-0.3750459801301498,-0.3917002139362885,0.011972427258886056
full13,knn,0.013730192184448242,0.0008727974850865213,0.013463640213012695,0.0005755003863989566,20,2,distance,"{'model__n_neighbors': 20, 'model__p': 2, 'model__weights': 'distance'}",0.8823099415204679,0.8863525983487129,0.9035939776590577,0.894487615347256,0.8299975290338523,0.8793483323818693,0.025730844778716684,11,1.0,1.0,1.0,1.0,1.0,1.0,0.0,0.8854595409007799,0.9089668508793888,0.9288956498406705,0.8932674955745611,0.8220230207552324,0.8877225115901265,0.03605229602931974,5,1.0,1.0,1.0,1.0,1.0,1.0,0.0,0.7993421052631579,0.832442933462846,0.8206653715395823,0.7939533754249636,0.7698295033358042,0.8032466578052709,0.021790598620604482,9,1.0,1.0,1.0,1.0,1.0,1.0,0.0,0.8142857142857143,0.8382352941176471,0.8368794326241135,0.8387096774193549,0.7972027972027972,0.8250625831299254,0.016683584766288412,6,1.0,1.0,1.0,1.0,1.0,1.0,0.0,0.7916666666666666,0.8028169014084507,0.8309859154929577,0.9154929577464789,0.8028169014084507,0.828755868544601,0.04527596422105029,5,1.0,1.0,1.0,1.0,1.0,1.0,0.0,-0.13767612520360004,-0.13235575079848277,-0.12447785846380252,-0.1334441458026546,-0.16574542223877686,-0.13873986050146336,0.014160777171644807,10,-0.0,-0.0,-0.0,-0.0,-0.0,0.0,0.0,-0.4252845647762361,-0.43049876007520316,-0.39459294927984034,-0.6635466210061792,-1.0167174691956895,-0.5861280728666296,0.23587186372656777,10,-2.2204460492503136e-16,-2.2204460492503136e-16,-2.2204460492503136e-16,-2.2204460492503136e-16,-2.2204460492503136e-16,-2.2204460492503136e-16,0.0
full13,knn,0.013951730728149415,0.0010248179433953932,0.013717460632324218,0.00029486221111752977,30,1,uniform,"{'model__n_neighbors': 30, 'model__p': 1, 'model__weights': 'uniform'}",0.9131335282651072,0.8963088878096163,0.9011656143759107,0.8895094706168042,0.8403755868544601,0.8880986175843797,0.025077399639680507,1,0.8915538686665447,0.9023722349351639,0.8942791762013729,0.8909458428680397,0.9083694083694084,0.897504106208106,0.006790725833761801,0.9037244527452688,0.9051891817515149,0.9193474006960661,0.8823689742088259,0.8098644682701011,0.8840988955343553,0.03895166903674367,10,0.8996235502507476,0.903596766765225,0.8968805934809438,0.8938903828943807,0.9165943746261322,0.9021171336034858,0.007913261774299159,0.8168859649122806,0.7940747935891209,0.8417921321029626,0.7869111219038368,0.7645169261181122,0.8008361877252627,0.026433680788365808,14,0.8188982379123224,0.823302822273074,0.8040045766590389,0.8092677345537758,0.8226019594440648,0.8156150661684552,0.007665371139658741,0.8260869565217391,0.8,0.8611111111111112,0.8311688311688312,0.7857142857142857,0.8208162369031934,0.026169051480084193,13,0.8342245989304813,0.846286701208981,0.823943661971831,0.830122591943958,0.8345323741007195,0.8338219856311941,0.007311671158549398,0.7916666666666666,0.7605633802816901,0.8732394366197183,0.9014084507042254,0.7746478873239436,0.8203051643192488,0.056309167098860656,11,0.823943661971831,0.8596491228070176,0.8210526315789474,0.8315789473684211,0.8140350877192982,0.830051890289103,0.015831381184920883,-0.12449612403100774,-0.13370370370370374,-0.12495262704565031,-0.13395348837209303,-0.15684027777777776,-0.13478924418604651,0.01175442323277347,1,-0.13297087378640776,-0.1229341963322546,-0.1308586839266451,-0.1316267529665588,-0.12247416020671835,-0.1281729334437169,0.0045184674263443955,-0.39710993773660375,-0.4152541951836247,-0.39873076676956803,-0.6649553659469157,-0.7530453083552069,-0.5258191147983838,0.15227129823838922,7,-0.41620038497325246,-0.38869937759904116,-0.40856490688550456,-0.4137792228959342,-0.38569041801232423,-0.40258686207321137,0.012842787962407202
full13,knn,0.013876962661743163,0.0008580753278974662,0.014876747131347656,0.0010809554741154966,30,1,distance,"{'model__n_neighbors': 30, 'model__p': 1, 'model__weights': 'distance'}",0.9098440545808968,0.8972802331228752,0.9014084507042255,0.8882952889752308,0.8386459105510254,0.8870947875868508,0.025198763029114862,3,1.0,1.0,1.0,1.0,1.0,1.0,0.0,0.9055237716990059,0.9165383029380745,0.9240322079079972,0.8773314484899587,0.8117139802656873,0.8870279422601447,0.04086193248696791,6,1.0,1.0,1.0,1.0,1.0,1.0,0.0,0.8168859649122806,0.8011170471102477,0.8347498785818358,0.7955318115590093,0.7627872498146775,0.80221439039561,0.023975710737728653,12,1.0,1.0,1.0,1.0,1.0,1.0,0.0,0.8260869565217391,0.8088235294117647,0.8531468531468531,0.8366013071895425,0.7887323943661971,0.8226782081272195,0.0222624391145954,11,1.0,1.0,1.0,1.0,1.0,1.0,0.0,0.7916666666666666,0.7746478873239436,0.8591549295774648,0.9014084507042254,0.7887323943661971,0.8231220657276996,0.04888550490333234,8,1.0,1.0,1.0,1.0,1.0,1.0,0.0,-0.12602424779129634,-0.13226342351477294,-0.12507684270622255,-0.13477485624355162,-0.15819390342786566,-0.13526665473674182,0.012034735987446395,2,-0.0,-0.0,-0.0,-0.0,-0.0,0.0,0.0,-0.3981090424359229,-0.41206126764575796,-0.3988704261536969,-0.6655296913828852,-0.7581391151017131,-0.5265419085439952,0.1541789191275838,8,-2.2204460492503136e-16,-2.2204460492503136e-16,-2.2204460492503136e-16,-2.2204460492503136e-16,-2.2204460492503136e-16,-2.2204460492503136e-16,0.0
full13,knn,0.014131546020507812,0.000955792459015927,0.013373231887817383,0.0005057934395155232,30,2,uniform,"{'model__n_neighbors': 30, 'model__p': 2, 'model__weights': 'uniform'}",0.8871832358674464,0.8788246721709567,0.8947304516755705,0.8998300145701797,0.8421052631578948,0.8805347274884097,0.02048305333855796,9,0.8895799036644108,0.898230358504958,0.8954996186117468,0.8880778032036614,0.9051492367281841,0.8953073841425923,0.006172741185424893,0.8804096452659447,0.8890064505052316,0.918379112361093,0.8986759770427475,0.8345147138125772,0.8841971797975189,0.027870636922617986,9,0.8936899105420318,0.8948226824637335,0.8971403207606616,0.8847524598925496,0.9128576401392798,0.8966526027596513,0.00912776707685789,0.797514619883041,0.8011170471102477,0.8206653715395823,0.8096163186012628,0.7715591796392389,0.8000945073546746,0.01634497890775576,15,0.8132126089872569,0.8150266971777269,0.8075133485888635,0.8127765064836003,0.8192071086807928,0.8135472539836481,0.003777214864233907,0.8169014084507042,0.8088235294117647,0.8368794326241135,0.8516129032258064,0.7943262411347518,0.8217087029694282,0.020314276878872602,12,0.8285714285714286,0.8399311531841652,0.8280701754385965,0.8342059336823735,0.8348134991119005,0.8331184379976928,0.004396116851158505,0.8055555555555556,0.7746478873239436,0.8309859154929577,0.9295774647887324,0.7887323943661971,0.8258998435054774,0.05513073484610931,7,0.8169014084507042,0.856140350877193,0.8280701754385965,0.8385964912280702,0.8245614035087719,0.8328539659006673,0.013574738699611668,-0.1359603789836348,-0.14010335917312663,-0.12857019810508186,-0.12940568475452197,-0.158984375,-0.13860479920327307,0.011044298762500581,8,-0.13388349514563108,-0.12540453074433658,-0.13048327939590076,-0.13258468176914778,-0.1239857881136951,-0.1292683550337423,0.00391428751826625,-0.4259543528614393,-0.44011474562347785,-0.4104755197340176,-0.40747503745286384,-0.7444502506333428,-0.4856939812610282,0.12990544021484035,6,-0.4206982699017778,-0.3977787167334646,-0.41150012152883564,-0.4219593436114469,-0.3930775956965195,-0.4090028094944088,0.01175146655254878
full13,knn,0.013951349258422851,0.000762298410040635,0.014765787124633788,0.0005216586175726162,30,2,distance,"{'model__n_neighbors': 30, 'model__p': 2, 'model__weights': 'distance'}",0.888157894736842,0.8785818358426419,0.8941233608547838,0.8958232151529869,0.8372868791697553,0.8787946371514019,0.021612737396276054,12,1.0,1.0,1.0,1.0,1.0,1.0,0.0,0.8877456837047107,0.9014559550506569,0.9201636291614539,0.8935421223846682,0.8298684458359054,0.8865551672274791,0.030381512290522446,7,1.0,1.0,1.0,1.0,1.0,1.0,0.0,0.8044590643274854,0.8011170471102477,0.8206653715395823,0.8096163186012628,0.776871756856931,0.8025459116871018,0.014444164998541429,11,1.0,1.0,1.0,1.0,1.0,1.0,0.0,0.8251748251748252,0.8088235294117647,0.8368794326241135,0.8516129032258064,0.8055555555555556,0.825609249198413,0.017247068150471445,5,1.0,1.0,1.0,1.0,1.0,1.0,0.0,0.8194444444444444,0.7746478873239436,0.8309859154929577,0.9295774647887324,0.8169014084507042,0.8343114241001566,0.05132358301135645,3,1.0,1.0,1.0,1.0,1.0,1.0,0.0,-0.13596956071600833,-0.137911544830288,-0.12839233243534615,-0.13001204211376655,-0.1609640249039751,-0.1386499009998768,0.011708798729761738,9,-0.0,-0.0,-0.0,-0.0,-0.0,0.0,0.0,-0.42410192204957375,-0.435072757788799,-0.40955741914101546,-0.40883696285704146,-0.7501884546541968,-0.4855515032981253,0.13267787483135085,5,-2.2204460492503136e-16,-2.2204460492503136e-16,-2.2204460492503136e-16,-2.2204460492503136e-16,-2.2204460492503136e-16,-2.2204460492503136e-16,0.0
full13,knn,0.014281797409057616,0.0009254083582705269,0.014386129379272462,0.0002490651711328227,50,1,uniform,"{'model__n_neighbors': 50, 'model__p': 1, 'model__weights': 'uniform'}",0.9116715399610137,0.8885381253035454,0.8984944147644488,0.8919378338999514,0.8465530022238695,0.8874389832305658,0.021920540986101154,2,0.8852051704164382,0.894736842105263,0.8892219679633867,0.8846987032799389,0.8996354522670312,0.8906996272064116,0.005736404690748374,0.8942430253946756,0.9102080604629885,0.9206666522868898,0.8908432156249664,0.8250686950843875,0.8882059297707816,0.03336916080862165,3,0.8986466092466531,0.8924954907291667,0.8851492261619367,0.8827664465470798,0.9036941962329039,0.8925503937835482,0.007897519813681178,0.8377192982456141,0.7940747935891209,0.8292860611947548,0.7923749392909178,0.810229799851742,0.8127369784344299,0.018260143313152028,1,0.8080757270898116,0.8219679633867276,0.8179633867276888,0.8000762776506484,0.8147641831852358,0.8125695076080225,0.007726789268315091,0.851063829787234,0.8,0.8428571428571429,0.8407643312101911,0.8309859154929577,0.8331342438695053,0.01775790798685949,1,0.8268551236749117,0.84375,0.8359788359788359,0.8204225352112676,0.8273381294964028,0.8308689248722836,0.008120806129330855,0.8333333333333334,0.7605633802816901,0.8309859154929577,0.9295774647887324,0.8309859154929577,0.8370892018779342,0.05384958106644007,2,0.823943661971831,0.8526315789473684,0.8315789473684211,0.8175438596491228,0.8070175438596491,0.8265431183592785,0.015329443825845581,-0.12947596899224803,-0.13912248062015506,-0.12928682170542635,-0.13151007751937985,-0.154484375,-0.13677594476744187,0.009551970479854817,4,-0.13849087378640776,-0.1272038834951456,-0.13449786407766992,-0.1363642718446602,-0.12929612403100776,-0.13317060344697826,0.004263326232629322,-0.4168566326070687,-0.4294746773106575,-0.41114795968466833,-0.4137466424934248,-0.49099072267440264,-0.4324433269540444,0.029941991062603153,2,-0.433608844021887,-0.404620526725242,-0.425843825240432,-0.4296513402674891,-0.41031229016735754,-0.42080736528448154,0.011310349459757275
full13,knn,0.014118003845214843,0.0009063815277341523,0.015625619888305665,0.0007121529769053866,50,1,distance,"{'model__n_neighbors': 50, 'model__p': 1, 'model__weights': 'distance'}",0.9103313840155945,0.8933948518698397,0.8970373967945604,0.8904808159300631,0.8440820360761057,0.8870652969372328,0.022539047599192837,4,1.0,1.0,1.0,1.0,1.0,1.0,0.0,0.8986578249471683,0.9187088113060098,0.922100025885238,0.8876269149739673,0.8257370783463129,0.8905661310917392,0.0348233184840169,2,1.0,1.0,1.0,1.0,1.0,1.0,0.0,0.8377192982456141,0.7940747935891209,0.8136231180184555,0.7853326857697911,0.7926859402026192,0.8046871671651201,0.018985366854376688,6,1.0,1.0,1.0,1.0,1.0,1.0,0.0,0.851063829787234,0.8,0.8285714285714286,0.8333333333333334,0.8194444444444444,0.8264826072272882,0.01677138244893365,3,1.0,1.0,1.0,1.0,1.0,1.0,0.0,0.8333333333333334,0.7605633802816901,0.8169014084507042,0.9154929577464789,0.8309859154929577,0.8314553990610329,0.04960555471125743,4,1.0,1.0,1.0,1.0,1.0,1.0,0.0,-0.12829580081345351,-0.13658604004936625,-0.12829749483610944,-0.1319624414509486,-0.15503253576625994,-0.13603486258322756,0.009975569493293514,3,-0.0,-0.0,-0.0,-0.0,-0.0,0.0,0.0,-0.4107502060693826,-0.42240540116795994,-0.40736530014514055,-0.4139833319094494,-0.49431009025135203,-0.42976286590865687,0.03265762495125434,1,-2.2204460492503136e-16,-2.2204460492503136e-16,-2.2204460492503136e-16,-2.2204460492503136e-16,-2.2204460492503136e-16,-2.2204460492503136e-16,0.0
full13,knn,0.014163017272949219,0.0008729778236927455,0.013418483734130859,0.0002627538634253685,50,2,uniform,"{'model__n_neighbors': 50, 'model__p': 2, 'model__weights': 'uniform'}",0.8909600389863548,0.8960660514813016,0.8930305973773676,0.8942447790189413,0.8381517173214728,0.8824906368370875,0.0222315679427359,7,0.8799082373026034,0.8887337909992372,0.8878947368421053,0.8835774218154081,0.8990202779676464,0.8878268929854002,0.0064324497231529635,0.8793927575133046,0.908405282148036,0.9148322970430606,0.9075188600621801,0.828910545243498,0.8878119484020159,0.031883553979764875,4,0.8910240854488445,0.8890141487286838,0.8888287834371533,0.8873479487246153,0.9047977722314171,0.8922025477141429,0.0064053689790295075,0.8168859649122806,0.7799902865468674,0.8292860611947548,0.8166585721223896,0.7732888559426736,0.8032219481437931,0.022281320950966105,10,0.797916285592342,0.8158657513348588,0.803165522501907,0.811022120518688,0.8148781043517885,0.8085695568599169,0.006953316759889306,0.8260869565217391,0.7819548872180451,0.8428571428571429,0.8589743589743589,0.7913669064748201,0.8202480504092213,0.029480426330490427,14,0.8136200716845878,0.8388214904679376,0.8251748251748252,0.8321678321678322,0.831858407079646,0.8283285253149657,0.008527450883534555,0.7916666666666666,0.7323943661971831,0.8309859154929577,0.9436619718309859,0.7746478873239436,0.8146713615023474,0.07184057440069,16,0.7992957746478874,0.8491228070175438,0.8280701754385965,0.8350877192982457,0.8245614035087719,0.827227575982209,0.01630452066343169,-0.13972403100775194,-0.13775813953488372,-0.13175193798449614,-0.13345736434108527,-0.16006875,-0.1405520445736434,0.01017024745139162,12,-0.1408916504854369,-0.13141203883495145,-0.1365631067961165,-0.13781980582524275,-0.12998372093023253,-0.13533406457439603,0.004064103308702649,-0.4407524314728552,-0.4256514150048836,-0.4222660657740409,-0.4177446324035655,-0.49623859727731034,-0.4405306283865311,0.02890541072450978,4,-0.4404702072054112,-0.4172083382070636,-0.43070167458944475,-0.4356035882169824,-0.4141965238400382,-0.42763606641178803,0.010265995783899267
full13,knn,0.014112520217895507,0.0008540617335432454,0.014591550827026368,0.0007274962270260673,50,2,distance,"{'model__n_neighbors': 50, 'model__p': 2, 'model__weights': 'distance'}",0.8915692007797271,0.896551724137931,0.8919378338999514,0.8921806702282661,0.8364220410180381,0.8817322940127827,0.02272760823471025,8,1.0,1.0,1.0,1.0,1.0,1.0,0.0,0.8861706159662218,0.9132525318360076,0.916235065203929,0.9107553765963692,0.8335092225919035,0.8919845624388862,0.031131733695944835,1,1.0,1.0,1.0,1.0,1.0,1.0,0.0,0.8238304093567251,0.7870325400679942,0.8292860611947548,0.8166585721223896,0.7627872498146775,0.8039189665113083,0.025215955728183255,8,1.0,1.0,1.0,1.0,1.0,1.0,0.0,0.8345323741007195,0.7910447761194029,0.8428571428571429,0.8589743589743589,0.7887323943661971,0.8232282092835643,0.02834290390983732,10,1.0,1.0,1.0,1.0,1.0,1.0,0.0,0.8055555555555556,0.7464788732394366,0.8309859154929577,0.9436619718309859,0.7887323943661971,0.8230829420970267,0.0662678084351676,9,1.0,1.0,1.0,1.0,1.0,1.0,0.0,-0.13840707203082103,-0.13593016946695,-0.13127581558664403,-0.13314679881363778,-0.16089463528051223,-0.13993089823571303,0.01075863010330058,11,-0.0,-0.0,-0.0,-0.0,-0.0,0.0,0.0,-0.43575831811883636,-0.4204998386108805,-0.42024544131827546,-0.4159771421054091,-0.49885737586886614,-0.43826762320445345,0.031031511393666767,3,-2.2204460492503136e-16,-2.2204460492503136e-16,-2.2204460492503136e-16,-2.2204460492503136e-16,-2.2204460492503136e-16,-2.2204460492503136e-16,0.0
