feature_set,model,mean_fit_time,std_fit_time,mean_score_time,std_score_time,param_model__C,param_model__gamma,param_model__kernel,params,split0_test_roc_auc,split1_test_roc_auc,split2_test_roc_auc,split3_test_roc_auc,split4_test_roc_auc,mean_test_roc_auc,std_test_roc_auc,rank_test_roc_auc,split0_train_roc_auc,split1_train_roc_auc,split2_train_roc_auc,split3_train_roc_auc,split4_train_roc_auc,mean_train_roc_auc,std_train_roc_auc,split0_test_average_precision,split1_test_average_precision,split2_test_average_precision,split3_test_average_precision,split4_test_average_precision,mean_test_average_precision,std_test_average_precision,rank_test_average_precision,split0_train_average_precision,split1_train_average_precision,split2_train_average_precision,split3_train_average_precision,split4_train_average_precision,mean_train_average_precision,std_train_average_precision,split0_test_balanced_accuracy,split1_test_balanced_accuracy,split2_test_balanced_accuracy,split3_test_balanced_accuracy,split4_test_balanced_accuracy,mean_test_balanced_accuracy,std_test_balanced_accuracy,rank_test_balanced_accuracy,split0_train_balanced_accuracy,split1_train_balanced_accuracy,split2_train_balanced_accuracy,split3_train_balanced_accuracy,split4_train_balanced_accuracy,mean_train_balanced_accuracy,std_train_balanced_accuracy,split0_test_f1,split1_test_f1,split2_test_f1,split3_test_f1,split4_test_f1,mean_test_f1,std_test_f1,rank_test_f1,split0_train_f1,split1_train_f1,split2_train_f1,split3_train_f1,split4_train_f1,mean_train_f1,std_train_f1,split0_test_sensitivity,split1_test_sensitivity,split2_test_sensitivity,split3_test_sensitivity,split4_test_sensitivity,mean_test_sensitivity,std_test_sensitivity,rank_test_sensitivity,split0_train_sensitivity,split1_train_sensitivity,split2_train_sensitivity,split3_train_sensitivity,split4_train_sensitivity,mean_train_sensitivity,std_train_sensitivity,split0_test_neg_brier,split1_test_neg_brier,split2_test_neg_brier,split3_test_neg_brier,split4_test_neg_brier,mean_test_neg_brier,std_test_neg_brier,rank_test_neg_brier,split0_train_neg_brier,split1_train_neg_brier,split2_train_neg_brier,split3_train_neg_brier,split4_train_neg_brier,mean_train_neg_brier,std_train_neg_brier,split0_test_neg_log_loss,split1_test_neg_log_loss,split2_test_neg_log_loss,split3_test_neg_log_loss,split4_test_neg_log_loss,mean_test_neg_log_loss,std_test_neg_log_loss,rank_test_neg_log_loss,split0_train_neg_log_loss,split1_train_neg_log_loss,split2_train_neg_log_loss,split3_train_neg_log_loss,split4_train_neg_log_loss,mean_train_neg_log_loss,std_train_neg_log_loss
noninvasive12,svc,0.0205291748046875,0.0007181438565049869,0.01394796371459961,0.0002884653178247564,0.01,scale,linear,"{'model__C': 0.01, 'model__gamma': 'scale', 'model__kernel': 'linear'}",0.9152046783625731,0.8834385624089364,0.8814958717824186,0.8926663428848955,0.8421052631578947,0.8829821437193438,0.0236871785531239,2,0.8791689531126151,0.8893974065598781,0.8912433257055682,0.8829595728451564,0.8956937799043063,0.8876926076255047,0.005909094695685355,0.8900135177665851,0.9008353849544481,0.9135472257830095,0.9075690813319557,0.83820051129661,0.8900331442265218,0.027069287940394243,3,0.893377174898519,0.8881736112123215,0.8909677820546269,0.8861518377120393,0.9042968748817375,0.8925934561518488,0.006344391518891758,0.8322368421052632,0.8050024283632832,0.8088878096163186,0.7805973773676542,0.805040770941438,0.8063530456787914,0.01639083053379897,3,0.7953783305895982,0.8094965675057209,0.7977116704805493,0.8085812356979405,0.810663021189337,0.8043661650926293,0.006462224283120139,0.8571428571428571,0.8226950354609929,0.8356164383561644,0.8395061728395061,0.8378378378378378,0.8385596683274716,0.011019083403328004,1,0.8271186440677966,0.842809364548495,0.8327759197324415,0.8397976391231029,0.8333333333333334,0.8351669801610339,0.00554444201124554,0.875,0.8169014084507042,0.8591549295774648,0.9577464788732394,0.8732394366197183,0.8764084507042254,0.04575297428388952,5,0.8591549295774648,0.8842105263157894,0.8736842105263158,0.8736842105263158,0.8421052631578947,0.8665678280207562,0.014600813306529873,-0.11841277085689063,-0.14439471799459533,-0.13869742566188126,-0.13916019276421437,-0.15628293629480805,-0.13938960871447795,0.012255571069536538,4,-0.13912959066127079,-0.12918983615230908,-0.13020491778096985,-0.13450857354876564,-0.12891374271858724,-0.13238933217238052,0.003924549186227993,-0.3892075726990244,-0.43825826573483617,-0.4329319281722022,-0.4282370147700552,-0.4940230540917184,-0.43653156709356733,0.033554642032132466,4,-0.4340394595167521,-0.41297697893841584,-0.411955702467267,-0.42403960917006334,-0.4060556076448069,-0.417813471547461,0.0099799795408881
noninvasive12,svc,0.028630924224853516,0.0007379364521764806,0.017785120010375976,0.0002826614256583936,0.01,scale,rbf,"{'model__C': 0.01, 'model__gamma': 'scale', 'model__kernel': 'rbf'}",0.8893762183235868,0.8744536182612919,0.879553181155901,0.8822243807673628,0.8233259204348902,0.8697866637886065,0.023724305886741084,13,0.8735595390524967,0.8831426392067123,0.8845003813882533,0.8780320366132723,0.8898306371990583,0.8818130466919587,0.005580103352708015,0.9015735175186568,0.8850975032032282,0.9066588206730014,0.899634954842117,0.8177461102847126,0.8821421813043433,0.032985534554836965,14,0.8897866918591386,0.8943238038325488,0.8953638415056113,0.8869943273909473,0.9090745651274841,0.895108645943146,0.007614372743909637,0.5,0.5,0.5,0.5,0.5,0.5,0.0,15,0.5,0.5,0.5,0.5,0.5,0.5,0.0,0.7164179104477612,0.71,0.71,0.71,0.7135678391959799,0.7119971499287482,0.002606760896375335,15,0.7108886107634543,0.7125,0.7125,0.7125,0.7116104868913857,0.711999819530968,0.0006537440376854881,1.0,1.0,1.0,1.0,1.0,1.0,0.0,1,1.0,1.0,1.0,1.0,1.0,1.0,0.0,-0.146061910166109,-0.15888326023498425,-0.13676893369377022,-0.1383105921740332,-0.17597281597783546,-0.1511995024493464,0.014652763384784698,13,-0.1464093128819543,-0.13914881767912374,-0.14059727749765788,-0.1437210823634301,-0.13838664382857413,-0.14165262685014804,0.0029984675397116967,-0.4414749447836018,-0.4829681539601305,-0.4581449901307157,-0.4292015295270935,-0.5456234039310296,-0.47148260446651424,0.04121848344191399,14,-0.46035989407031463,-0.44063253625591703,-0.4379759779141588,-0.4523476374244814,-0.43529121642137414,-0.4453214524172492,0.009508623114678686
noninvasive12,svc,0.020628833770751955,0.0007559637951730777,0.013986921310424805,0.00020162559527668456,0.01,auto,linear,"{'model__C': 0.01, 'model__gamma': 'auto', 'model__kernel': 'linear'}",0.9152046783625731,0.8834385624089364,0.8814958717824186,0.8926663428848955,0.8421052631578947,0.8829821437193438,0.0236871785531239,2,0.8791689531126151,0.8893974065598781,0.8912433257055682,0.8829595728451564,0.8956937799043063,0.8876926076255047,0.005909094695685355,0.8900135177665851,0.9008353849544481,0.9135472257830095,0.9075690813319557,0.83820051129661,0.8900331442265218,0.027069287940394243,3,0.893377174898519,0.8881736112123215,0.8909677820546269,0.8861518377120393,0.9042968748817375,0.8925934561518488,0.006344391518891758,0.8322368421052632,0.8050024283632832,0.8088878096163186,0.7805973773676542,0.805040770941438,0.8063530456787914,0.01639083053379897,3,0.7953783305895982,0.8094965675057209,0.7977116704805493,0.8085812356979405,0.810663021189337,0.8043661650926293,0.006462224283120139,0.8571428571428571,0.8226950354609929,0.8356164383561644,0.8395061728395061,0.8378378378378378,0.8385596683274716,0.011019083403328004,1,0.8271186440677966,0.842809364548495,0.8327759197324415,0.8397976391231029,0.8333333333333334,0.8351669801610339,0.00554444201124554,0.875,0.8169014084507042,0.8591549295774648,0.9577464788732394,0.8732394366197183,0.8764084507042254,0.04575297428388952,5,0.8591549295774648,0.8842105263157894,0.8736842105263158,0.8736842105263158,0.8421052631578947,0.8665678280207562,0.014600813306529873,-0.11841277085689063,-0.14439471799459533,-0.13869742566188126,-0.13916019276421437,-0.15628293629480805,-0.13938960871447795,0.012255571069536538,4,-0.13912959066127079,-0.12918983615230908,-0.13020491778096985,-0.13450857354876564,-0.12891374271858724,-0.13238933217238052,0.003924549186227993,-0.3892075726990244,-0.43825826573483617,-0.4329319281722022,-0.4282370147700552,-0.4940230540917184,-0.43653156709356733,0.033554642032132466,4,-0.4340394595167521,-0.41297697893841584,-0.411955702467267,-0.42403960917006334,-0.4060556076448069,-0.417813471547461,0.0099799795408881
noninvasive12,svc,0.02894291877746582,0.0012615681118122923,0.017733955383300783,0.0005262164237510069,0.01,auto,rbf,"{'model__C': 0.01, 'model__gamma': 'auto', 'model__kernel': 'rbf'}",0.8825536062378168,0.8712967459932005,0.8797960174842157,0.8841670713938805,0.8285149493451939,0.8692656780908614,0.020853084830192513,14,0.8669440887750748,0.8769183829138063,0.8767963386727688,0.8717467581998475,0.8812333864965444,0.8747277910116082,0.004916765848683467,0.882526791416755,0.8854857708044315,0.9083809445794592,0.9038951915325535,0.8334064916856243,0.8827390380037649,0.02663223580886047,13,0.8830713039522031,0.8864408780080765,0.8843960064690772,0.8816945770392985,0.8978770458049635,0.8866959622547238,0.005805574835093671,0.5,0.5,0.5,0.5,0.5,0.5,0.0,15,0.5,0.5,0.5,0.5,0.5,0.5,0.0,0.7164179104477612,0.71,0.71,0.71,0.7135678391959799,0.7119971499287482,0.002606760896375335,15,0.7108886107634543,0.7125,0.7125,0.7125,0.7116104868913857,0.711999819530968,0.0006537440376854881,1.0,1.0,1.0,1.0,1.0,1.0,0.0,1,1.0,1.0,1.0,1.0,1.0,1.0,0.0,-0.15084916951670757,-0.16620971679991314,-0.14100492799495745,-0.1380517075174337,-0.17467354861821158,-0.15415781408944468,0.014209123355293026,15,-0.15248832619154112,-0.14574809363483268,-0.14822622670650618,-0.14999523049067073,-0.14577035074898223,-0.14844564555450662,0.0025778523423229897,-0.45464383954413556,-0.5008636326715717,-0.46401775916157634,-0.4242456819967306,-0.5369199242392191,-0.4761381675226467,0.039006438095595515,15,-0.4734866479889665,-0.4557687346424593,-0.45655724364273953,-0.46648306112361704,-0.4535552099031466,-0.4611701794601858,0.007594269588571722
noninvasive12,svc,0.01988825798034668,0.0006984251387196421,0.013644838333129882,0.00025629753732633306,0.1,scale,linear,"{'model__C': 0.1, 'model__gamma': 'scale', 'model__kernel': 'linear'}",0.9217836257309941,0.8844099077221953,0.869354055366683,0.8972802331228752,0.8388930071658018,0.8823441658217099,0.027711263241271024,4,0.8895951466374001,0.89534706331045,0.8980778032036614,0.8906331045003814,0.9024834814308498,0.8952273198165486,0.004766962649499585,0.8960338891573248,0.8988360732326779,0.9026039594070402,0.9172685956484016,0.8262306195100549,0.8881946273910998,0.0318344377889512,5,0.9023417340899447,0.8874551434756202,0.894896980660828,0.889653039583034,0.9082248470782857,0.8965143489775425,0.007782760875433579,0.8673245614035088,0.8050024283632832,0.8018455560951918,0.7719766877124817,0.7892265875957499,0.8070751642340431,0.0322865595463732,1,0.8122904091213949,0.823531655225019,0.8217009916094584,0.8212814645308925,0.815105946684894,0.8187820934343317,0.004312335325107941,0.8811188811188811,0.8226950354609929,0.8275862068965517,0.8343558282208589,0.8243243243243243,0.8380160552043219,0.02191907725968465,3,0.839041095890411,0.858085808580858,0.8523489932885906,0.8528428093645485,0.8404802744425386,0.8485597963133893,0.007474375634622627,0.875,0.8169014084507042,0.8450704225352113,0.9577464788732394,0.8591549295774648,0.870774647887324,0.04749737670117532,7,0.8626760563380281,0.9122807017543859,0.8912280701754386,0.8947368421052632,0.8596491228070176,0.8841141586360267,0.02007452864189199,-0.11108381166445193,-0.14164988852768629,-0.14432299936396784,-0.14080020632097076,-0.15505096733023066,-0.1385815746414615,0.014660618668764358,1,-0.13189903442993747,-0.12396432826801375,-0.12494134597890806,-0.12867066561677815,-0.12398463461166047,-0.12669200178105958,0.0031261201225346266,-0.37476087767579286,-0.4310291793734056,-0.4493357718233696,-0.4277928166723269,-0.49369065165147624,-0.4353218594392742,0.03833027979003406,2,-0.41544486774645706,-0.4012540125608984,-0.40129385758661457,-0.4125961179574596,-0.3961985538944565,-0.40535748194917715,0.00736736955195909
noninvasive12,svc,0.025964784622192382,0.0007280446703512109,0.01675553321838379,0.00017894780551937448,0.1,scale,rbf,"{'model__C': 0.1, 'model__gamma': 'scale', 'model__kernel': 'rbf'}",0.898635477582846,0.8822243807673629,0.8824672170956774,0.883681398737251,0.8290091425747468,0.8752035233515768,0.023903578607258637,11,0.8894427169075056,0.8987795575896262,0.8996338672768878,0.892936689549962,0.9038961038961039,0.8969377870440172,0.005123748594280247,0.9107633957924557,0.8964533778234385,0.9052724372472245,0.8971641810232348,0.8179957353546166,0.885529825448194,0.03418198163908772,7,0.9025905652634789,0.9051619781291496,0.907687937295139,0.8993670789477833,0.9215310393948786,0.9072677198060859,0.007646553694671064,0.8110380116959064,0.8002671199611462,0.7853326857697911,0.7633559980573094,0.7453669384729429,0.7810721507914191,0.023971967269632063,12,0.7960718858606183,0.8157513348588863,0.8027078565980168,0.8013729977116705,0.822237411711096,0.8076282973480575,0.009760124159633739,0.8496732026143791,0.8299319727891157,0.8333333333333334,0.8292682926829268,0.7973856209150327,0.8279184844669576,0.01697480617882435,10,0.834983498349835,0.8552845528455284,0.8470209339774557,0.8446601941747572,0.8523489932885906,0.8468596345272335,0.007028776197343113,0.9027777777777778,0.8591549295774648,0.9154929577464789,0.9577464788732394,0.8591549295774648,0.8988654147104851,0.03718227198039998,3,0.8908450704225352,0.9228070175438596,0.9228070175438596,0.9157894736842105,0.8912280701754386,0.9086953298739807,0.014644748260348341,-0.12913557664355793,-0.14030105179572427,-0.13397292089861026,-0.1422823323542013,-0.16434094175593597,-0.14200656468960593,0.012099677572721977,11,-0.1326588439652085,-0.12539246344065116,-0.12608157214873741,-0.12868105599169616,-0.12362662692724254,-0.12728811249470717,0.0031381762097557647,-0.4067296578586937,-0.4344774955233914,-0.4320851629462233,-0.4396731877579351,-0.5078551102781295,-0.4441641228728746,0.03381650948302698,11,-0.41955657568271554,-0.4007239171912147,-0.3982730784149805,-0.40836471052474915,-0.3926003610039689,-0.4039037285635258,0.00932194746434802
noninvasive12,svc,0.019792842864990234,0.0006319096935227147,0.013658714294433594,0.0002147875597710339,0.1,auto,linear,"{'model__C': 0.1, 'model__gamma': 'auto', 'model__kernel': 'linear'}",0.9217836257309941,0.8844099077221953,0.869354055366683,0.8972802331228752,0.8388930071658018,0.8823441658217099,0.027711263241271024,4,0.8895951466374001,0.89534706331045,0.8980778032036614,0.8906331045003814,0.9024834814308498,0.8952273198165486,0.004766962649499585,0.8960338891573248,0.8988360732326779,0.9026039594070402,0.9172685956484016,0.8262306195100549,0.8881946273910998,0.0318344377889512,5,0.9023417340899447,0.8874551434756202,0.894896980660828,0.889653039583034,0.9082248470782857,0.8965143489775425,0.007782760875433579,0.8673245614035088,0.8050024283632832,0.8018455560951918,0.7719766877124817,0.7892265875957499,0.8070751642340431,0.0322865595463732,1,0.8122904091213949,0.823531655225019,0.8217009916094584,0.8212814645308925,0.815105946684894,0.8187820934343317,0.004312335325107941,0.8811188811188811,0.8226950354609929,0.8275862068965517,0.8343558282208589,0.8243243243243243,0.8380160552043219,0.02191907725968465,3,0.839041095890411,0.858085808580858,0.8523489932885906,0.8528428093645485,0.8404802744425386,0.8485597963133893,0.007474375634622627,0.875,0.8169014084507042,0.8450704225352113,0.9577464788732394,0.8591549295774648,0.870774647887324,0.04749737670117532,7,0.8626760563380281,0.9122807017543859,0.8912280701754386,0.8947368421052632,0.8596491228070176,0.8841141586360267,0.02007452864189199,-0.11108381166445193,-0.14164988852768629,-0.14432299936396784,-0.14080020632097076,-0.15505096733023066,-0.1385815746414615,0.014660618668764358,1,-0.13189903442993747,-0.12396432826801375,-0.12494134597890806,-0.12867066561677815,-0.12398463461166047,-0.12669200178105958,0.0031261201225346266,-0.37476087767579286,-0.4310291793734056,-0.4493357718233696,-0.4277928166723269,-0.49369065165147624,-0.4353218594392742,0.03833027979003406,2,-0.41544486774645706,-0.4012540125608984,-0.40129385758661457,-0.4125961179574596,-0.3961985538944565,-0.40535748194917715,0.00736736955195909
noninvasive12,svc,0.025789833068847655,0.0007722329504363313,0.016590118408203125,0.00029474465381732813,0.1,auto,rbf,"{'model__C': 0.1, 'model__gamma': 'auto', 'model__kernel': 'rbf'}",0.9032651072124755,0.8861097620203983,0.8851384167071394,0.8921806702282661,0.8366691376328144,0.8806726187602187,0.02292888140542776,6,0.8810743247362965,0.8894279176201373,0.8903432494279176,0.8855682684973303,0.8958152958152957,0.8884458112193956,0.004929364523639323,0.903176729958588,0.898331818736188,0.9116614977826086,0.9084445566333922,0.8341420516125725,0.8911513309446699,0.028865031282762736,2,0.8943265961130162,0.8947029128833951,0.8930373698915341,0.893101908136436,0.9102853669497556,0.8970908307948274,0.006629946891804331,0.8234649122807017,0.8104662457503642,0.8300145701796988,0.7719766877124817,0.7629107981220657,0.7997666428090625,0.027282453999349955,9,0.7884808853118712,0.8095728451563692,0.7987032799389779,0.8043096872616323,0.8117110959216223,0.8025555587180946,0.008355592386816267,0.8513513513513513,0.8333333333333334,0.8590604026845637,0.8343558282208589,0.8079470198675497,0.8372095870915315,0.017646046366758535,5,0.8235294117647058,0.8467874794069192,0.8398692810457516,0.8410596026490066,0.8406779661016949,0.8383847481936156,0.007821821332396338,0.875,0.8450704225352113,0.9014084507042254,0.9577464788732394,0.8591549295774648,0.8876760563380282,0.039718559583672035,4,0.8626760563380281,0.9017543859649123,0.9017543859649123,0.8912280701754386,0.8701754385964913,0.8855176674079566,0.016229565243318637,-0.12589350632545426,-0.1427898639270372,-0.1336376873120422,-0.13910666737225186,-0.1612993595597434,-0.14054541689930578,0.011834093882756897,10,-0.1380082521224511,-0.12989311629984732,-0.13150924224856994,-0.13318266108103616,-0.12888662320947708,-0.13229597899227633,0.003207263011245439,-0.40093282778371775,-0.43730987870580007,-0.4272209982435104,-0.42904642990645325,-0.5001289506155393,-0.43892781705100414,0.03294391325263636,6,-0.43173062069803525,-0.41265909428415415,-0.41239249392594496,-0.41950483428518187,-0.40548651251322143,-0.41635471114130757,0.008874867448636829
noninvasive12,svc,0.02412281036376953,0.0008056273449763567,0.013710451126098634,0.0002854487345271036,1.0,scale,linear,"{'model__C': 1.0, 'model__gamma': 'scale', 'model__kernel': 'linear'}",0.9198343079922028,0.8890237979601748,0.8576979116075766,0.896551724137931,0.8309859154929577,0.8788187314381686,0.031096453960003174,9,0.8910584720443875,0.8958199847444698,0.8969794050343249,0.8918688024408848,0.9029391660970608,0.8957331660722255,0.004249074156085401,0.8974046603670509,0.9036478767367555,0.888880174908192,0.914700464130935,0.8150495273739071,0.883936540703368,0.035457597563168415,11,0.9035400429868586,0.8874766863231838,0.8931859247387424,0.8878966213373425,0.9097693466124718,0.8963737243997197,0.008854145312825764,0.8760964912280702,0.7979601748421564,0.8018455560951918,0.7524283632831472,0.7751420805534964,0.8006945332004124,0.04165767117469612,5,0.8143101030424974,0.8348207475209763,0.8204424103737604,0.8177726926010679,0.8241740715424926,0.822304005016159,0.007043674997117503,0.8873239436619719,0.8142857142857143,0.8275862068965517,0.810126582278481,0.8082191780821918,0.829508325040982,0.02968820608807483,8,0.8362369337979094,0.8647746243739566,0.8538205980066446,0.8489932885906041,0.8457538994800693,0.8499158688498367,0.009394848940116505,0.875,0.8028169014084507,0.8450704225352113,0.9014084507042254,0.8309859154929577,0.851056338028169,0.03427631978489565,13,0.8450704225352113,0.9087719298245615,0.9017543859649123,0.887719298245614,0.856140350877193,0.8798912774894984,0.025099657189512757,-0.11447146348696983,-0.13692089742904615,-0.15019220975662334,-0.142373228268088,-0.1582125017355872,-0.14043406013526288,0.01484219377139831,8,-0.13175246224730855,-0.12388081557303884,-0.12561540314258038,-0.12905459446268736,-0.123034727780779,-0.12666760064127883,0.0032748927576122704,-0.3852399102622868,-0.41969816703497204,-0.46431178644405957,-0.43309772946111347,-0.49977937481442447,-0.44042539360337124,0.03904409046995547,9,-0.4172650270329636,-0.40094486191713996,-0.4057804335320015,-0.4150660304200827,-0.3944559492727844,-0.4067024604349944,0.0085497862661096
noninvasive12,svc,0.023787403106689455,0.0005961665719102882,0.015737295150756836,0.00029688886287851385,1.0,scale,rbf,"{'model__C': 1.0, 'model__gamma': 'scale', 'model__kernel': 'rbf'}",0.8964424951267057,0.8829528897523069,0.8722680913064595,0.8848955803788247,0.8334568816407215,0.8740031876410038,0.021676150015316604,12,0.9364215596609964,0.9434630053394354,0.9430053394355454,0.9373913043478261,0.9472317156527682,0.9415025848873144,0.004040888613506874,0.9151240685541886,0.8996011247645994,0.8972512279312661,0.8943007359658078,0.8182231618617604,0.8849000638155244,0.03410672895929534,10,0.9444289056605708,0.945932632707866,0.9497263089625956,0.9394444999217643,0.9594174810502631,0.9477899656606119,0.006683438455454279,0.8446637426900585,0.7791403593977659,0.8018455560951918,0.7892180670228266,0.7470966147763776,0.792392867996444,0.031808981607980645,10,0.8711663922931528,0.8670861937452327,0.8600686498855835,0.8540427154843631,0.8713146502620186,0.8647357203340702,0.006727294930144906,0.8591549295774648,0.8055555555555556,0.8275862068965517,0.84472049689441,0.7947019867549668,0.8263438351357897,0.02387120541700463,11,0.8904109589041096,0.8907563025210085,0.883248730964467,0.8818635607321131,0.8907849829351536,0.8874129072113703,0.003991819409690118,0.8472222222222222,0.8169014084507042,0.8450704225352113,0.9577464788732394,0.8450704225352113,0.8624021909233177,0.04897359756232299,10,0.9154929577464789,0.9298245614035088,0.9157894736842105,0.9298245614035088,0.9157894736842105,0.9213442055843833,0.006925027997981334,-0.1293594835456916,-0.14139483836593292,-0.1438375153834067,-0.14076331070630416,-0.16272717098358552,-0.1436164637969842,0.010785226756785166,12,-0.10065711546954513,-0.09086335652914268,-0.09627853043604952,-0.10099166758663254,-0.09135114890581097,-0.09602836378543617,0.004351458355929485,-0.410472268015479,-0.43963126171507644,-0.45368893447331937,-0.43897618798314286,-0.5019992349182472,-0.448953577421053,0.030011765790793506,12,-0.3413651083273909,-0.3131777044034454,-0.3276133184424385,-0.3421955575673545,-0.3115918228360323,-0.32718870231533237,0.013159993942308518
noninvasive12,svc,0.02404494285583496,0.0007094255520080806,0.013683843612670898,0.00017121571068428416,1.0,auto,linear,"{'model__C': 1.0, 'model__gamma': 'auto', 'model__kernel': 'linear'}",0.9198343079922028,0.8890237979601748,0.8576979116075766,0.896551724137931,0.8309859154929577,0.8788187314381686,0.031096453960003174,9,0.8910584720443875,0.8958199847444698,0.8969794050343249,0.8918688024408848,0.9029391660970608,0.8957331660722255,0.004249074156085401,0.8974046603670509,0.9036478767367555,0.888880174908192,0.914700464130935,0.8150495273739071,0.883936540703368,0.035457597563168415,11,0.9035400429868586,0.8874766863231838,0.8931859247387424,0.8878966213373425,0.9097693466124718,0.8963737243997197,0.008854145312825764,0.8760964912280702,0.7979601748421564,0.8018455560951918,0.7524283632831472,0.7751420805534964,0.8006945332004124,0.04165767117469612,5,0.8143101030424974,0.8348207475209763,0.8204424103737604,0.8177726926010679,0.8241740715424926,0.822304005016159,0.007043674997117503,0.8873239436619719,0.8142857142857143,0.8275862068965517,0.810126582278481,0.8082191780821918,0.829508325040982,0.02968820608807483,8,0.8362369337979094,0.8647746243739566,0.8538205980066446,0.8489932885906041,0.8457538994800693,0.8499158688498367,0.009394848940116505,0.875,0.8028169014084507,0.8450704225352113,0.9014084507042254,0.8309859154929577,0.851056338028169,0.03427631978489565,13,0.8450704225352113,0.9087719298245615,0.9017543859649123,0.887719298245614,0.856140350877193,0.8798912774894984,0.025099657189512757,-0.11447146348696983,-0.13692089742904615,-0.15019220975662334,-0.142373228268088,-0.1582125017355872,-0.14043406013526288,0.01484219377139831,8,-0.13175246224730855,-0.12388081557303884,-0.12561540314258038,-0.12905459446268736,-0.123034727780779,-0.12666760064127883,0.0032748927576122704,-0.3852399102622868,-0.41969816703497204,-0.46431178644405957,-0.43309772946111347,-0.49977937481442447,-0.44042539360337124,0.03904409046995547,9,-0.4172650270329636,-0.40094486191713996,-0.4057804335320015,-0.4150660304200827,-0.3944559492727844,-0.4067024604349944,0.0085497862661096
noninvasive12,svc,0.022690773010253906,0.0006200031944326799,0.015561199188232422,0.00021546326916969092,1.0,auto,rbf,"{'model__C': 1.0, 'model__gamma': 'auto', 'model__kernel': 'rbf'}",0.9115497076023391,0.8882952889752307,0.8824672170956774,0.8950947061680428,0.8433407462317767,0.8841495332146133,0.022609471204871327,1,0.909426254496677,0.9167048054919908,0.9173150266971777,0.9093363844393593,0.9201640464798359,0.9145893035210081,0.004409827855718088,0.9126215340990531,0.9023659782025124,0.9104276204874571,0.9114790587819354,0.8311520913113466,0.8936092565764608,0.0314363851569849,1,0.9203980994098775,0.9167318632982954,0.9176594311710806,0.9135808198495261,0.9341290878154056,0.920499860308837,0.007154091944363177,0.8340643274853801,0.7877610490529383,0.7846041767848471,0.7719766877124817,0.7629107981220657,0.7882634078315425,0.024573883082046673,11,0.8332723614413755,0.8405034324942792,0.8365751334858886,0.8308924485125858,0.840373661426293,0.8363234074720843,0.0038143080464756634,0.8551724137931035,0.8111888111888111,0.8163265306122449,0.8343558282208589,0.8079470198675497,0.8249981207365137,0.0176334239280901,12,0.858603066439523,0.87,0.8666666666666667,0.8614357262103506,0.863013698630137,0.8639438315893354,0.0039942588543059624,0.8611111111111112,0.8169014084507042,0.8450704225352113,0.9577464788732394,0.8591549295774648,0.8679968701095462,0.047575107068933226,9,0.8873239436619719,0.9157894736842105,0.9122807017543859,0.9052631578947369,0.8842105263157894,0.900973560662219,0.01290794117993744,-0.11907099131747105,-0.13966313072176254,-0.1381997506327403,-0.14170076090217545,-0.1571914947853001,-0.13916522567188988,0.012135350203709176,3,-0.11871559804378054,-0.11065874009219631,-0.1132647522232849,-0.11782407509890455,-0.11060296408314169,-0.11421322590826159,0.003460564951503873,-0.3851109293072008,-0.4289354318305351,-0.4383516503263257,-0.4344708546511851,-0.4888535393418474,-0.4351444810914188,0.03297669250273093,1,-0.38306455846662324,-0.3632470291105052,-0.3683821048254085,-0.3823985206843862,-0.3605837632681597,-0.3715351952710165,0.009481641158666565
noninvasive12,svc,0.06613030433654785,0.002918035410187858,0.013914871215820312,0.0002078742810673665,10.0,scale,linear,"{'model__C': 10.0, 'model__gamma': 'scale', 'model__kernel': 'linear'}",0.9200779727095516,0.8904808159300631,0.8569694026226322,0.89752306945119,0.8299975290338523,0.8790097579494578,0.031777041976068864,7,0.8901591366380099,0.8959877955758961,0.8968878718535469,0.8917315026697177,0.9030454925191768,0.8955623598512694,0.004512328445209303,0.9038960747442177,0.9056327986199424,0.8875843883232831,0.9157694327169359,0.8137871519439617,0.8853339692696682,0.036896946007074126,8,0.9027148749339725,0.8896589239994058,0.8931525272529932,0.8878092917756906,0.9097974129424163,0.8966266061808957,0.008353442641914706,0.8830409356725146,0.8136231180184555,0.7791403593977659,0.7524283632831472,0.7734124042500617,0.800329036124389,0.04579504447381275,7,0.8135022254740565,0.8330663615560641,0.8217772692601069,0.8199466056445461,0.8263385737069948,0.8229262071283536,0.0065341639240651325,0.8951048951048951,0.8285714285714286,0.8055555555555556,0.810126582278481,0.8108108108108109,0.8300338544642342,0.03347055730098377,6,0.8373702422145328,0.862876254180602,0.856198347107438,0.8504201680672269,0.8472222222222222,0.8508174467584043,0.008582303943354935,0.8888888888888888,0.8169014084507042,0.8169014084507042,0.9014084507042254,0.8450704225352113,0.8538341158059468,0.03548804452721968,11,0.852112676056338,0.9052631578947369,0.9087719298245615,0.887719298245614,0.856140350877193,0.8820014825796887,0.023885538254210886,-0.1133963293598352,-0.13617595685916978,-0.1508198286437287,-0.14267530406648907,-0.15854212162938486,-0.14032190811172152,0.015426578956839807,6,-0.13162485705136256,-0.1242771251735698,-0.12522457131607737,-0.12902923535420183,-0.12310852237563312,-0.12665286225416894,0.0031816463734496933,-0.38311130382721476,-0.41852951164146657,-0.4662678029794007,-0.43368665094846043,-0.49995106342350076,-0.4403092665640087,0.04005199932281813,7,-0.4167506323610119,-0.4019131638934979,-0.4050607423212565,-0.41516892469334693,-0.39490998346883016,-0.4067606893475887,0.008213707272435962
noninvasive12,svc,0.027808284759521483,0.0006682279565907699,0.01588578224182129,0.00024122368500098672,10.0,scale,rbf,"{'model__C': 10.0, 'model__gamma': 'scale', 'model__kernel': 'rbf'}",0.8304093567251462,0.8045167557066537,0.8033025740650801,0.8559980573093735,0.7793427230046949,0.8147138933621898,0.026214687791088858,16,0.984787512956527,0.9875514874141876,0.985629290617849,0.9899771167048055,0.9909470646312751,0.9877784944649288,0.0023870633177077963,0.8597022271822323,0.8361839289555426,0.8230003743857693,0.8528468908845244,0.8092609545819485,0.8361988751980034,0.018597936417736192,16,0.9869293412403674,0.9886543412429682,0.9869460850902227,0.9897057581934009,0.9940974530718285,0.9892665957677576,0.0026363774411823754,0.7591374269005848,0.7314230208839242,0.7650558523555124,0.7767119961146187,0.6926118112181863,0.7449880214945652,0.030121788522541076,14,0.93895951466374,0.9489321128909229,0.9441647597254004,0.9559496567505721,0.9490544543176123,0.9474120996696496,0.005654892746784598,0.7801418439716312,0.7407407407407407,0.7887323943661971,0.8280254777070064,0.7466666666666667,0.7768614246904485,0.03157805761567187,14,0.945518453427065,0.9543859649122807,0.9512195121951219,0.9616724738675958,0.9543859649122807,0.9534364738628689,0.005239174157093,0.7638888888888888,0.704225352112676,0.7887323943661971,0.9154929577464789,0.7887323943661971,0.7922143974960876,0.06894383025962954,16,0.9471830985915493,0.9543859649122807,0.9578947368421052,0.968421052631579,0.9543859649122807,0.9564541635779589,0.0069251602490438035,-0.16725119822472914,-0.17872206239913424,-0.17764270155475473,-0.1512163259013231,-0.1922974680400807,-0.17342595122400434,0.013662788554659059,16,-0.07631613497866072,-0.05946091238246793,-0.07142146369050262,-0.06807047796672491,-0.060677155986128405,-0.06718922900089691,0.006389409920156591,-0.5121289724798963,-0.5384573731210843,-0.5387905016554044,-0.4711798945157067,-0.5670013084644407,-0.5255116100473065,0.03223770190169919,16,-0.30326731722260164,-0.2538689139732774,-0.2890993575139033,-0.2834966952705701,-0.25537426807132724,-0.2770213104103359,0.01939737408681493
noninvasive12,svc,0.06613316535949706,0.0030747051882607213,0.013901615142822265,0.0001620957124382454,10.0,auto,linear,"{'model__C': 10.0, 'model__gamma': 'auto', 'model__kernel': 'linear'}",0.9200779727095516,0.8904808159300631,0.8569694026226322,0.89752306945119,0.8299975290338523,0.8790097579494578,0.031777041976068864,7,0.8901591366380099,0.8959877955758961,0.8968878718535469,0.8917315026697177,0.9030454925191768,0.8955623598512694,0.004512328445209303,0.9038960747442177,0.9056327986199424,0.8875843883232831,0.9157694327169359,0.8137871519439617,0.8853339692696682,0.036896946007074126,8,0.9027148749339725,0.8896589239994058,0.8931525272529932,0.8878092917756906,0.9097974129424163,0.8966266061808957,0.008353442641914706,0.8830409356725146,0.8136231180184555,0.7791403593977659,0.7524283632831472,0.7734124042500617,0.800329036124389,0.04579504447381275,7,0.8135022254740565,0.8330663615560641,0.8217772692601069,0.8199466056445461,0.8263385737069948,0.8229262071283536,0.0065341639240651325,0.8951048951048951,0.8285714285714286,0.8055555555555556,0.810126582278481,0.8108108108108109,0.8300338544642342,0.03347055730098377,6,0.8373702422145328,0.862876254180602,0.856198347107438,0.8504201680672269,0.8472222222222222,0.8508174467584043,0.008582303943354935,0.8888888888888888,0.8169014084507042,0.8169014084507042,0.9014084507042254,0.8450704225352113,0.8538341158059468,0.03548804452721968,11,0.852112676056338,0.9052631578947369,0.9087719298245615,0.887719298245614,0.856140350877193,0.8820014825796887,0.023885538254210886,-0.1133963293598352,-0.13617595685916978,-0.1508198286437287,-0.14267530406648907,-0.15854212162938486,-0.14032190811172152,0.015426578956839807,6,-0.13162485705136256,-0.1242771251735698,-0.12522457131607737,-0.12902923535420183,-0.12310852237563312,-0.12665286225416894,0.0031816463734496933,-0.38311130382721476,-0.41852951164146657,-0.4662678029794007,-0.43368665094846043,-0.49995106342350076,-0.4403092665640087,0.04005199932281813,7,-0.4167506323610119,-0.4019131638934979,-0.4050607423212565,-0.41516892469334693,-0.39490998346883016,-0.4067606893475887,0.008213707272435962
noninvasive12,svc,0.024822521209716796,0.0004856753568812628,0.01545572280883789,0.00024380600431296774,10.0,auto,rbf,"{'model__C': 10.0, 'model__gamma': 'auto', 'model__kernel': 'rbf'}",0.8784113060428851,0.8661971830985915,0.8499271491015056,0.8960660514813016,0.8245614035087718,0.8630326186466111,0.02445205065112807,15,0.9476708737272117,0.9547673531655226,0.9510297482837529,0.949672006102212,0.9573327257537785,0.9520945414064956,0.0034972502165785636,0.8997793064187969,0.8917672757558202,0.8733979138684766,0.9133542935029291,0.8197616409652262,0.8796120861022498,0.032599673896319084,15,0.9572158233889256,0.9571032907675202,0.9583716021106391,0.9540624408410566,0.9656909468740872,0.9584888207964457,0.0038734329897036567,0.7923976608187134,0.7822972316658572,0.7705196697425936,0.7923749392909178,0.7276995305164319,0.7730578064069029,0.024068086339081123,13,0.8810362173038229,0.8888253241800153,0.8757055682684973,0.8779557589626239,0.8872863978127137,0.8821618533055346,0.005124542965190117,0.8057553956834532,0.8,0.8,0.8407643312101911,0.7671232876712328,0.8027286029129754,0.0234030216970044,13,0.8954703832752613,0.905982905982906,0.8934707903780069,0.8983050847457628,0.9008695652173913,0.8988197459198656,0.004372803514433862,0.7777777777777778,0.7887323943661971,0.8169014084507042,0.9295774647887324,0.7887323943661971,0.8203442879499218,0.05613247146113861,15,0.9049295774647887,0.9298245614035088,0.9122807017543859,0.9298245614035088,0.9087719298245615,0.9171262663701507,0.010625695735575265,-0.14445414884200555,-0.1498256559984843,-0.15648194460588183,-0.13918069178755307,-0.1682949739258625,-0.15164748303195746,0.01010935177162399,14,-0.09673384506166079,-0.08644802641365978,-0.09383525260081277,-0.09820400530369784,-0.08557963423229818,-0.09216015272242586,0.005218896163115451,-0.44712934516998326,-0.46014683089406677,-0.48618203701947715,-0.43550301254265206,-0.5137212840112692,-0.46853650192748963,0.028188273455708093,13,-0.33719542686343723,-0.31000565937667146,-0.3282688774124022,-0.3444435661080859,-0.3025636428326188,-0.32449543451864316,0.01590228726293222
