model,mean_fit_time,std_fit_time,mean_score_time,std_score_time,param_model__max_depth,param_model__max_features,param_model__min_samples_leaf,param_model__n_estimators,params,split0_test_roc_auc,split1_test_roc_auc,split2_test_roc_auc,split3_test_roc_auc,split4_test_roc_auc,mean_test_roc_auc,std_test_roc_auc,rank_test_roc_auc,split0_train_roc_auc,split1_train_roc_auc,split2_train_roc_auc,split3_train_roc_auc,split4_train_roc_auc,mean_train_roc_auc,std_train_roc_auc,split0_test_average_precision,split1_test_average_precision,split2_test_average_precision,split3_test_average_precision,split4_test_average_precision,mean_test_average_precision,std_test_average_precision,rank_test_average_precision,split0_train_average_precision,split1_train_average_precision,split2_train_average_precision,split3_train_average_precision,split4_train_average_precision,mean_train_average_precision,std_train_average_precision,split0_test_balanced_accuracy,split1_test_balanced_accuracy,split2_test_balanced_accuracy,split3_test_balanced_accuracy,split4_test_balanced_accuracy,mean_test_balanced_accuracy,std_test_balanced_accuracy,rank_test_balanced_accuracy,split0_train_balanced_accuracy,split1_train_balanced_accuracy,split2_train_balanced_accuracy,split3_train_balanced_accuracy,split4_train_balanced_accuracy,mean_train_balanced_accuracy,std_train_balanced_accuracy,split0_test_accuracy,split1_test_accuracy,split2_test_accuracy,split3_test_accuracy,split4_test_accuracy,mean_test_accuracy,std_test_accuracy,rank_test_accuracy,split0_train_accuracy,split1_train_accuracy,split2_train_accuracy,split3_train_accuracy,split4_train_accuracy,mean_train_accuracy,std_train_accuracy,split0_test_f1,split1_test_f1,split2_test_f1,split3_test_f1,split4_test_f1,mean_test_f1,std_test_f1,rank_test_f1,split0_train_f1,split1_train_f1,split2_train_f1,split3_train_f1,split4_train_f1,mean_train_f1,std_train_f1,split0_test_neg_brier,split1_test_neg_brier,split2_test_neg_brier,split3_test_neg_brier,split4_test_neg_brier,mean_test_neg_brier,std_test_neg_brier,rank_test_neg_brier,split0_train_neg_brier,split1_train_neg_brier,split2_train_neg_brier,split3_train_neg_brier,split4_train_neg_brier,mean_train_neg_brier,std_train_neg_brier,split0_test_neg_log_loss,split1_test_neg_log_loss,split2_test_neg_log_loss,split3_test_neg_log_loss,split4_test_neg_log_loss,mean_test_neg_log_loss,std_test_neg_log_loss,rank_test_neg_log_loss,split0_train_neg_log_loss,split1_train_neg_log_loss,split2_train_neg_log_loss,split3_train_neg_log_loss,split4_train_neg_log_loss,mean_train_neg_log_loss,std_train_neg_log_loss
extra_trees,0.1269315719604492,0.0034549868184150616,0.06372990608215331,0.0008039671413548391,,sqrt,1,300,"{'model__max_depth': None, 'model__max_features': 'sqrt', 'model__min_samples_leaf': 1, 'model__n_estimators': 300}",0.8595272904483431,0.8359640602234095,0.8550267119961147,0.8471345313258863,0.8106004447739066,0.8416506077535321,0.017464356904853172,16,1.0,1.0,1.0,1.0,1.0,1.0,0.0,0.8832385893199594,0.8689618544445764,0.8987121968563482,0.8481278616790202,0.7943233118032229,0.8586727628206253,0.03623409527577511,16,1.0,1.0,1.0,1.0,1.0,1.0,0.0,0.7576754385964912,0.7423506556580864,0.7634774162214668,0.7728266148615832,0.766370150728935,0.7605400552133126,0.010321220237404562,16,1.0,1.0,1.0,1.0,1.0,1.0,0.0,0.751937984496124,0.7441860465116279,0.7674418604651163,0.7829457364341085,0.7734375,0.7639898255813954,0.014127548916943684,15,1.0,1.0,1.0,1.0,1.0,1.0,0.0,0.7611940298507462,0.7659574468085106,0.7916666666666666,0.8157894736842105,0.8027210884353742,0.7874657410891016,0.02100198448116239,14,1.0,1.0,1.0,1.0,1.0,1.0,0.0,-0.15632695951765718,-0.17304668389319552,-0.15790482342807924,-0.15900198105081825,-0.1709111979166667,-0.16343832916128337,0.007057431495301411,16,-0.0,-0.0,-0.0,-0.0,-0.0,0.0,0.0,-0.4710044943964063,-0.5279504677875242,-0.5034558040092724,-0.5017386687915133,-0.5763671340711661,-0.5161033138111765,0.035134852021899504,16,-2.2204460492503136e-16,-2.2204460492503136e-16,-2.2204460492503136e-16,-2.2204460492503136e-16,-2.2204460492503136e-16,-2.2204460492503136e-16,0.0
extra_trees,0.262479829788208,0.001593920212873743,0.0908266544342041,0.007321122853808744,,sqrt,1,700,"{'model__max_depth': None, 'model__max_features': 'sqrt', 'model__min_samples_leaf': 1, 'model__n_estimators': 700}",0.8619639376218323,0.8341427877610491,0.8515055852355512,0.8504128217581349,0.816777860143316,0.8429605985039768,0.015830154147460005,15,1.0,1.0,1.0,1.0,1.0,1.0,0.0,0.8858137007412819,0.8712530020730755,0.896277520261785,0.8539149890236328,0.813055250002978,0.8640628924205507,0.029214164765475968,10,1.0,1.0,1.0,1.0,1.0,1.0,0.0,0.7576754385964912,0.7455075279261778,0.7634774162214668,0.7728266148615832,0.7593278972078082,0.7597629789627055,0.008856868884843876,19,1.0,1.0,1.0,1.0,1.0,1.0,0.0,0.751937984496124,0.7441860465116279,0.7674418604651163,0.7829457364341085,0.765625,0.7624273255813954,0.013410044028357892,17,1.0,1.0,1.0,1.0,1.0,1.0,0.0,0.7611940298507462,0.7591240875912408,0.7916666666666666,0.8157894736842105,0.7945205479452054,0.784458961147614,0.021530909919954946,17,1.0,1.0,1.0,1.0,1.0,1.0,0.0,-0.15503491536149341,-0.1736185888308812,-0.15802085113115014,-0.1579784844170226,-0.17012876275510203,-0.16295632049912986,0.007443309253157367,15,-0.0,-0.0,-0.0,-0.0,-0.0,0.0,0.0,-0.46157763153941556,-0.5292168483690988,-0.5036552365429033,-0.49811306355316354,-0.5541768623228595,-0.5093479284654882,0.03112888526193462,14,-2.2204460492503136e-16,-2.2204460492503136e-16,-2.2204460492503136e-16,-2.2204460492503136e-16,-2.2204460492503136e-16,-2.2204460492503136e-16,0.0
extra_trees,0.12706713676452636,0.0015192428276579748,0.06333003044128419,0.0009766966315072026,,sqrt,2,300,"{'model__max_depth': None, 'model__max_features': 'sqrt', 'model__min_samples_leaf': 2, 'model__n_estimators': 300}",0.8979044834307992,0.8521126760563381,0.8693540553666829,0.8744536182612919,0.838398813936249,0.8664447294102722,0.020269700191649413,5,0.9802755929516492,0.9827612509534707,0.9831121281464532,0.9790541571319603,0.9846738057264373,0.981975386981994,0.002030473341825863,0.894437291943792,0.8701869461635914,0.9007932137396999,0.8769350679013375,0.8400882310279776,0.8764881501552797,0.021343696148875293,1,0.9847418970656522,0.9867856390533284,0.986827722317346,0.9837561371992787,0.9882738439366074,0.9860770479144426,0.0016162166043615258,0.7978801169590644,0.7979601748421564,0.7791403593977659,0.7869111219038368,0.7470966147763776,0.7817976775758403,0.018746965549688584,5,0.9146012438265959,0.9197559115179252,0.9180778032036614,0.9023646071700993,0.9160628844839371,0.9141724900404438,0.006158077380788715,0.7906976744186046,0.7984496124031008,0.7829457364341085,0.7984496124031008,0.7578125,0.7856710271317829,0.015069017282874884,5,0.916504854368932,0.9223300970873787,0.9223300970873787,0.9067961165048544,0.9186046511627907,0.9173131632422669,0.005714347325337276,0.7969924812030075,0.8142857142857143,0.8055555555555556,0.8311688311688312,0.7947019867549668,0.808540913793615,0.013257601126327633,4,0.924956369982548,0.9307958477508651,0.931740614334471,0.9180887372013652,0.9273356401384083,0.9265834418815316,0.004893137310615828,-0.12798020203691643,-0.15908374876336498,-0.1465067045261223,-0.14742024869548803,-0.15843455922677133,-0.1478850926497326,0.01126962153615407,5,-0.07005956328112772,-0.06513115349886249,-0.06714640908353797,-0.07081483954001588,-0.06657204325256878,-0.06794480173122257,0.002151643393916197,-0.40489954103161846,-0.48308878179015124,-0.4597099235948562,-0.45431726386269883,-0.5002225810494124,-0.4604476182657475,0.032305987906652615,4,-0.25266824552612455,-0.23521272161475407,-0.24376796777101464,-0.254484256231369,-0.2410569622770047,-0.2454380306840534,0.007220111071151941
extra_trees,0.26015548706054686,0.0010851685615362629,0.08949360847473145,0.004123136401812999,,sqrt,2,700,"{'model__max_depth': None, 'model__max_features': 'sqrt', 'model__min_samples_leaf': 2, 'model__n_estimators': 700}",0.8966861598440546,0.851384167071394,0.8715395823215154,0.874453618261292,0.8379046207066964,0.8663936296409904,0.020228639244099216,6,0.9799554905188708,0.9828070175438597,0.9830053394355454,0.9797254004576659,0.9847497531708058,0.9820486002253496,0.0019269218657750745,0.8940202356462731,0.8674667103127283,0.9043748284046318,0.8776483942884565,0.8359804767505037,0.8758981290805188,0.023693477452887413,4,0.9845046528743409,0.9868188483141127,0.9866876643129118,0.9843073841497559,0.9883277614295422,0.9861292622161327,0.0015217973506192332,0.7821637426900585,0.7979601748421564,0.7791403593977659,0.7869111219038368,0.755868544600939,0.7804087886869513,0.013836501360158111,7,0.9189302481556003,0.9201754385964913,0.9198321891685737,0.9088863463005339,0.9160628844839371,0.9167774213410272,0.0042021998823717705,0.7751937984496124,0.7984496124031008,0.7829457364341085,0.7984496124031008,0.765625,0.7841327519379846,0.012913525964870378,6,0.920388349514563,0.9223300970873787,0.9242718446601942,0.912621359223301,0.9186046511627907,0.9196432603296456,0.00398958260247723,0.7819548872180451,0.8142857142857143,0.8055555555555556,0.8311688311688312,0.8,0.8065929976456292,0.0162156089750101,8,0.9281961471103327,0.9305555555555556,0.9335604770017035,0.9228130360205832,0.9273356401384083,0.9284921711653166,0.0035671571157579428,-0.12886443925948937,-0.15903982498122535,-0.14667557595883265,-0.14775518080090744,-0.15856124823287812,-0.14817925384666658,0.010965771842234113,7,-0.07071661756553145,-0.06527804474325641,-0.067265497148893,-0.07024529867282019,-0.06628272835122438,-0.0679576372963451,0.002159164695334946,-0.4063571567345844,-0.48308362225814266,-0.4601911110435882,-0.45565067880887844,-0.5022075931889616,-0.46149803240683107,0.03224785817927876,6,-0.25469063586781615,-0.23571425980212915,-0.24407074364915055,-0.2532418386147713,-0.24051370410739292,-0.24564623640825198,0.007307031668492473
extra_trees,0.12625131607055665,0.001141494293185008,0.06322102546691895,0.0007798517328271678,,0.7,1,300,"{'model__max_depth': None, 'model__max_features': 0.7, 'model__min_samples_leaf': 1, 'model__n_estimators': 300}",0.8578216374269007,0.8149587178241865,0.8285575522098106,0.8445847498785818,0.8059056090931555,0.830365653286527,0.018947033671773906,23,1.0,1.0,1.0,1.0,1.0,1.0,0.0,0.8775584436344928,0.8571834265938887,0.8767372968796809,0.8470732237684331,0.7794803394929164,0.8476065460738823,0.035996938498375805,22,1.0,1.0,1.0,1.0,1.0,1.0,0.0,0.7368421052631579,0.7024040796503157,0.7493929091792132,0.7971102476930549,0.7522856436866815,0.7476069970944846,0.030446141553038944,24,1.0,1.0,1.0,1.0,1.0,1.0,0.0,0.7286821705426356,0.7054263565891473,0.751937984496124,0.8062015503875969,0.7578125,0.7500121124031007,0.033659067165524324,24,1.0,1.0,1.0,1.0,1.0,1.0,0.0,0.732824427480916,0.7323943661971831,0.7746478873239436,0.8344370860927153,0.7862068965517242,0.7721021327292965,0.03797503520027257,24,1.0,1.0,1.0,1.0,1.0,1.0,0.0,-0.16549870801033592,-0.1948518518518519,-0.17416115417743325,-0.16015624461670974,-0.18145876736111113,-0.17522534520348837,0.012221890861360237,23,-0.0,-0.0,-0.0,-0.0,-0.0,0.0,0.0,-0.4970942521472555,-0.6039684549006531,-0.5895038483486916,-0.5316394310326056,-1.093720639920352,-0.6631853252699116,0.21871754470115268,24,-2.2204460492503136e-16,-2.2204460492503136e-16,-2.2204460492503136e-16,-2.2204460492503136e-16,-2.2204460492503136e-16,-2.2204460492503136e-16,0.0
extra_trees,0.2717484474182129,0.004205133237227186,0.08707489967346191,0.0022220874066501014,,0.7,1,700,"{'model__max_depth': None, 'model__max_features': 0.7, 'model__min_samples_leaf': 1, 'model__n_estimators': 700}",0.8536793372319689,0.8118018455560952,0.8273433705682371,0.8377853326857697,0.8061527057079317,0.8273525183500006,0.017281206968799562,24,1.0,1.0,1.0,1.0,1.0,1.0,0.0,0.8714941740892662,0.8540549377501603,0.875667315033057,0.8343698656848827,0.787586301905396,0.8446345188925525,0.032040855081987576,24,1.0,1.0,1.0,1.0,1.0,1.0,0.0,0.7437865497076024,0.7196454589606605,0.7509713453132589,0.7884895580378826,0.7435137138621202,0.7492813251763049,0.022279515956436537,23,1.0,1.0,1.0,1.0,1.0,1.0,0.0,0.7364341085271318,0.7209302325581395,0.751937984496124,0.7984496124031008,0.75,0.7515503875968992,0.025954525647725907,23,1.0,1.0,1.0,1.0,1.0,1.0,0.0,0.7424242424242424,0.7428571428571429,0.7714285714285715,0.8289473684210527,0.7808219178082192,0.7732958485878457,0.03173890664571222,23,1.0,1.0,1.0,1.0,1.0,1.0,0.0,-0.16753235247587409,-0.1938543268470179,-0.17449327638031956,-0.16167729789590254,-0.18115613839285716,-0.17574267839839425,0.01117266972996903,24,-0.0,-0.0,-0.0,-0.0,-0.0,0.0,0.0,-0.5102985374149434,-0.6028610735169078,-0.5832975585208647,-0.5348664050441081,-0.6321523072292795,-0.5726951763452207,0.04445649280112545,22,-2.2204460492503136e-16,-2.2204460492503136e-16,-2.2204460492503136e-16,-2.2204460492503136e-16,-2.2204460492503136e-16,-2.2204460492503136e-16,0.0
extra_trees,0.12684326171875,0.001229557814897813,0.060862064361572266,0.0020687905736894744,,0.7,2,300,"{'model__max_depth': None, 'model__max_features': 0.7, 'model__min_samples_leaf': 2, 'model__n_estimators': 300}",0.871588693957115,0.8159300631374454,0.8406993686255463,0.8555123846527439,0.815418828762046,0.8398298678269793,0.022010996775343263,18,0.9986586183769283,0.9990846681922197,0.9990541571319603,0.9986422578184593,0.9997265892002735,0.9990332581439683,0.0003942141357164946,0.8804007270847091,0.8376851799777727,0.884065936856947,0.8662430317074723,0.800083648080586,0.8536957047414973,0.0313800387307327,20,0.9989365581386305,0.999279820631286,0.9992501630898227,0.9989205271811006,0.9997829930127916,0.9992340124107264,0.0003132063128775207,0.7927631578947368,0.7525497814473046,0.7580135988343857,0.7728266148615832,0.766370150728935,0.7685046607533891,0.013973765832979284,11,0.9742851045667947,0.9781845919145691,0.9816933638443937,0.977765064836003,0.9904078377762588,0.980467192587604,0.005496360527353515,0.7829457364341085,0.751937984496124,0.7596899224806202,0.7829457364341085,0.7734375,0.7701913759689922,0.012484803311251208,11,0.974757281553398,0.9786407766990292,0.9825242718446602,0.9786407766990292,0.9903100775193798,0.9809746368630993,0.005274488305057662,0.7846153846153846,0.7681159420289855,0.7801418439716312,0.8157894736842105,0.8027210884353742,0.7902767465471172,0.016921166727097245,11,0.9771528998242531,0.9807355516637478,0.9842931937172775,0.9808027923211169,0.9912126537785588,0.9828394182609909,0.004756787317492425,-0.1451589657591233,-0.18538045023566074,-0.1646763794611367,-0.15818962110445098,-0.1730033339856466,-0.16528175010920368,0.013558553180746271,19,-0.03532790594160567,-0.03196163110913832,-0.03271118610624665,-0.03380743169683229,-0.028996434073348506,-0.03256091778543428,0.0021117428636106203,-0.45324033592967244,-0.5920827128387012,-0.5381194573023313,-0.4911535171870723,-0.57195215900649,-0.5293096364528533,0.05114466680229975,20,-0.14845203337317373,-0.13457113301570603,-0.13800955034665932,-0.14599760495097489,-0.1310915987430754,-0.13962438408591787,0.006625659155505343
extra_trees,0.2678853511810303,0.004522466714095872,0.0913177490234375,0.007588989237892993,,0.7,2,700,"{'model__max_depth': None, 'model__max_features': 0.7, 'model__min_samples_leaf': 2, 'model__n_estimators': 700}",0.8691520467836258,0.8152015541525012,0.8353569694026226,0.8530840213695969,0.8171485050654805,0.8379886193547653,0.02078228407416537,20,0.9987348332418755,0.9990999237223493,0.9990083905415714,0.9987185354691076,0.9997113997113998,0.9990546165372607,0.0003607673937341501,0.8888513128134204,0.8443688554306228,0.882624179081977,0.859043245941787,0.8179919406296838,0.8585759067794984,0.025861309454954108,17,0.9989973947640173,0.9992867753908484,0.999215855526965,0.998980654053854,0.9997704241050575,0.9992502207681484,0.0002862572003615165,0.7839912280701755,0.7368868382710054,0.7580135988343857,0.7884895580378826,0.7575982209043737,0.7649958888235646,0.019007219645953328,13,0.9742851045667947,0.9781845919145691,0.9812738367658276,0.977765064836003,0.9904078377762588,0.9803832871718907,0.005480180170735333,0.7751937984496124,0.7364341085271318,0.7596899224806202,0.7984496124031008,0.765625,0.767078488372093,0.020227640648804657,12,0.974757281553398,0.9786407766990292,0.9825242718446602,0.9786407766990292,0.9903100775193798,0.9809746368630993,0.005274488305057662,0.7786259541984732,0.7536231884057971,0.7801418439716312,0.8289473684210527,0.7972972972972973,0.7877271304588503,0.024876265615843333,13,0.9771528998242531,0.9807355516637478,0.9843478260869565,0.9808027923211169,0.9912126537785588,0.9828503447349266,0.0047601756705452246,-0.1473998487875963,-0.1849817809888684,-0.16613151308389174,-0.15909997260106312,-0.1725965753853378,-0.16604193816935148,0.012628597081189694,20,-0.03521125855389704,-0.032200807764437796,-0.03277545993242609,-0.03371099078175825,-0.02899300369932641,-0.03257830414636912,0.0020616101059134097,-0.45267296378697336,-0.5883641305975436,-0.5396939461316197,-0.4965549885371226,-0.563382988337543,-0.5281338034781605,0.04836402405984534,19,-0.1483172181035871,-0.13527288918720587,-0.13841719021547524,-0.1458771244551084,-0.13124444936433857,-0.13982577426514303,0.00640430271292811
extra_trees,0.1257843017578125,0.001210544593655676,0.06258544921875,0.0012129364595778991,8,sqrt,1,300,"{'model__max_depth': 8, 'model__max_features': 'sqrt', 'model__min_samples_leaf': 1, 'model__n_estimators': 300}",0.9115497076023392,0.8465274405050996,0.8693540553666829,0.8688683827100534,0.8379046207066964,0.8668408413781743,0.025531349393377097,3,0.9803365648436071,0.9844088482074752,0.9805949656750572,0.9796186117467582,0.9833826991721728,0.981668337929014,0.0018749163195833454,0.9023077290747656,0.8624607565342717,0.9079053122735798,0.8670992033652298,0.8360502932531633,0.8751646589002021,0.02670232555451645,6,0.9839221473351649,0.9872854128938382,0.9837302129489951,0.9826203113459029,0.9865753499276713,0.9848266868903144,0.0017883901102623975,0.7909356725146199,0.7736765420106848,0.7775619232637203,0.8080378824672171,0.7734124042500617,0.7847248849012608,0.013292222213165934,2,0.9277330650570087,0.9429061784897026,0.9268497330282228,0.9198321891685737,0.9126680337206653,0.9259978398928347,0.010053135071528909,0.7829457364341085,0.7751937984496124,0.7829457364341085,0.8217054263565892,0.78125,0.7888081395348838,0.016693967634306656,2,0.9300970873786408,0.945631067961165,0.9320388349514563,0.9242718446601942,0.9166666666666666,0.9297411003236247,0.009578632007625298,0.7878787878787878,0.7943262411347518,0.8082191780821918,0.8535031847133758,0.8108108108108109,0.8109476405239835,0.022921083966270444,3,0.9375,0.9517241379310345,0.9407783417935702,0.9335604770017035,0.9264957264957265,0.938011736644407,0.008347192697444824,-0.12385866351058804,-0.16372222974611725,-0.14771862858845664,-0.14575440963568137,-0.15640197325694105,-0.14749118094755687,0.0134492613336939,3,-0.06569776296449902,-0.05837355947713097,-0.06449123364768822,-0.0648540009892374,-0.0623210311916739,-0.06314751765404589,0.0026342044619110964,-0.39521049830639526,-0.4960246902636863,-0.46511031613443954,-0.45273973314169846,-0.4931765919959308,-0.46045236596843003,0.03653477172712401,5,-0.24416002147553356,-0.21842826839502127,-0.2376754839771003,-0.2401972458452053,-0.22960016068429068,-0.2340122360754302,0.009132116266112513
extra_trees,0.26172800064086915,0.0036656414429394363,0.09174480438232421,0.00556164077085428,8,sqrt,1,700,"{'model__max_depth': 8, 'model__max_features': 'sqrt', 'model__min_samples_leaf': 1, 'model__n_estimators': 700}",0.9105750487329435,0.8428848955803788,0.8674113647401651,0.8710539096648858,0.8369162342475908,0.8657682905931928,0.026055225807119317,7,0.9798030607889763,0.9842868039664379,0.9801372997711671,0.9795728451563691,0.9834738361054152,0.9814547691576732,0.0020051212713353395,0.8952190217426377,0.8570995447778428,0.9053326549392648,0.8734893948422455,0.8340561315050521,0.8730393495614084,0.02572456661487885,8,0.983428731052483,0.9871823680307603,0.9832271523031408,0.9824458686873274,0.9865595795403171,0.9845687399228057,0.0019183614944747603,0.7927631578947368,0.7666342884895581,0.7775619232637203,0.8080378824672171,0.7646404744255004,0.7819275453081467,0.016437429156305,4,0.9303015060057314,0.9433257055682684,0.9246758199847445,0.9194126620900076,0.910913647755753,0.925725868280901,0.010872458635003506,0.7829457364341085,0.7674418604651163,0.7829457364341085,0.8217054263565892,0.7734375,0.7856952519379845,0.018948831708078356,4,0.9320388349514563,0.945631067961165,0.9300970873786408,0.9242718446601942,0.9147286821705426,0.9293535034243998,0.01012355354861984,0.7846153846153846,0.7857142857142857,0.8082191780821918,0.8535031847133758,0.8053691275167785,0.8074842321284033,0.024978681164298126,6,0.9389179755671903,0.9515570934256056,0.9391891891891891,0.933786078098472,0.9246575342465754,0.9376215741054065,0.008730568499304406,-0.12421679486896887,-0.16511818882227555,-0.14920908359370624,-0.1464195139417919,-0.157214719851615,-0.1484356602156715,0.013759324961659257,8,-0.0659351788953935,-0.058766640355610404,-0.06478023806202234,-0.06481561499365453,-0.062351775285951865,-0.06332988951852653,0.00256430786751905,-0.3964214680797645,-0.500387319079905,-0.469234101868633,-0.4524615252267307,-0.4970333356385801,-0.46310754997872267,0.03778530433115604,8,-0.2448274370318596,-0.21932182151681381,-0.23844975452754144,-0.24022725366420528,-0.22977545413469447,-0.2345203441750229,0.009030551669555487
extra_trees,0.12714171409606934,0.001041005161085728,0.0631791591644287,0.0003465083009335861,8,sqrt,2,300,"{'model__max_depth': 8, 'model__max_features': 'sqrt', 'model__min_samples_leaf': 2, 'model__n_estimators': 300}",0.9120370370370371,0.8528411850412821,0.8686255463817387,0.8715395823215153,0.8381517173214728,0.8686390136206092,0.02478244757912811,2,0.9587372721175538,0.9663615560640733,0.9612662090007628,0.9570099160945843,0.9628768891926787,0.9612503684939305,0.0032578259263003452,0.896559686610121,0.8665959131351176,0.9051169006174051,0.8714482029816317,0.8341163430557976,0.8747674092800146,0.025005178025895258,7,0.9665778282356432,0.9727528983079682,0.9678197039630821,0.9632230129615653,0.9702987953731053,0.9681344477682728,0.0032452675031486773,0.8205409356725146,0.7720981058766392,0.7861826129188927,0.7853326857697911,0.7541388682975043,0.7836586417070683,0.02179238157335857,3,0.8894350954210108,0.8975209763539282,0.8779557589626239,0.8853928299008391,0.8778081567555251,0.8856225634787854,0.007429740913386681,0.813953488372093,0.7751937984496124,0.7906976744186046,0.7984496124031008,0.765625,0.7887839147286823,0.017038909689085877,3,0.8932038834951457,0.9009708737864077,0.883495145631068,0.8912621359223301,0.8817829457364341,0.8901429969142771,0.006956274846757089,0.8208955223880597,0.7972027972027972,0.8137931034482758,0.8333333333333334,0.8026315789473685,0.813571267063967,0.01289834696659385,2,0.9053356282271945,0.9122203098106713,0.8983050847457628,0.9054054054054054,0.8953687821612349,0.9033270420700538,0.0059329281093573345,-0.12365015815986183,-0.15735713063509216,-0.1482038791554363,-0.14557365622813503,-0.15741793009457888,-0.14644055085462085,0.012352630499229455,1,-0.08920055848290853,-0.08164226692896458,-0.08701651834343,-0.08914674915610933,-0.08663127636337463,-0.08672747385495741,0.0027539488271803646,-0.3981125038106403,-0.4781778669193058,-0.46307883038280434,-0.4496199915024922,-0.49506543379177187,-0.4568109252814029,0.033034692256655215,2,-0.3068243284877946,-0.2825916867837767,-0.2986419679969923,-0.3059572198185146,-0.2953835039811562,-0.2978797414136468,0.008783941033018557
extra_trees,0.26517090797424314,0.006427850168395424,0.08709211349487304,0.0022169513818976194,8,sqrt,2,700,"{'model__max_depth': 8, 'model__max_features': 'sqrt', 'model__min_samples_leaf': 2, 'model__n_estimators': 700}",0.9117933723196882,0.8523555123846528,0.870082564351627,0.8727537639630889,0.8393872003953546,0.8692744826828823,0.024495369230300535,1,0.9583714407658069,0.9667276887871854,0.9610983981693364,0.957162471395881,0.9633629528366371,0.9613445903909692,0.003447952548922355,0.8960006168900592,0.866643173074779,0.9071505221927784,0.8749102051667559,0.8356257086485244,0.8760660451945794,0.024856303683564892,2,0.9662610730678262,0.9730917802368839,0.9675604115360242,0.963438337159694,0.9706792661979651,0.9682061736396786,0.003373959936143795,0.8205409356725146,0.7807187955318116,0.7861826129188927,0.7853326857697911,0.7629107981220657,0.787137165603015,0.01869808294368271,1,0.8894350954210108,0.8971014492753624,0.8801296720061023,0.8836384439359268,0.875643654591023,0.8851896630458851,0.007470614629314133,0.813953488372093,0.7829457364341085,0.7906976744186046,0.7984496124031008,0.7734375,0.7918968023255814,0.013796681122243967,1,0.8932038834951457,0.9009708737864077,0.8854368932038835,0.8893203883495145,0.8798449612403101,0.8897554000150523,0.007137708640223659,0.8208955223880597,0.8028169014084507,0.8137931034482758,0.8333333333333334,0.8079470198675497,0.8157571760891338,0.010654864959408521,1,0.9053356282271945,0.9125214408233276,0.8998302207130731,0.9035532994923858,0.8938356164383562,0.9030152411388676,0.006171732337476422,-0.12325291879935822,-0.157151913374259,-0.14806397593019457,-0.1464878100508373,-0.1577082104721161,-0.14653296572535307,0.012505636812886032,2,-0.08971272933276966,-0.08160165967661588,-0.08685501543127057,-0.08948801249896796,-0.0861072303821794,-0.08675292946436068,0.0029395245786600385,-0.3963231568500711,-0.4768638198567769,-0.46318392006105985,-0.45049868848836166,-0.4961156999271359,-0.4565970570366811,0.033722350802599145,1,-0.30802005576613384,-0.28272378688029537,-0.29841523270061604,-0.30681220856363645,-0.2939313418282769,-0.2979805251477917,0.009253580126294285
extra_trees,0.12656641006469727,0.0021959499811618596,0.06470260620117188,0.004779978764671235,8,0.7,1,300,"{'model__max_depth': 8, 'model__max_features': 0.7, 'model__min_samples_leaf': 1, 'model__n_estimators': 300}",0.885233918128655,0.8069451189898009,0.8338999514327343,0.8705682370082564,0.8332097850259452,0.8459714021170782,0.028207016919053522,14,0.9921803548564112,0.9931960335621663,0.993302822273074,0.9929214340198321,0.9963849016480596,0.9935971092719086,0.0014479629149431912,0.8933474384747201,0.815678758499146,0.8721297884913456,0.8814756594162281,0.8388186051843627,0.8602900500131605,0.02875061967504043,15,0.9939868863333355,0.9945496243490715,0.994473572681611,0.9943863187593289,0.9971181400243277,0.9949029084295349,0.0011244866573340707,0.7894736842105263,0.7353084021369597,0.7509713453132589,0.7900679941719281,0.7435137138621202,0.7618670279389587,0.023316700491035285,15,0.93895951466374,0.956369183829138,0.9560259344012204,0.9398932112890923,0.9656641604010026,0.9513824009168385,0.010360778369970321,0.7751937984496124,0.7364341085271318,0.751937984496124,0.7984496124031008,0.75,0.7624031007751938,0.02191208375984895,19,0.9398058252427185,0.9572815533980582,0.9592233009708738,0.9436893203883495,0.9670542635658915,0.9534108527131784,0.010144106677780033,0.768,0.7571428571428571,0.7714285714285715,0.8266666666666667,0.7808219178082192,0.7808120026092629,0.024145703356170577,19,0.945518453427065,0.9615384615384616,0.9639794168096055,0.9504273504273504,0.9704347826086956,0.9583796929622356,0.009113848217326474,-0.13780707109539364,-0.1882847919952591,-0.1644594421330631,-0.14966929714803595,-0.16187650555132654,-0.16041942158461567,0.01686302047611669,14,-0.04302261074836267,-0.039482783681785184,-0.044277161029698385,-0.04394142720753146,-0.03809470256028449,-0.04176373704553244,0.0025023572833252285,-0.426788302279368,-0.5988173157139017,-0.5422747551838151,-0.4677962803103104,-0.5161841623034531,-0.5103721631581697,0.059452615286979225,15,-0.1667392367592071,-0.1502407729128821,-0.16810072760517167,-0.17152902280937488,-0.15272183858755323,-0.16186631973483778,0.00865743457254243
extra_trees,0.26529464721679685,0.002504545785651843,0.08957734107971191,0.0038328627102895817,8,0.7,1,700,"{'model__max_depth': 8, 'model__max_features': 0.7, 'model__min_samples_leaf': 1, 'model__n_estimators': 700}",0.885477582846004,0.8127731908693541,0.8372996600291402,0.8712967459932006,0.8299975290338523,0.8473689417543102,0.026925195394683642,13,0.9921193829644535,0.9932875667429443,0.9936231884057971,0.9928756674294432,0.996157059314954,0.9936125729715185,0.0013676840763222325,0.8988708916269885,0.8267822618932492,0.8704366702250976,0.8845838267038004,0.8316659135705452,0.8624679128039363,0.02863571353170147,11,0.9939322262465812,0.9946388300666738,0.9947585783344085,0.99429390547738,0.9969284620130463,0.9949104004276179,0.0010494059008436512,0.7894736842105263,0.7266877124817872,0.7509713453132589,0.7884895580378826,0.7435137138621202,0.7598272027811152,0.02507279968216542,18,0.9446451435888055,0.9581235697940503,0.9516781083142639,0.9394736842105263,0.9678286625655047,0.9523498336946302,0.009985377928851515,0.7751937984496124,0.7286821705426356,0.751937984496124,0.7984496124031008,0.75,0.7608527131782946,0.023880498915890492,20,0.945631067961165,0.9592233009708738,0.9553398058252427,0.9436893203883495,0.9689922480620154,0.9545751486415293,0.009257868138617769,0.768,0.75177304964539,0.7714285714285715,0.8289473684210527,0.7808219178082192,0.7801941814606467,0.026117281658350866,20,0.9508771929824561,0.9633507853403142,0.9606837606837607,0.9505962521294719,0.9721254355400697,0.9595266853352145,0.008114892804445568,-0.13770475276577324,-0.18700862354440606,-0.16223253349624342,-0.14979965409586515,-0.16252649326216156,-0.15985441143288986,0.016382016026264733,13,-0.0430379455762833,-0.039494101559337975,-0.043923456521764076,-0.043915024118220354,-0.03841933552791158,-0.041757972660703455,0.0023346148408490107,-0.4251595744432419,-0.59167618965899,-0.5299814889759883,-0.46526138245578946,-0.5190336346313676,-0.5062224540330755,0.05706129836293547,13,-0.1668589514141275,-0.15032816786178377,-0.16754147866393387,-0.17167993663327713,-0.15372445469324467,-0.1620265978532734,0.008399182653208706
extra_trees,0.12615423202514647,0.0017560930442124141,0.06318173408508301,0.0026910854607576436,8,0.7,2,300,"{'model__max_depth': 8, 'model__max_features': 0.7, 'model__min_samples_leaf': 2, 'model__n_estimators': 300}",0.8859649122807017,0.8190869354055367,0.8394851869839729,0.8729966002914036,0.8319743019520632,0.8499015873827356,0.025351034537485193,10,0.9835833180903603,0.9865903890160184,0.9869870327993898,0.9832951945080093,0.9897622844991266,0.9860436437825809,0.002392671222410976,0.8964538608074443,0.8317119711535241,0.8735136918178945,0.8830196841669781,0.8276192558190008,0.8624636927529684,0.027784117597268388,12,0.987310767267173,0.9893150719590263,0.9893439983501532,0.9865367888494877,0.9917948950565415,0.9888603042964764,0.0018358859186289483,0.8033625730994152,0.7580135988343857,0.75643516270034,0.7728266148615832,0.7734124042500617,0.7728100707491572,0.0168575898274239,9,0.920690811535882,0.9424103737604881,0.9342105263157895,0.9119755911517925,0.9356573251310094,0.9289889255789923,0.011046992198174548,0.7906976744186046,0.7596899224806202,0.7596899224806202,0.7829457364341085,0.78125,0.7748546511627907,0.0127851908512097,9,0.9223300970873787,0.9436893203883495,0.9378640776699029,0.916504854368932,0.937984496124031,0.9316745691277187,0.010391523912526382,0.7874015748031497,0.7801418439716312,0.7832167832167832,0.8157894736842105,0.8108108108108109,0.7954720972973172,0.014821704619016177,9,0.9300699300699301,0.9493891797556719,0.9452054794520548,0.9267461669505963,0.9446366782006921,0.9392094868857891,0.009032146167392377,-0.13542695043651104,-0.18038445940279016,-0.1606501563082782,-0.1525268858489052,-0.16115309021001267,-0.15802830844129945,0.014543196810559534,11,-0.06021097077615704,-0.05458456247736946,-0.0590122072326375,-0.06167610438056361,-0.05441685439496918,-0.057980139852339366,0.002964080715572431,-0.42459387770325413,-0.578279680809171,-0.5244545956103304,-0.468894383057719,-0.5163369758849914,-0.5025119026130932,0.052181849079197394,12,-0.2174479904113081,-0.19633863441494118,-0.2111242860541083,-0.22386318952336534,-0.20142036333883262,-0.21003889274851112,0.010091185418135867
extra_trees,0.2668797969818115,0.003311398805400761,0.09385490417480469,0.004919426551282394,8,0.7,2,700,"{'model__max_depth': 8, 'model__max_features': 0.7, 'model__min_samples_leaf': 2, 'model__n_estimators': 700}",0.8874269005847953,0.8164157357940748,0.8404565322972317,0.873482272948033,0.831727205337287,0.8499017293922844,0.02647647011012314,9,0.983842448631181,0.9866819221967963,0.9869565217391304,0.9833104500381389,0.9899141793878635,0.9861411043986219,0.0023870444759231347,0.8971381891563311,0.8236453578535222,0.8739652368410045,0.8839165000394922,0.8306691283245629,0.8618668824429825,0.02936258059686051,13,0.9874920627510722,0.9893684875760543,0.9893408105890021,0.9865582108664162,0.991952038623253,0.9889423220811594,0.001853970991814229,0.8103070175438596,0.7423506556580864,0.75643516270034,0.7798688683827101,0.766370150728935,0.7710663710027863,0.023143168970963978,10,0.9228553137003841,0.9424103737604881,0.9298627002288329,0.9137299771167048,0.9395762132604237,0.9296869156133667,0.01059254611779803,0.7984496124031008,0.7441860465116279,0.7596899224806202,0.7906976744186046,0.7734375,0.7732921511627907,0.019839643017138,10,0.9242718446601942,0.9436893203883495,0.9339805825242719,0.9184466019417475,0.9418604651162791,0.9324497629261683,0.009799992255294123,0.796875,0.7659574468085106,0.7832167832167832,0.8235294117647058,0.8027210884353742,0.7944599460450747,0.019276482923690323,10,0.9316987740805605,0.9493891797556719,0.9419795221843004,0.9285714285714286,0.9480968858131488,0.9399471580810219,0.008451548967558006,-0.13496273975552453,-0.18206189556084754,-0.1594781634782399,-0.1526525186233566,-0.16151549056546044,-0.15813416159668578,0.015183803075254168,12,-0.05989022158327988,-0.054675036941730294,-0.0587524093484778,-0.06168839503366152,-0.054323173294280686,-0.05786584724028604,0.002906123346796122,-0.423218305508495,-0.5830806176278017,-0.5184624059784297,-0.4681211922568722,-0.5179208710333517,-0.5021606784809901,0.05376383805708523,11,-0.21690639257385239,-0.19670988648752238,-0.21041333080238392,-0.2239765940488143,-0.20101994500912976,-0.20980522978434055,0.010002930666267434
extra_trees,0.12648224830627441,0.001573594223051939,0.06361937522888184,0.00020999759029095928,12,sqrt,1,300,"{'model__max_depth': 12, 'model__max_features': 'sqrt', 'model__min_samples_leaf': 1, 'model__n_estimators': 300}",0.8779239766081871,0.8288003885381253,0.8516270033997084,0.8499271491015055,0.8337039782554979,0.8483964991806049,0.0172309529241617,12,0.9996036827022743,0.9997559115179252,0.9998321891685736,0.9998321891685736,1.0,0.9998047945114694,0.00012840687215547405,0.8923558968849117,0.8462880805894668,0.8916935408832585,0.8427242184165437,0.8334983978333647,0.861312026921509,0.025422752818571197,14,0.9996806006987502,0.9998032184566318,0.9998658974391992,0.9998649481811963,1.0,0.9998429329551556,0.00010354815029138033,0.7595029239766082,0.7439290917921322,0.7634774162214668,0.7712481787275376,0.7716827279466272,0.7619680677328744,0.010141546260129083,14,0.9825391744405829,0.9899694889397406,0.9891304347826086,0.9826086956521739,1.0,0.9888495587630212,0.006394291162961423,0.751937984496124,0.7441860465116279,0.7674418604651163,0.7829457364341085,0.78125,0.7655523255813954,0.015455654174404143,14,0.9825242718446602,0.9902912621359223,0.9902912621359223,0.9844660194174757,1.0,0.9895145631067962,0.006091024132566271,0.7575757575757576,0.762589928057554,0.7916666666666666,0.8181818181818182,0.8133333333333334,0.788669500763026,0.02504088456038824,12,0.9841269841269841,0.9912434325744308,0.991304347826087,0.986159169550173,1.0,0.990566786815535,0.005493368826799586,-0.14009458903197833,-0.1732656451954509,-0.15699040938710612,-0.15681363262286385,-0.16004684030991032,-0.15744222330946192,0.010570755762934416,9,-0.014242608400791442,-0.013222958118960784,-0.01517738104700425,-0.015566819143183374,-0.01209373305057919,-0.014060699952103808,0.0012743023612817599,-0.4250200290370588,-0.5387333857201142,-0.5091695145694269,-0.49796518673290463,-0.5162733624463156,-0.49743229570116404,0.03858069070375848,10,-0.07449559301007168,-0.06646722158509712,-0.07461313943935471,-0.07613509397049645,-0.0654883268683741,-0.07143987497467881,0.004507777902422977
extra_trees,0.2632320404052734,0.0034876887803660956,0.08661036491394043,0.0019031896511569465,12,sqrt,1,700,"{'model__max_depth': 12, 'model__max_features': 'sqrt', 'model__min_samples_leaf': 1, 'model__n_estimators': 700}",0.8798732943469786,0.8309859154929577,0.8538125303545411,0.850412821758135,0.8339510748702743,0.8498071273645774,0.017470185647797336,11,0.9996341686482532,0.9996796338672769,0.9997864225781846,0.999908466819222,1.0,0.9998017383825873,0.0001370564340073737,0.8989650929494784,0.8537852523896394,0.8929009316378688,0.8443066390008916,0.8381479766416685,0.8656211785239094,0.025318677387947363,9,0.9997046262787723,0.9997421642672019,0.9998289590534595,0.9999262584429013,1.0,0.999840401608467,0.00011050745679513078,0.7437865497076024,0.7455075279261778,0.7634774162214668,0.7712481787275376,0.7716827279466272,0.7591404801058823,0.012200933779768644,20,0.9864642399853667,0.9895499618611747,0.9891304347826086,0.9826086956521739,0.9978354978354979,0.9891177660233643,0.0050118858570284055,0.7364341085271318,0.7441860465116279,0.7674418604651163,0.7829457364341085,0.78125,0.7624515503875969,0.01902016023599487,16,0.9864077669902913,0.9902912621359223,0.9902912621359223,0.9844660194174757,0.998062015503876,0.9899036652366977,0.004661511308558086,0.7424242424242424,0.7591240875912408,0.7916666666666666,0.8181818181818182,0.8133333333333334,0.7849460296394604,0.0297674274743715,16,0.9876543209876543,0.9912739965095986,0.991304347826087,0.986159169550173,0.9982486865148862,0.9909281042776797,0.004178816109875906,-0.14148673835815698,-0.17235972970822466,-0.15615372788286547,-0.1566709025397035,-0.16122750509367917,-0.15757972071652593,0.009935778619553142,10,-0.013992949929438604,-0.013226742513257868,-0.015603472429756855,-0.015308048762351754,-0.012413465303942635,-0.014108935787749544,0.0012114329989321535,-0.4256669830716135,-0.5292412431298565,-0.4989481231164603,-0.4934012998594875,-0.5156422731263133,-0.49257998446074625,0.03576169612734287,9,-0.07406281662019672,-0.06643183378499086,-0.0763596289455474,-0.07531425684064492,-0.06656585378567864,-0.07174687799541171,0.00434649149746631
extra_trees,0.126761531829834,0.0015879887070841862,0.06238565444946289,0.002245493224798206,12,sqrt,2,300,"{'model__max_depth': 12, 'model__max_features': 'sqrt', 'model__min_samples_leaf': 2, 'model__n_estimators': 300}",0.9010721247563352,0.8530840213695969,0.8678970373967946,0.875182127246236,0.8361749444032617,0.8666820510344448,0.021780700740960904,4,0.977364185110664,0.9805186880244089,0.980701754385965,0.9765827612509534,0.982668793195109,0.9795672363934201,0.0022615292483660968,0.8962162760400321,0.86866959004151,0.8992433104874162,0.8787344491582074,0.8370275301590544,0.875978231177244,0.02249005316932244,3,0.9822511709631754,0.9848285461406173,0.984637763778611,0.9815410229635014,0.9865334420725964,0.9839583891837002,0.001822518798012478,0.7978801169590644,0.7979601748421564,0.7791403593977659,0.769669742593492,0.7541388682975043,0.7797578524179967,0.01684176130074791,8,0.90851167611731,0.918001525553013,0.9137299771167048,0.9045385202135774,0.9182273866484393,0.9126018171298089,0.005363257202149291,0.7906976744186046,0.7984496124031008,0.7829457364341085,0.7829457364341085,0.765625,0.7841327519379845,0.01089427000000471,7,0.9106796116504854,0.920388349514563,0.9184466019417475,0.9087378640776699,0.9205426356589147,0.9157590125686761,0.005032569659463046,0.7969924812030075,0.8142857142857143,0.8055555555555556,0.8205128205128205,0.8026315789473685,0.807995630100893,0.008390965487881106,5,0.9198606271777003,0.92894280762565,0.9285714285714286,0.9196581196581196,0.92894280762565,0.9251951581317096,0.004440832604327299,-0.12754227097229945,-0.15807476525744965,-0.14649036471152616,-0.14719953363963617,-0.15859121737953674,-0.14757963039208963,0.011262589840761702,4,-0.07252178494840583,-0.06698355429474474,-0.06969877084440318,-0.07265625385886362,-0.06881188836444087,-0.07013445046217164,0.002187509643879482,-0.4045863631130771,-0.479239909555773,-0.4617144997853899,-0.4529583599727787,-0.5006649144662154,-0.4598328093786469,0.03208384322852363,3,-0.25909927626966717,-0.24012774903176873,-0.25041914677242594,-0.2595398597714591,-0.24689950167490657,-0.2512171067040455,0.007397960833988712
extra_trees,0.2627091407775879,0.0020064480784009967,0.09280624389648437,0.003926482595411391,12,sqrt,2,700,"{'model__max_depth': 12, 'model__max_features': 'sqrt', 'model__min_samples_leaf': 2, 'model__n_estimators': 700}",0.8976608187134503,0.850412821758135,0.8681398737251095,0.8754249635745507,0.8371633308623672,0.8657603617267224,0.02083287267533626,8,0.9775166148405585,0.9807932875667429,0.9805339435545385,0.9771929824561403,0.982516898306372,0.9797107453448705,0.002043398445320941,0.8947295474562605,0.864640064196657,0.9007616159821964,0.8791219519863254,0.8371772349838134,0.8752860829210505,0.02283587964213791,5,0.9824623199364197,0.985020480821098,0.9844875168445033,0.9820016858851426,0.9864277021407142,0.9840799411255757,0.0016430799022391293,0.7997076023391813,0.8050024283632832,0.7791403593977659,0.7782904322486643,0.7400543612552508,0.7804390367208291,0.022855471582956456,6,0.910676178281812,0.9219298245614036,0.9115560640732265,0.9045385202135774,0.9143084985190248,0.9126018171298089,0.005652307946242078,0.7906976744186046,0.8062015503875969,0.7829457364341085,0.7906976744186046,0.75,0.7841085271317829,0.018653037853513115,8,0.912621359223301,0.9242718446601942,0.916504854368932,0.9087378640776699,0.9166666666666666,0.9157605177993527,0.005157321194009419,0.7938931297709924,0.8226950354609929,0.8055555555555556,0.8258064516129032,0.7866666666666666,0.8069233678134221,0.015409791103890895,7,0.9214659685863874,0.9324090121317158,0.9269949066213922,0.9196581196581196,0.925476603119584,0.9252009220234397,0.004470424567117452,-0.12754343945241836,-0.15880056321349348,-0.14723085350456067,-0.14774234075714038,-0.1590276532895108,-0.14806897004342473,0.011466179507766551,6,-0.07268065172267542,-0.06696277112129902,-0.06970186129767442,-0.07240083585518178,-0.06849746509813102,-0.07004871701899233,0.0022140143089368534,-0.4043129488046623,-0.48275524287669896,-0.4634306306564691,-0.45380432566147094,-0.5032241840293752,-0.4615054664057353,0.03324455533145613,7,-0.2601092290462683,-0.24018734741420453,-0.2504415959926443,-0.25909319565291766,-0.24607383575389227,-0.25118104077198544,0.007613230011556842
extra_trees,0.12561960220336915,0.0006286306389262487,0.06344566345214844,0.0007549809963671475,12,0.7,1,300,"{'model__max_depth': 12, 'model__max_features': 0.7, 'model__min_samples_leaf': 1, 'model__n_estimators': 300}",0.8602582846003899,0.814473045167557,0.8326857697911608,0.8450704225352113,0.8107239930812948,0.8326423030351228,0.018588365846252897,21,1.0,1.0,0.9999694889397407,1.0,1.0,0.9999938977879481,1.2204424103723354e-05,0.8637401762195818,0.8489302638859855,0.8686924604658858,0.8429268099827762,0.8099885402533188,0.8468556501615095,0.02069230342283556,23,1.0,1.0,0.9999754200862234,1.0,1.0,0.9999950840172447,9.83196551063159e-06,0.7613304093567251,0.7212238950947062,0.7509713453132589,0.7884895580378826,0.7593278972078082,0.7562686210020763,0.021584084874562745,21,1.0,1.0,0.9978260869565218,0.9978260869565218,1.0,0.9991304347826088,0.001064995540340506,0.751937984496124,0.7209302325581395,0.751937984496124,0.7984496124031008,0.765625,0.7577761627906977,0.025066810627647977,21,1.0,1.0,0.9980582524271845,0.9980582524271845,1.0,0.9992233009708738,0.0009512581525371452,0.7538461538461538,0.7391304347826086,0.7714285714285715,0.8289473684210527,0.7945205479452054,0.7775746152847185,0.0316388784578165,21,1.0,1.0,0.9982486865148862,0.9982486865148862,1.0,0.9992994746059545,0.0008579648836368297,-0.1579590674184425,-0.18831135714955732,-0.16926902857241483,-0.16009767801680483,-0.17791570611355734,-0.1707105674541554,0.01130499032039177,21,-0.005231683994513346,-0.006001894140081153,-0.007815680613326553,-0.006365275571390019,-0.003981496153327581,-0.00587920609452773,0.0012666362813178013,-0.7146863703910963,-0.8371690072875334,-0.5646902085725642,-0.5201042832665435,-0.6012155581869856,-0.6475730855409445,0.11464527354977644,23,-0.03383150535641022,-0.0351718465216716,-0.04219675911895628,-0.03922869346152282,-0.028269269822066723,-0.035739614856125534,0.004767340542022327
extra_trees,0.2689448356628418,0.004513709860874151,0.08831686973571777,0.0013116408378953729,12,0.7,1,700,"{'model__max_depth': 12, 'model__max_features': 0.7, 'model__min_samples_leaf': 1, 'model__n_estimators': 700}",0.8589181286549709,0.8137445361826129,0.8314715881495872,0.842642059252064,0.8112181863108475,0.8315988997100165,0.017902288270939627,22,1.0,1.0,0.9999847444698703,1.0,1.0,0.9999969488939741,6.102212051883881e-06,0.8773792431501062,0.8498748893571182,0.8743710614350787,0.8448684862263703,0.7936248719032049,0.8480237104143755,0.03009500338104568,21,1.0,1.0,0.999987731566679,1.0,1.0,0.9999975463133358,4.907373328411069e-06,0.7525584795321638,0.7282661486158329,0.7509713453132589,0.7884895580378826,0.7505559673832469,0.754168299776477,0.01936352854090919,22,1.0,1.0,0.9978260869565218,0.9978260869565218,1.0,0.9991304347826088,0.001064995540340506,0.7441860465116279,0.7286821705426356,0.751937984496124,0.7984496124031008,0.7578125,0.7562136627906977,0.023269549904214454,22,1.0,1.0,0.9980582524271845,0.9980582524271845,1.0,0.9992233009708738,0.0009512581525371452,0.7480916030534351,0.7482014388489209,0.7714285714285715,0.8289473684210527,0.7891156462585034,0.7771569256020967,0.030137313074094486,22,1.0,1.0,0.9982486865148862,0.9982486865148862,1.0,0.9992994746059545,0.0008579648836368297,-0.15816944429468627,-0.18966659648146483,-0.170869750940418,-0.1601119953592706,-0.17692177283731844,-0.17114791198263163,0.011546329265587688,22,-0.005062400069301143,-0.006031927295507819,-0.00777483453958693,-0.006471206771174882,-0.0037813242835091554,-0.005824338591815986,0.0013431622187715794,-0.4803997939566838,-0.6091453972444465,-0.5596428399024987,-0.5185287345182793,-0.5950975230716974,-0.5525628577387212,0.04780530723076524,21,-0.03302508220574508,-0.03518478474267314,-0.04185526866256895,-0.039600474721148936,-0.027870463271869334,-0.03550721472080109,0.0049322911893743115
extra_trees,0.12713961601257323,0.0018037383062801335,0.062357854843139646,0.001960857078817262,12,0.7,2,300,"{'model__max_depth': 12, 'model__max_features': 0.7, 'model__min_samples_leaf': 2, 'model__n_estimators': 300}",0.8752436647173489,0.8161728994657601,0.8402136959689169,0.8540553666828558,0.8164072152211514,0.8404185684112067,0.02264150665119754,17,0.9980641424303396,0.998321891685736,0.9982151029748284,0.9978489702517163,0.999544315333789,0.9983988845352817,0.0005943354727934638,0.8900283310351209,0.844889597838584,0.8784055329526066,0.8610167022265406,0.8047580352783136,0.8558196398662332,0.02977958984604584,19,0.9984585378411964,0.9986558933808877,0.9985832502311359,0.9982861376472321,0.9996415471905995,0.9987250732582102,0.00047508519115868793,0.7927631578947368,0.7368868382710054,0.7580135988343857,0.7642059252064108,0.7488262910798122,0.7601391622572702,0.018729833406320694,17,0.9750929821352357,0.9760106788710907,0.9755911517925248,0.9707475209763539,0.9878332194121668,0.9770551106374743,0.00571029382021297,0.7829457364341085,0.7364341085271318,0.7596899224806202,0.7751937984496124,0.7578125,0.7624152131782946,0.016052567418185844,18,0.974757281553398,0.9766990291262136,0.9766990291262136,0.970873786407767,0.9883720930232558,0.9774802438473695,0.005846584899016275,0.7846153846153846,0.7536231884057971,0.7801418439716312,0.8104575163398693,0.7919463087248322,0.7841568484115029,0.018444705120427535,18,0.9769911504424779,0.9790209790209791,0.9790940766550522,0.9736379613356766,0.9895104895104895,0.979650931392935,0.0053131545634843074,-0.14373238755644435,-0.18520661712591993,-0.16306353796013337,-0.1587876978267454,-0.17187016606658378,-0.16453208130716537,0.013777269254198313,17,-0.03674001781795179,-0.034158833715205186,-0.03607280417996065,-0.03719443204123408,-0.030728678787187786,-0.0349789533083079,0.0023640487983315702,-0.44609119109394213,-0.5882586684530176,-0.5366544990653331,-0.49388336436405245,-0.5622772883277867,-0.5254330022608263,0.05044004438830177,18,-0.15243079084222666,-0.14033303810541875,-0.14738359113683056,-0.1553531021569273,-0.13641008529296025,-0.14638212150687271,0.007128825320081285
extra_trees,0.26493382453918457,0.003400953031311338,0.0880241870880127,0.0014524404218195256,12,0.7,2,700,"{'model__max_depth': 12, 'model__max_features': 0.7, 'model__min_samples_leaf': 2, 'model__n_estimators': 700}",0.8732943469785576,0.8159300631374453,0.8358426420592521,0.8530840213695968,0.8188781813689153,0.8394058509827534,0.021543986625295147,19,0.9980184135113712,0.9982151029748284,0.9982761250953471,0.9979252479023647,0.99958988380041,0.9984049546568643,0.0006060083200399519,0.8886127519315637,0.8429078982563382,0.8766588066015447,0.8602020171088243,0.81167538550763,0.8560113718811803,0.02699669890152424,18,0.9984235269808506,0.9985611983000349,0.9986319509286149,0.9983471712122971,0.9996748697833407,0.9987277434410278,0.0004840133621398579,0.777046783625731,0.7541282175813502,0.7580135988343857,0.7814473045167557,0.7575982209043737,0.7656468250925192,0.011272432710611506,12,0.9707639778062314,0.9760106788710907,0.9738367658276125,0.970327993897788,0.9860788334472546,0.9754036499699954,0.00572838536807896,0.7674418604651163,0.751937984496124,0.7596899224806202,0.7906976744186046,0.765625,0.767078488372093,0.012991815737427878,12,0.970873786407767,0.9766990291262136,0.974757281553398,0.970873786407767,0.9864341085271318,0.9759275984044555,0.005717228930941723,0.7692307692307693,0.7647058823529411,0.7801418439716312,0.8211920529801324,0.7972972972972973,0.7865135691665543,0.02065795387615629,15,0.9735449735449735,0.9790209790209791,0.9773123909249564,0.9737302977232924,0.9877408056042032,0.9782698893636809,0.005179033020242393,-0.14618624614147502,-0.18433539136071714,-0.16379826184795038,-0.15888690859823967,-0.1702694653440303,-0.1646952546584825,0.012601044962936047,18,-0.03694891148942612,-0.03437626270981616,-0.03609441216629686,-0.03697868674342877,-0.030959661257140322,-0.03507158687322165,0.002262695612498817,-0.45118254507386907,-0.5893065209191108,-0.5343674528742224,-0.4935704660851015,-0.5552547019863332,-0.5247363373877274,0.048114258723098345,17,-0.15304899404925587,-0.1411037330332361,-0.147516444134257,-0.15484893840278433,-0.1371534891891002,-0.1467343197617267,0.00677981838915936
