model,mean_fit_time,std_fit_time,mean_score_time,std_score_time,param_model__learning_rate,param_model__max_depth,param_model__n_estimators,params,split0_test_roc_auc,split1_test_roc_auc,split2_test_roc_auc,split3_test_roc_auc,split4_test_roc_auc,mean_test_roc_auc,std_test_roc_auc,rank_test_roc_auc,split0_train_roc_auc,split1_train_roc_auc,split2_train_roc_auc,split3_train_roc_auc,split4_train_roc_auc,mean_train_roc_auc,std_train_roc_auc,split0_test_average_precision,split1_test_average_precision,split2_test_average_precision,split3_test_average_precision,split4_test_average_precision,mean_test_average_precision,std_test_average_precision,rank_test_average_precision,split0_train_average_precision,split1_train_average_precision,split2_train_average_precision,split3_train_average_precision,split4_train_average_precision,mean_train_average_precision,std_train_average_precision,split0_test_balanced_accuracy,split1_test_balanced_accuracy,split2_test_balanced_accuracy,split3_test_balanced_accuracy,split4_test_balanced_accuracy,mean_test_balanced_accuracy,std_test_balanced_accuracy,rank_test_balanced_accuracy,split0_train_balanced_accuracy,split1_train_balanced_accuracy,split2_train_balanced_accuracy,split3_train_balanced_accuracy,split4_train_balanced_accuracy,mean_train_balanced_accuracy,std_train_balanced_accuracy,split0_test_accuracy,split1_test_accuracy,split2_test_accuracy,split3_test_accuracy,split4_test_accuracy,mean_test_accuracy,std_test_accuracy,rank_test_accuracy,split0_train_accuracy,split1_train_accuracy,split2_train_accuracy,split3_train_accuracy,split4_train_accuracy,mean_train_accuracy,std_train_accuracy,split0_test_f1,split1_test_f1,split2_test_f1,split3_test_f1,split4_test_f1,mean_test_f1,std_test_f1,rank_test_f1,split0_train_f1,split1_train_f1,split2_train_f1,split3_train_f1,split4_train_f1,mean_train_f1,std_train_f1,split0_test_neg_brier,split1_test_neg_brier,split2_test_neg_brier,split3_test_neg_brier,split4_test_neg_brier,mean_test_neg_brier,std_test_neg_brier,rank_test_neg_brier,split0_train_neg_brier,split1_train_neg_brier,split2_train_neg_brier,split3_train_neg_brier,split4_train_neg_brier,mean_train_neg_brier,std_train_neg_brier,split0_test_neg_log_loss,split1_test_neg_log_loss,split2_test_neg_log_loss,split3_test_neg_log_loss,split4_test_neg_log_loss,mean_test_neg_log_loss,std_test_neg_log_loss,rank_test_neg_log_loss,split0_train_neg_log_loss,split1_train_neg_log_loss,split2_train_neg_log_loss,split3_train_neg_log_loss,split4_train_neg_log_loss,mean_train_neg_log_loss,std_train_neg_log_loss
gradient_boosting,0.0377192497253418,0.0010825874077860678,0.012825822830200196,0.00030035217473696544,0.03,1,100,"{'model__learning_rate': 0.03, 'model__max_depth': 1, 'model__n_estimators': 100}",0.918859649122807,0.8557552209810587,0.8658329286061195,0.8930305973773677,0.8213491475166789,0.8709655087208062,0.03316683992534263,15,0.8836427656850192,0.8897635392829902,0.8901830663615561,0.883905415713196,0.8991493886230728,0.889328835133167,0.005641042696374631,0.8978542278839252,0.8671872177285447,0.8980412222402598,0.9235113192935258,0.8017836466452808,0.8776755267583074,0.04193433796378814,16,0.9009157522859944,0.8920758386859808,0.8894757447695212,0.8880567037877849,0.9090943337089278,0.8959236746476418,0.007958114991212736,0.8410087719298245,0.7720981058766392,0.8034239922292374,0.736765420106848,0.7470966147763776,0.7800785809837854,0.03817073323354923,13,0.7891439546369123,0.8069031273836766,0.7967200610221206,0.7928680396643784,0.8080884028252449,0.7987447171064666,0.007545506359120204,0.8449612403100775,0.7751937984496124,0.8062015503875969,0.751937984496124,0.7578125,0.7872214147286821,0.0344923216836791,13,0.7941747572815534,0.8155339805825242,0.8019417475728156,0.8,0.812015503875969,0.8047331978625725,0.007891323240949067,0.863013698630137,0.7972027972027972,0.8251748251748252,0.7974683544303798,0.7947019867549668,0.8155123324386212,0.026243621191918802,10,0.8178694158075601,0.8419301164725458,0.8253424657534246,0.8263069139966274,0.8324697754749568,0.8287837375010231,0.00804379984770032,-0.14224120251555256,-0.16147882920588857,-0.15644144385650682,-0.155705380616884,-0.17200014671518646,-0.1575734005820037,0.009625284399901487,17,-0.15236820769952117,-0.1427692656660683,-0.14616480467550405,-0.15037239795592938,-0.14330779742751842,-0.14699649468490827,0.0038057767804429527,-0.4615774501869588,-0.4970543210968485,-0.48653900055310917,-0.48407209092681863,-0.526241373810079,-0.49109684731476283,0.02103399730268073,17,-0.4796520471861669,-0.456849602394927,-0.4651908245463282,-0.4758660452115424,-0.45825156559888314,-0.4671620169875695,0.009180289755848529
gradient_boosting,0.06269927024841308,0.0007520568481918034,0.012835502624511719,0.000254865245766391,0.03,1,200,"{'model__learning_rate': 0.03, 'model__max_depth': 1, 'model__n_estimators': 200}",0.9262914230019493,0.8790675084992714,0.8691112190383682,0.9039582321515298,0.8267852730417594,0.8810427311465755,0.03365322732405089,7,0.8966831290774954,0.9028146453089245,0.90279176201373,0.8980015255530129,0.9130173919647604,0.9026616907835846,0.0057400557595773385,0.9001254663715101,0.8938729393345938,0.9006207297829403,0.9314062970536003,0.806995715179646,0.8866042295444581,0.04189716238302554,11,0.9104124677849349,0.8976852488853636,0.900348808502885,0.8946222621168172,0.9221692589631777,0.9050476092506357,0.010068798711344293,0.8603801169590644,0.7877610490529383,0.8050024283632832,0.7680913064594463,0.7611811218186311,0.7964832045306727,0.03545082653102514,4,0.8070087189805499,0.825209763539283,0.8155225019069413,0.8233790999237223,0.8349965823650034,0.8212233333430999,0.00943181938353402,0.8604651162790697,0.7906976744186046,0.8062015503875969,0.7829457364341085,0.7734375,0.8027495155038761,0.03078843259917021,4,0.8116504854368932,0.8330097087378641,0.8213592233009709,0.829126213592233,0.8372093023255814,0.8264709866787084,0.009065251468654318,0.8732394366197183,0.8111888111888111,0.8226950354609929,0.8227848101265823,0.8104575163398693,0.8280731219471947,0.023204635519486243,3,0.8330464716006885,0.8561872909698997,0.8435374149659864,0.8503401360544217,0.8531468531468531,0.8472516333475699,0.008242820888952375,-0.12087884076095627,-0.1428354198918392,-0.14570403700540152,-0.14234732591876112,-0.16206870652906957,-0.14276686602120553,0.013118341234359409,7,-0.13504283639749143,-0.12681566114770315,-0.1289900724266139,-0.13237169260710632,-0.12500696598903346,-0.12964544571358966,0.003647380904397255,-0.4050054841529028,-0.4424740250477219,-0.45332315163336195,-0.4402547823735583,-0.5042594074664298,-0.4490633701347949,0.03202141870607272,9,-0.43065740970915944,-0.41099293311591434,-0.4163682687254494,-0.42602507410354346,-0.4045241460518216,-0.4177135663411776,0.009566209140630244
gradient_boosting,0.1127922534942627,0.0007115081680015463,0.01308455467224121,0.00033913691867541983,0.03,1,400,"{'model__learning_rate': 0.03, 'model__max_depth': 1, 'model__n_estimators': 400}",0.9234892787524367,0.8925449247207382,0.8676542010684799,0.9049295774647887,0.8317272053372868,0.884069037468746,0.03184359421115879,5,0.9110724955795378,0.9119984744469869,0.9122883295194508,0.9073913043478261,0.9229816966659072,0.9131464601119419,0.005219373219536468,0.8942511723880241,0.9088327951596975,0.8960454141772985,0.9317572806965237,0.807991835880161,0.887775699660341,0.04207984217233852,7,0.9242841692605566,0.9099893905449645,0.9103040036365534,0.9051222600933597,0.9344732558669059,0.9168346158804679,0.010893142341785029,0.8534356725146199,0.7963817387081107,0.8050024283632832,0.7751335599805731,0.7611811218186311,0.7982269042770437,0.03163230311463824,2,0.8209484177794037,0.835163996948894,0.8273073989321129,0.8277269260106788,0.8367509683299157,0.8295795416002012,0.005756850147742826,0.8527131782945736,0.7984496124031008,0.8062015503875969,0.7906976744186046,0.7734375,0.8042999031007753,0.026529967692848898,2,0.8252427184466019,0.8407766990291262,0.8330097087378641,0.8330097087378641,0.8391472868217055,0.8342372243546323,0.005491596637724251,0.8652482269503546,0.8169014084507042,0.8226950354609929,0.8301886792452831,0.8104575163398693,0.8290981732894407,0.01921067891054258,1,0.8448275862068966,0.8605442176870748,0.8537414965986394,0.8532423208191127,0.8551483420593369,0.8535007926742122,0.005053187338542712,-0.11533526831782644,-0.13451204667273572,-0.14447161000989622,-0.14010415963290546,-0.158942324179849,-0.13867308176264256,0.014201977688173655,1,-0.12340832350404587,-0.11710831330548228,-0.1182761695879498,-0.12128429085340835,-0.11460636239162855,-0.11893669192850298,0.003099603900792005,-0.38680531513220573,-0.41457149806982346,-0.4461777519393599,-0.4240570218094843,-0.5008406420507541,-0.4344904458003255,0.038258160355554696,3,-0.39540337594973807,-0.38098834606578064,-0.3828852694815855,-0.3925341003415023,-0.3693204360070468,-0.3842263055691307,0.009256501101476617
gradient_boosting,0.049162435531616214,0.0008399570038591878,0.012741994857788087,0.0003088511267542529,0.03,2,100,"{'model__learning_rate': 0.03, 'model__max_depth': 2, 'model__n_estimators': 100}",0.9266569200779727,0.8790675084992715,0.8547838756677999,0.9008013598834386,0.8281443044230294,0.8778907937103024,0.03438911641437597,11,0.9161331626120358,0.919626239511823,0.9211823035850496,0.9160945842868039,0.9290650869598238,0.9204202753911073,0.0047546795163269685,0.9108659274980712,0.9006591354178461,0.8799211517011065,0.9288127065554757,0.8083873122993683,0.8857292466943736,0.04177666237539221,13,0.9298672101113932,0.9250813939405556,0.922619538824941,0.9247951167592388,0.944201650313008,0.9293129819898273,0.00781152018893226,0.8464912280701755,0.7861826129188927,0.7909179213210296,0.769669742593492,0.7365950086483815,0.7859713027103943,0.03575173934448542,9,0.8266340467044693,0.8317315026697178,0.8382532418001525,0.8325705568268498,0.835520619731146,0.832941993546467,0.0039051790681972906,0.8449612403100775,0.7906976744186046,0.7906976744186046,0.7829457364341085,0.75,0.791860465116279,0.03050956380489057,9,0.8310679611650486,0.8388349514563107,0.8446601941747572,0.8388349514563107,0.8391472868217055,0.8385090690148266,0.004331885212364538,0.8571428571428571,0.8137931034482758,0.8057553956834532,0.8205128205128205,0.7922077922077922,0.8178823937990398,0.02177739503432573,9,0.8502581755593803,0.8605042016806723,0.8648648648648649,0.8595600676818951,0.8566493955094991,0.8583673410592623,0.00483562793714466,-0.12416346951249348,-0.14614155679490382,-0.15431630747841835,-0.14349701886561922,-0.16279491625124404,-0.1461826537805358,0.01291651955103409,12,-0.1260021461801149,-0.11920211391052031,-0.11958733330535892,-0.12465090021654232,-0.11723375432068948,-0.12133524958664518,0.003382342545321981,-0.4097677982810374,-0.4523029158429379,-0.475433997920297,-0.446142516854608,-0.5025073628386378,-0.4572309183475037,0.03092343497895618,14,-0.40964709110581654,-0.3928620578004345,-0.39375208603921114,-0.408337394189725,-0.38507707682127923,-0.3979351411912933,0.009528279835133683
gradient_boosting,0.086521577835083,0.0007817920716000502,0.013091087341308594,0.0002569305956466278,0.03,2,200,"{'model__learning_rate': 0.03, 'model__max_depth': 2, 'model__n_estimators': 200}",0.9208089668615985,0.8938805245264692,0.8606119475473532,0.8958232151529868,0.8280207561156413,0.8798290820408099,0.03220561188107137,9,0.9352402292543137,0.9365827612509534,0.9384210526315789,0.9315636918382914,0.9443077390445812,0.9372230948039437,0.004195185615627035,0.913195371732122,0.9177523387221487,0.8862547279279029,0.9220128801139024,0.8120266899782894,0.890248401694873,0.04105264349381906,2,0.9471708981833399,0.9426754025443107,0.9412506800438538,0.9390325745540427,0.9579747765650455,0.9456208663781185,0.006726092037067353,0.8326023391812866,0.7932248664400194,0.7752549781447304,0.7782904322486643,0.7453669384729429,0.7849479108975286,0.028440748490468272,11,0.8541095055179562,0.8543859649122807,0.8548054919908468,0.8487032799389779,0.8616085668717248,0.8547225618463573,0.004102312344436479,0.8294573643410853,0.7984496124031008,0.7751937984496124,0.7906976744186046,0.7578125,0.7903221899224806,0.02401460401077693,10,0.858252427184466,0.8601941747572815,0.8601941747572815,0.8543689320388349,0.8643410852713178,0.8594701588018363,0.0032335648333713394,0.8405797101449275,0.821917808219178,0.7913669064748201,0.8258064516129032,0.7973856209150327,0.8154112994733722,0.018367910398043117,11,0.8743545611015491,0.8779661016949153,0.8775510204081632,0.8726655348047538,0.8784722222222222,0.8762018880463207,0.002280589234734934,-0.11849408107894169,-0.1378699279924206,-0.15386053362438606,-0.14342699435766088,-0.16343160032248105,-0.14341662747517805,0.015241874000453947,8,-0.10766997105099764,-0.10172331434153732,-0.10227094559202322,-0.10660348013216223,-0.09997373244004619,-0.10364828871135331,0.0029668855508241834,-0.3870827226608396,-0.4239934640811417,-0.4716208704189923,-0.4347534910122809,-0.5043720120649674,-0.4443645120476444,0.0403295520578803,7,-0.3552998852475314,-0.34048448660694997,-0.3405018945611793,-0.35318683647897947,-0.3293419865674667,-0.34376301789242136,0.00950007897197146
gradient_boosting,0.1604785919189453,0.0006659422462416529,0.013570261001586915,0.00023585401250845618,0.03,2,400,"{'model__learning_rate': 0.03, 'model__max_depth': 2, 'model__n_estimators': 400}",0.9081384015594542,0.888052452646916,0.855512384652744,0.8921806702282661,0.8127007659995058,0.8713169350173772,0.033931791812835,14,0.957563563197366,0.9551487414187644,0.9574675819984745,0.951533180778032,0.9636971215918584,0.957082037796899,0.0039665424177370455,0.9049108776785845,0.9127488660287684,0.8820091647864059,0.921444657501857,0.8021328987538283,0.8846492929498888,0.043289588270818434,14,0.9660545041041934,0.9600796068697813,0.9613801415836991,0.9570199224617115,0.972645485347774,0.9634359320734319,0.005446634993117395,0.8413742690058479,0.7948033025740651,0.7368868382710054,0.7610490529383196,0.7524091919940696,0.7773045309566615,0.03722565430320517,14,0.8806322785196025,0.8848970251716247,0.8835621662852784,0.886651411136537,0.8876965140123034,0.8846878790250692,0.00247653829295101,0.8372093023255814,0.7984496124031008,0.7364341085271318,0.7751937984496124,0.765625,0.7825823643410852,0.033786614333556904,14,0.883495145631068,0.8893203883495145,0.887378640776699,0.8912621359223301,0.8895348837209303,0.8881982388801083,0.0026542091518115254,0.8467153284671532,0.8194444444444444,0.7536231884057971,0.8152866242038217,0.8051948051948052,0.8080528781432044,0.03048816044239352,14,0.8958333333333334,0.9025641025641026,0.9003436426116839,0.9044368600682594,0.900523560209424,0.9007402997573607,0.0028730975346959223,-0.12143928392765586,-0.14045646936449252,-0.1580313261627868,-0.1478831292774264,-0.17232535506505842,-0.148027112759484,0.01705717960043251,14,-0.08713576636759432,-0.08517257676000686,-0.08538827617860408,-0.08925600711590806,-0.0815753836433932,-0.08570560201310132,0.0025335454155017106,-0.38824397281789247,-0.42791554158627054,-0.4809813143115315,-0.4411106913595065,-0.5347324816622907,-0.45459680034749833,0.049828370277980066,12,-0.2965031936898652,-0.291093650328428,-0.2903937822749308,-0.3031444343229429,-0.2757996122147746,-0.2913869345661883,0.009038272989408114
gradient_boosting,0.03693313598632812,0.0006731126354414558,0.012552213668823243,0.0003317485820224254,0.05,1,100,"{'model__learning_rate': 0.05, 'model__max_depth': 1, 'model__n_estimators': 100}",0.9271442495126706,0.8755463817387081,0.8691112190383682,0.9042010684798446,0.8239436619718309,0.8799893161482844,0.03489694744968878,8,0.8946862996158771,0.9006025934401221,0.8997635392829901,0.8941037376048818,0.9117262854104959,0.9001764910708733,0.006336724367794443,0.9020941154186509,0.8908122920891021,0.9007188665454435,0.9326190430714426,0.8043480163057175,0.8861184666860714,0.04321836458028489,12,0.9088181807160503,0.897257915918023,0.8957367267462372,0.8901729721358392,0.9188815777420389,0.9021734746516377,0.010323946236346795,0.8673245614035088,0.7877610490529383,0.8050024283632832,0.7453861097620205,0.7524091919940696,0.7915766681151641,0.04381828885605215,7,0.8091732211450522,0.8295575896262395,0.814187643020595,0.8133485888634631,0.8302574618364091,0.8193049008983518,0.008824864113635525,0.8682170542635659,0.7906976744186046,0.8062015503875969,0.7596899224806202,0.765625,0.7980862403100775,0.038901901173837315,7,0.8135922330097087,0.8368932038834952,0.8194174757281554,0.8194174757281554,0.8333333333333334,0.8245307443365695,0.008969482045990957,0.8811188811188811,0.8111888111888111,0.8226950354609929,0.802547770700637,0.8051948051948052,0.8245490607328255,0.029122919587874403,5,0.8344827586206897,0.8590604026845637,0.841025641025641,0.8421052631578947,0.8506944444444444,0.8454737019866467,0.008529795427734162,-0.12448241457110878,-0.14635562700831484,-0.14708606104555233,-0.14459055010424857,-0.16385834674897165,-0.14527459989563923,0.012510703840403606,10,-0.13855734503343464,-0.13003469886754102,-0.13256979051445175,-0.1361901870789874,-0.12865800163825059,-0.13320200462653306,0.0037064373421097454,-0.415459094187524,-0.45390867128805756,-0.4586273588513235,-0.4489587536215144,-0.5077689379842465,-0.45694456318653315,0.02959723908381861,13,-0.4413988464628062,-0.42095839454465794,-0.4270885245991,-0.4371612170729732,-0.41637645046192684,-0.4285966866282928,0.009457258680920825
gradient_boosting,0.06252536773681641,0.0008028087181865669,0.012862634658813477,0.0003668054892763983,0.05,1,200,"{'model__learning_rate': 0.05, 'model__max_depth': 1, 'model__n_estimators': 200}",0.9255604288499025,0.8902379796017483,0.868382710053424,0.9048081593006314,0.8322213985668396,0.8842421352745091,0.03201184559932083,4,0.9072007804402171,0.9098169336384438,0.9094736842105262,0.9047368421052633,0.920566567934989,0.9103589616658878,0.00541950317480554,0.8964602348565838,0.9072555241021316,0.8977860991807535,0.9315089047077272,0.8045944911135006,0.8875210507921393,0.043327763060687405,8,0.9204510133265759,0.907173996088099,0.9070289558811182,0.9027875251335191,0.93083823018831,0.9136559441235244,0.010444702721740213,0.8534356725146199,0.7963817387081107,0.8050024283632832,0.7680913064594463,0.7699530516431925,0.7985728395377305,0.030997700222733217,1,0.819187854399122,0.8334096109839817,0.8251334858886346,0.8290617848970252,0.8332421964000911,0.8280069865137708,0.005361762218665646,0.8527131782945736,0.7984496124031008,0.8062015503875969,0.7829457364341085,0.78125,0.8043120155038761,0.025957600474899797,1,0.8233009708737864,0.8388349514563107,0.8310679611650486,0.8349514563106796,0.8352713178294574,0.8326853315270565,0.005297595373827302,0.8652482269503546,0.8169014084507042,0.8226950354609929,0.8227848101265823,0.8157894736842105,0.8286837909345689,0.01850788535839111,2,0.842832469775475,0.858603066439523,0.8522920203735145,0.8556876061120543,0.851138353765324,0.8521107032931783,0.0053293333484906195,-0.11601302276062082,-0.13600918052157315,-0.14483747034819922,-0.14026492215156908,-0.15899158811157116,-0.13922323677870668,0.013945871315896943,5,-0.12611390436822184,-0.11924621714268469,-0.12049568227684439,-0.12363501704501748,-0.11690105241177424,-0.12127837464890853,0.0032508255104388485,-0.3895018498318451,-0.41945675193286214,-0.4470481819598754,-0.42650515386562504,-0.500489271423503,-0.43660024180274215,0.03689183142927593,5,-0.40361614831703546,-0.38748955237399724,-0.38975772247610807,-0.39953785586674456,-0.37693129221697536,-0.3914665142501722,0.00941030326924788
gradient_boosting,0.1126448631286621,0.000618421954996683,0.013158893585205078,0.00024626280772313623,0.05,1,400,"{'model__learning_rate': 0.05, 'model__max_depth': 1, 'model__n_estimators': 400}",0.9215399610136452,0.8987372510927635,0.8674113647401651,0.9039582321515299,0.8307388188781814,0.8844771255752569,0.03204860141564281,3,0.9178556185598439,0.9183142639206712,0.9190389016018305,0.913859649122807,0.9298245614035088,0.9197785989217323,0.005335627638808185,0.8923590423426842,0.9158412960257686,0.8939675966759504,0.9299380423068953,0.81565306100132,0.8895518076705237,0.03952363764738461,4,0.9309108487280413,0.9197363232955786,0.9177282641531116,0.9160772006655029,0.9430322300531201,0.9254969733790709,0.010188869646002945,0.825657894736842,0.8050024283632832,0.7893394851869839,0.7767119961146187,0.7541388682975043,0.7901701345398464,0.02432875532825619,8,0.8313669898176941,0.8451945080091533,0.83558352402746,0.8338291380625477,0.8524265208475735,0.8396801361528856,0.00791205954608284,0.8217054263565892,0.8062015503875969,0.7906976744186046,0.7906976744186046,0.765625,0.7949854651162791,0.01864705932567124,8,0.8349514563106796,0.8504854368932039,0.8407766990291262,0.8388349514563107,0.8546511627906976,0.8439399412960036,0.007408558075024945,0.8321167883211679,0.8226950354609929,0.8085106382978723,0.8280254777070064,0.8026315789473685,0.8187959037468815,0.011356991776272448,8,0.8526863084922011,0.868824531516184,0.8600682593856656,0.8581196581196581,0.8691099476439791,0.8617617410315376,0.006362000843242623,-0.11561636658132772,-0.13118384759133286,-0.14688493381693812,-0.14234887975145877,-0.15894454660858537,-0.13899571486992857,0.014690531473244395,4,-0.11677160326118605,-0.11161876635751036,-0.11237512099254536,-0.11524642872975906,-0.10821987008231092,-0.11284635788466235,0.002976619756661502,-0.38355427830154126,-0.4046995450351792,-0.4541030490317853,-0.42512017283017245,-0.5024050446090498,-0.43397641796154557,0.04138965754187298,2,-0.373334746394434,-0.36355751725953933,-0.3646483552689499,-0.37440521804893256,-0.3484347592997275,-0.3648761192543166,0.009321598594051435
gradient_boosting,0.04923734664916992,0.0006776922123290665,0.012829065322875977,0.0002293872716287778,0.05,2,100,"{'model__learning_rate': 0.05, 'model__max_depth': 2, 'model__n_estimators': 100}",0.9239766081871346,0.8912093249150073,0.8586692569208354,0.8977659057795047,0.825920434890042,0.8795083061385048,0.03392229234407825,10,0.9294478995183221,0.9316857360793287,0.9342181540808543,0.9277345537757435,0.9414597098807627,0.9329092106670022,0.004797478682435096,0.9165407759226076,0.9141998542186606,0.8868424954218419,0.9241882525247378,0.8112068688232055,0.8905956493822107,0.04165437721619598,1,0.942003973891568,0.937707075204831,0.9363213014479677,0.9356736666505533,0.9556204425137874,0.9414652919417416,0.007413315327375756,0.825657894736842,0.7932248664400194,0.7752549781447304,0.7853326857697911,0.7453669384729429,0.7849674727128653,0.02602523098477645,10,0.8545134443021767,0.8569794050343249,0.8473684210526315,0.8461098398169337,0.8502620186830714,0.8510466257778276,0.0041408538806475765,0.8217054263565892,0.7984496124031008,0.7751937984496124,0.7984496124031008,0.7578125,0.7903221899224806,0.021921522250283283,10,0.858252427184466,0.8621359223300971,0.8524271844660194,0.8524271844660194,0.8527131782945736,0.8555911793482351,0.003955262773539232,0.8321167883211679,0.821917808219178,0.7913669064748201,0.8333333333333334,0.7973856209150327,0.8152240914527065,0.017581183119022792,12,0.8739205526770294,0.879045996592845,0.8703071672354948,0.8716216216216216,0.867595818815331,0.8724982313884644,0.00386002805333255,-0.11878892196830923,-0.1394115398831324,-0.15392484030269807,-0.14263757290289808,-0.16452756681550623,-0.14385808837450878,0.015351165357788887,9,-0.11230179630476299,-0.10567935919146744,-0.10612017063753554,-0.11078391623025888,-0.1036255929528,-0.10770216706336497,0.003282276281572023,-0.3891129397556511,-0.429326554110412,-0.4720969623101811,-0.4348511076949091,-0.5071117333843719,-0.44649985945110504,0.04013199552081852,8,-0.36856956300768084,-0.35267304291615115,-0.35205821801013015,-0.36598921563166226,-0.3410011436875389,-0.35605823665063263,0.010092902109678937
gradient_boosting,0.08839092254638672,0.0037168684682852794,0.013089609146118165,0.00019953395462606293,0.05,2,200,"{'model__learning_rate': 0.05, 'model__max_depth': 2, 'model__n_estimators': 200}",0.9139863547758285,0.8892666342884895,0.8557552209810588,0.8946090335114133,0.817395601680257,0.8742025690474093,0.034039493687558674,13,0.9521827937320896,0.9509534706331046,0.9526773455377574,0.944553775743707,0.9588061061745272,0.9518346983642372,0.004543570138598051,0.9102418775839666,0.916171086121984,0.8827999344925916,0.9215353848206305,0.8059121365224466,0.8873320839083239,0.042839609472737586,9,0.9616819167592434,0.9564375705450974,0.9565654767518184,0.9510449921688435,0.9688367304042939,0.9589133373258593,0.005994855931644631,0.8413742690058479,0.8018455560951918,0.7595920349684313,0.7540067994171928,0.7524091919940696,0.7818455702961467,0.034872289194167176,12,0.8702137064813121,0.8766209000762777,0.8721967963386728,0.8762013729977116,0.881203007518797,0.8752871566825544,0.0038184336586457477,0.8372093023255814,0.8062015503875969,0.7596899224806202,0.7674418604651163,0.765625,0.787233527131783,0.029915389631035,12,0.8737864077669902,0.8815533980582524,0.8757281553398059,0.8815533980582524,0.8837209302325582,0.8792684578911718,0.003817146284970864,0.8467153284671532,0.8275862068965517,0.7769784172661871,0.8076923076923077,0.8051948051948052,0.812833413103401,0.023392259982889883,13,0.8877374784110535,0.8960817717206133,0.8896551724137931,0.8964346349745331,0.8958333333333334,0.8931484781706652,0.0036903546806179408,-0.11953184652363817,-0.13968760065592095,-0.15674666662802295,-0.14641794076304657,-0.1707073676070972,-0.14661828443554517,0.017115009131628892,13,-0.09258578417978706,-0.08952442100584018,-0.08985628316410878,-0.09523333317354243,-0.08641359037700316,-0.09072268238005632,0.002985694917771954,-0.3837321179280365,-0.42721967172628056,-0.4781577976711384,-0.4380564636845884,-0.5277447576641959,-0.45098216173484795,0.04875512140455802,11,-0.31202540992656924,-0.30370875289621246,-0.3031369606160372,-0.31888977270009744,-0.28953038276730114,-0.3054582557812435,0.009855754366327765
gradient_boosting,0.1605196475982666,0.0005087486770557412,0.01354060173034668,0.0002484290293022261,0.05,2,400,"{'model__learning_rate': 0.05, 'model__max_depth': 2, 'model__n_estimators': 400}",0.901803118908382,0.8788246721709568,0.8606119475473532,0.8829528897523069,0.8033110946380034,0.8655007446034004,0.03373846379364893,16,0.9766782513261386,0.9725553012967201,0.9741113653699467,0.9719374523264683,0.9777473988000304,0.9746059538238608,0.0022686466116893346,0.900672352700432,0.9018273178155107,0.8889715756100408,0.9117232981725875,0.8018877928707577,0.8810164674338659,0.040216876202522345,15,0.9810428911498145,0.9763129620354165,0.9771439356360128,0.9756775103921758,0.9831596168844373,0.9786673832195714,0.0029198195972576493,0.8238304093567251,0.7752549781447304,0.7282661486158329,0.7540067994171928,0.722510501606128,0.7607737674281219,0.03674904135729663,18,0.9120328028778732,0.9114797864225782,0.9067124332570557,0.9102212051868802,0.9177033492822966,0.9116299154053369,0.003556333821312066,0.8217054263565892,0.7751937984496124,0.7286821705426356,0.7674418604651163,0.734375,0.7654796511627907,0.033409898601909425,18,0.9145631067961165,0.9145631067961165,0.9106796116504854,0.9145631067961165,0.9186046511627907,0.9145947166403252,0.002506416545695532,0.8345323741007195,0.7913669064748201,0.7482014388489209,0.8076923076923077,0.7763157894736842,0.7916217633180904,0.02904908011819355,18,0.9236111111111112,0.9241379310344827,0.9212328767123288,0.9249146757679181,0.9263157894736842,0.924042476819905,0.0016743788145484827,-0.12731592425630295,-0.14607614970734872,-0.1587417195964877,-0.15439838258082506,-0.18328128886873346,-0.1539626930019396,0.018192618469708113,16,-0.06773187492492487,-0.0683924048210208,-0.06886437758183175,-0.07023801004024495,-0.06548000677863808,-0.06814133482933209,0.0015641098624747114,-0.40154735030574157,-0.44731336458447485,-0.48019816742142063,-0.4622893576150575,-0.5700030477452964,-0.4722702575343982,0.0553872630003888,16,-0.24105674848784212,-0.2424188088385249,-0.24282399191924448,-0.24986916178818694,-0.23042674135409913,-0.2413190904775795,0.006249638725340228
gradient_boosting,0.03698806762695313,0.0007659750005585467,0.012674617767333984,0.00019485233859167949,0.1,1,100,"{'model__learning_rate': 0.1, 'model__max_depth': 1, 'model__n_estimators': 100}",0.9250730994152048,0.8933948518698398,0.8681398737251093,0.9052938319572609,0.8319743019520632,0.8847751917838955,0.03219907535310002,2,0.9072693738186697,0.9100610221205186,0.9097482837528604,0.9046758199847444,0.920710868079289,0.9104930735512164,0.005465846399646933,0.8954394855268649,0.909685040133696,0.8972904486847639,0.9312653208106261,0.8054618715418393,0.8878284333395581,0.04311886549039995,6,0.920651883238101,0.9070479156173084,0.908132786358805,0.903133022159291,0.9314612275029979,0.9140853669753006,0.010487635190912845,0.8534356725146199,0.7791403593977659,0.8050024283632832,0.7680913064594463,0.7769953051643192,0.796533014379887,0.03099290484666216,3,0.8187839156149015,0.8334096109839817,0.8251334858886346,0.8273073989321129,0.8332421964000911,0.8275753215639444,0.0054676423805520135,0.8527131782945736,0.7829457364341085,0.8062015503875969,0.7829457364341085,0.7890625,0.8027737403100776,0.026381792715380263,3,0.8233009708737864,0.8388349514563107,0.8310679611650486,0.8330097087378641,0.8352713178294574,0.8322969820124934,0.005187261436184142,0.8652482269503546,0.8055555555555556,0.8226950354609929,0.8227848101265823,0.8235294117647058,0.8279626079716381,0.01983181040596861,4,0.8433734939759037,0.858603066439523,0.8522920203735145,0.8537414965986394,0.851138353765324,0.8518296862305809,0.0049342188687493,-0.11570808490800122,-0.1350726668200162,-0.14462559128029473,-0.13999867137550054,-0.15889858831334827,-0.1388607205394322,0.014045915415892939,2,-0.12581784777648838,-0.11894517691295652,-0.12025867890613898,-0.12340126024965223,-0.11666798315077928,-0.12101818939920309,0.0032408109657287797,-0.3886314644087829,-0.4168855741252327,-0.4466570205034746,-0.4256282166830101,-0.5001989341903796,-0.43560024198217595,0.03728535780861186,4,-0.40258952369259443,-0.38659565795413114,-0.388867405785459,-0.39868686201024706,-0.37607058235565094,-0.3905620063596165,0.009373146888649599
gradient_boosting,0.0621826171875,0.0007354781124217976,0.012755584716796876,0.00026482397308441255,0.1,1,200,"{'model__learning_rate': 0.1, 'model__max_depth': 1, 'model__n_estimators': 200}",0.9198343079922028,0.8997085964060223,0.8695968916949975,0.9037153958232151,0.8314801087225105,0.8848670601277895,0.03124606856906105,1,0.9180004268032438,0.9186803966437833,0.9191609458428681,0.9142410373760488,0.9299005088478772,0.9199966631027643,0.005246509852122096,0.8906871428328079,0.9162937655183215,0.895693024379417,0.9295909823941076,0.8160458234971111,0.8896621477243529,0.03939629471242183,3,0.9309076057265158,0.9203672006473562,0.9183028311889085,0.9166579874250792,0.9429558408369427,0.9258382931649605,0.009896488489921402,0.8344298245614035,0.8050024283632832,0.7979601748421564,0.7767119961146187,0.7611811218186311,0.7950571091400187,0.02506660556792813,6,0.8356959941466984,0.843440122044241,0.8377574370709382,0.8381769641495042,0.8506721348826612,0.8411485304588086,0.005403893154887179,0.8294573643410853,0.8062015503875969,0.7984496124031008,0.7906976744186046,0.7734375,0.7996487403100775,0.018439533581180556,5,0.8388349514563107,0.8485436893203884,0.8427184466019417,0.8427184466019417,0.8527131782945736,0.8451057424550312,0.004907417680038328,0.8382352941176471,0.8226950354609929,0.8142857142857143,0.8280254777070064,0.8104575163398693,0.8227398075822461,0.009903300336841739,7,0.8556521739130435,0.8668941979522184,0.8615384615384616,0.8610634648370498,0.8671328671328671,0.8624562330747281,0.004257787392530404,-0.11609301181339295,-0.1311289704227596,-0.1462429935476074,-0.14237882284629566,-0.15855587385032455,-0.13887993449607602,0.014373035428663809,3,-0.11655331006308571,-0.11139787467050129,-0.11221561238672845,-0.11498581108452535,-0.1079884917427112,-0.1126282199895104,0.0029723943445983305,-0.3848116066658826,-0.40473053090272426,-0.4528404800233662,-0.4247082597061901,-0.5013355807557219,-0.43368529161077707,0.04062286354772595,1,-0.3725378235759637,-0.36294999380359033,-0.36387928177255296,-0.3736892431474568,-0.3476381457780893,-0.3641388976155306,0.009332810519118152
gradient_boosting,0.11250863075256348,0.0008314865990759298,0.01303400993347168,0.0004199897018604711,0.1,1,400,"{'model__learning_rate': 0.1, 'model__max_depth': 1, 'model__n_estimators': 400}",0.915692007797271,0.9018941233608547,0.8683827100534239,0.8972802331228752,0.8267852730417593,0.8820068694752369,0.03161806281419351,6,0.9274739345161881,0.9280091533180779,0.9298627002288329,0.9242791762013729,0.9403129034707983,0.929987573547054,0.005467108182867191,0.8877036823012542,0.9169212951106068,0.8922468236763872,0.9242550517772561,0.8197501463262257,0.8881753998383459,0.036951000275333254,5,0.9406921660647198,0.9337903830972827,0.9327333372201243,0.9282167617656745,0.9538804487008957,0.9378626193697395,0.008949998922101566,0.8344298245614035,0.8433705682370083,0.8065808644973288,0.7540067994171928,0.7383246849518161,0.7953425483329499,0.04223857595149426,5,0.846663313212609,0.8491228070175438,0.8408466819221968,0.8491228070175438,0.855935292777398,0.8483381803894584,0.0048554119057203984,0.8294573643410853,0.8449612403100775,0.8062015503875969,0.7674418604651163,0.75,0.7996124031007752,0.03601941133484942,6,0.8504854368932039,0.8543689320388349,0.8466019417475729,0.8543689320388349,0.8585271317829457,0.8528704749002785,0.004036618110799379,0.8382352941176471,0.8591549295774648,0.8201438848920863,0.8076923076923077,0.7894736842105263,0.8229400200980065,0.024107143420038703,6,0.8670120898100173,0.8722316865417377,0.865874363327674,0.8722316865417377,0.8730434782608696,0.8700786608964073,0.0030047015538271844,-0.1174628997803306,-0.1273020314629558,-0.14729215705949694,-0.14733840360619072,-0.16428443063106007,-0.1407359845080068,0.016511887950452848,6,-0.10931770139075106,-0.10508201655799798,-0.10476045421691153,-0.10735597213022426,-0.10023801987961373,-0.10535083283509969,0.0030436259675624376,-0.38924659223175917,-0.3977980367454315,-0.4548625043995746,-0.436327254918507,-0.5158183078662423,-0.43881053923230284,0.045459078123519236,6,-0.34945163288074904,-0.342311558346144,-0.34110213295565583,-0.3517968597443983,-0.32196500897102476,-0.3413254385795944,0.010502706577400545
gradient_boosting,0.049292993545532224,0.00074797674928983,0.01291346549987793,0.0003221982714862169,0.1,2,100,"{'model__learning_rate': 0.1, 'model__max_depth': 2, 'model__n_estimators': 100}",0.9152046783625731,0.8907236522583779,0.856483729966003,0.8936376881981545,0.819372374598468,0.8750844246767153,0.03361030243870723,12,0.9526858118407414,0.9522044241037376,0.9504500381388253,0.9449885583524028,0.9595503911293385,0.9519758447130092,0.0046707667820260895,0.910976919746652,0.9148675584548902,0.8838889460523578,0.9193020134213654,0.8042190667729006,0.8866509008896332,0.0430271211621659,10,0.9620407613222415,0.9583002856672215,0.951686835064818,0.9511489027485863,0.9692857631848277,0.9584925095975392,0.006772992407172385,0.8326023391812866,0.7877610490529383,0.7509713453132589,0.7540067994171928,0.7470966147763776,0.7744876295482109,0.03248461438401458,15,0.8719742698615938,0.8779557589626239,0.8713577421815408,0.8718535469107551,0.8837776258828891,0.8753837887598805,0.004844956347655745,0.8294573643410853,0.7906976744186046,0.751937984496124,0.7674418604651163,0.7578125,0.779469476744186,0.028272009443532344,15,0.8757281553398059,0.883495145631068,0.8757281553398059,0.8776699029126214,0.8856589147286822,0.8796560547903967,0.004137016639828595,0.8405797101449275,0.8111888111888111,0.7714285714285715,0.8076923076923077,0.7947019867549668,0.8051182774419168,0.022558748298577846,15,0.8896551724137931,0.8983050847457628,0.8904109589041096,0.8934010152284264,0.8970331588132635,0.8937610780210712,0.003451547884443513,-0.11848716067058898,-0.13875840695498276,-0.15451827985263242,-0.14664227758603843,-0.17043394491067276,-0.14576801399498307,0.017199530146524884,11,-0.09210149778652836,-0.08889988479397727,-0.09106352026639292,-0.09446132970656865,-0.08559232435663267,-0.09042371138201996,0.0030063610036691756,-0.38017055514565046,-0.4235690293938743,-0.4748207659161103,-0.4394412789928723,-0.5287181108032453,-0.4493439480503506,0.04999338662952538,10,-0.3101998240619461,-0.3020349336107549,-0.3065151150726217,-0.31720134330072497,-0.28702258033067274,-0.3045947592753441,0.010093212162000483
gradient_boosting,0.08666696548461914,0.0008269723005982738,0.013080358505249023,0.00024724156095077025,0.1,2,200,"{'model__learning_rate': 0.1, 'model__max_depth': 2, 'model__n_estimators': 200}",0.9044834307992202,0.875182127246236,0.864983001457018,0.8776104905293832,0.7998517420311342,0.8644221584125983,0.03482604713473728,17,0.9764800926772759,0.9732265446224255,0.9739435545385202,0.9732723112128148,0.978522062732589,0.9750889131567251,0.002088166756421459,0.9045064240497964,0.8894481213185396,0.8918702946237002,0.9044980840184151,0.7897715454328594,0.8760188938886622,0.04357251384855123,17,0.9809024572948146,0.9767259924304158,0.9764967742671418,0.9770709667171888,0.9835830501088294,0.9789558481636782,0.002820367495123451,0.8377192982456141,0.7822972316658572,0.7595920349684313,0.7540067994171928,0.7066963182604398,0.768062336511507,0.042637581745011734,16,0.9159578684226571,0.9075514874141877,0.9062929061784897,0.9115560640732265,0.9155388471177945,0.911379434641271,0.00397038833800045,0.8372093023255814,0.7829457364341085,0.7596899224806202,0.7674418604651163,0.71875,0.7732073643410853,0.03839961134481973,16,0.9184466019417475,0.9106796116504854,0.9106796116504854,0.916504854368932,0.9166666666666666,0.9145954692556634,0.0032690890094949987,0.851063829787234,0.8,0.7769784172661871,0.8076923076923077,0.7631578947368421,0.7997784898965142,0.030178717561667234,16,0.9270833333333334,0.9206896551724137,0.9215017064846417,0.9269949066213922,0.9246935201401051,0.9241926243503771,0.002682227170269212,-0.12494555073641105,-0.14649421238818797,-0.1526073945635683,-0.15486300586724652,-0.1837912974453823,-0.15254029220015922,0.018868225501552812,15,-0.06755968370075212,-0.06745083671060184,-0.06904922118652204,-0.06926807789729884,-0.0640365510387842,-0.06747287410679181,0.0018721092139819464,-0.3956615494001828,-0.4524210833548142,-0.4672361652264767,-0.4650701372547006,-0.5747415519461185,-0.4710260974364585,0.05802188242668208,15,-0.24008567264658118,-0.24021982328118938,-0.24257904613717915,-0.24707228878170823,-0.22590569008702327,-0.23917250418673625,0.0070985947198736275
gradient_boosting,0.16032662391662597,0.0004975661877785774,0.013342618942260742,0.00018518067885560998,0.1,2,400,"{'model__learning_rate': 0.1, 'model__max_depth': 2, 'model__n_estimators': 400}",0.8896198830409358,0.8574550752792617,0.8637688198154444,0.8640116561437591,0.7847788485297752,0.8519268565618352,0.03534531059320479,18,0.9948631181025547,0.9937452326468345,0.9939435545385202,0.9946300533943555,0.9952305004936584,0.9944824918351847,0.0005586004373165748,0.8989527495490344,0.8621363908332671,0.8904365075745198,0.8912328082859923,0.7874710349311176,0.8660458982347862,0.041234540173553096,18,0.9958423795380762,0.9948791462436168,0.9949561656576831,0.9956695199115069,0.9962679816473168,0.99552303859964,0.0005318491990099205,0.8220029239766082,0.7909179213210296,0.7509713453132589,0.7555852355512385,0.712008895478132,0.7662972643280535,0.03743302182350468,17,0.9677915980732883,0.9559496567505721,0.9551106025934402,0.9507627765064837,0.962155388471178,0.9583540044789924,0.005957280907059908,0.8217054263565892,0.7906976744186046,0.751937984496124,0.7674418604651163,0.7265625,0.7716690891472868,0.0325807072861823,17,0.9689320388349515,0.9572815533980582,0.9572815533980582,0.9533980582524272,0.9631782945736435,0.9600142996914277,0.005445133431489462,0.8368794326241135,0.8057553956834532,0.7714285714285715,0.8051948051948052,0.7741935483870968,0.798690350663608,0.024057957933712546,17,0.972027972027972,0.9616724738675958,0.9619377162629758,0.9586206896551724,0.9668411867364747,0.964220007710038,0.00470926813604889,-0.1346420774275845,-0.1589619551586888,-0.1625362345609087,-0.16330444813478773,-0.19973586305726299,-0.16383611566784656,0.02081736550731005,18,-0.03908215786489028,-0.03936023448677775,-0.0407425399798213,-0.04005588133889235,-0.037331857305997355,-0.03931453419527581,0.0011468121930716896,-0.4286743919730138,-0.5128962383773008,-0.5008050346761291,-0.5087150634331628,-0.6448631548915574,-0.5191907766702328,0.06996307574039161,18,-0.15896621669310693,-0.1593189296467662,-0.1626743445185139,-0.16266929483156473,-0.1507821784060388,-0.15888219281919813,0.004348116574426778
