threshold,balanced_accuracy,accuracy,f1,distance_from_0_5
0.53,0.8095739700374531,0.8136645962732919,0.8342541436464088,0.030000000000000027
0.48,0.8090667915106118,0.8167701863354038,0.8418230563002681,0.020000000000000018
0.52,0.8089107365792758,0.8136645962732919,0.8351648351648352,0.020000000000000018
0.54,0.808832709113608,0.812111801242236,0.8317107093184979,0.040000000000000036
0.6,0.8085205992509363,0.8059006211180124,0.8169838945827232,0.09999999999999998
0.55,0.8080914481897628,0.8105590062111802,0.8291316526610645,0.050000000000000044
0.51,0.80791588639201,0.8136645962732919,0.8365122615803815,0.010000000000000009
0.5,0.8072526529338326,0.8136645962732919,0.8373983739837398,0.0
0.61,0.8063748439450686,0.8027950310559007,0.8124076809453471,0.10999999999999999
0.49,0.8062578027465668,0.8136645962732919,0.8387096774193549,0.010000000000000009
0.59,0.8043851435705368,0.8027950310559007,0.8156748911465893,0.08999999999999997
0.62,0.8038974719101124,0.7996894409937888,0.8083209509658247,0.12
0.57,0.8037999375780275,0.8043478260869565,0.8205128205128205,0.06999999999999995
0.56,0.8034683208489388,0.8043478260869565,0.8210227272727273,0.06000000000000005
0.58,0.8033902933832708,0.8027950310559007,0.8172661870503597,0.07999999999999996
0.47,0.8021223470661674,0.8105590062111802,0.8373333333333334,0.030000000000000027
0.63,0.7982794943820224,0.7934782608695652,0.8011958146487295,0.13
0.46,0.7979868913857677,0.8074534161490683,0.8359788359788359,0.03999999999999998
0.64,0.7958021223470662,0.7903726708074534,0.7969924812030075,0.14
0.68,0.7945731897627966,0.7857142857142857,0.7857142857142857,0.18000000000000005
0.67,0.7935783395755306,0.7857142857142857,0.7876923076923077,0.17000000000000004
0.43,0.7935198189762797,0.8043478260869565,0.8350785340314136,0.07
0.65,0.7933247503121099,0.7872670807453416,0.7927382753403933,0.15000000000000002
0.45,0.7927785580524345,0.8027950310559007,0.8326745718050066,0.04999999999999999
0.66,0.7925834893882646,0.7857142857142857,0.7896341463414634,0.16000000000000003
0.69,0.7920958177278402,0.782608695652174,0.78125,0.18999999999999995
0.44,0.7910424469413233,0.8012422360248447,0.8315789473684211,0.06
0.4,0.7901256242197253,0.8027950310559007,0.8361290322580646,0.09999999999999998
0.41,0.7890527465667916,0.8012422360248447,0.8341968911917098,0.09000000000000002
0.42,0.7865753745318352,0.7981366459627329,0.8307291666666666,0.08000000000000002
0.39,0.7863217852684145,0.7996894409937888,0.834403080872914,0.10999999999999999
0.38,0.7821863295880149,0.796583850931677,0.8331210191082803,0.12
0.37,0.7815230961298376,0.796583850931677,0.8339670468948035,0.13
0.7,0.7815230961298376,0.7701863354037267,0.7643312101910829,0.19999999999999996
0.33,0.781269506866417,0.7981366459627329,0.8375,0.16999999999999998
0.36,0.7808598626716604,0.796583850931677,0.8348045397225725,0.14
0.35,0.7801966292134832,0.796583850931677,0.835633626097867,0.15000000000000002
0.34,0.7801966292134832,0.796583850931677,0.835633626097867,0.15999999999999998
0.32,0.7753979400749064,0.7934782608695652,0.8351920693928129,0.18
0.3,0.7681218789013733,0.7872670807453416,0.8314883148831488,0.2
0.31,0.7667173845193509,0.7857142857142857,0.8300492610837439,0.19
