candidate,candidate_type,accuracy,balanced_accuracy,sensitivity,specificity,precision,npv,f1,mcc,roc_auc,average_precision,brier,log_loss,calibration_intercept,calibration_slope,tn,fp,fn,tp,n,members,rank_accuracy,rank_balanced_accuracy,rank_f1,rank_roc_auc,rank_average_precision,rank_brier,rank_log_loss,composite_rank
logistic_regression+extra_trees+gradient_boosting,equal_probability_average,0.8136645962732919,0.8072526529338326,0.8679775280898876,0.7465277777777778,0.8089005235602095,0.8206106870229007,0.8373983739837398,0.6219630045320207,0.8870259831460675,0.892928148089384,0.13416490644357396,0.42401802340142336,-0.05051975674197992,1.2260295698685684,215,73,47,309,644,logistic_regression;extra_trees;gradient_boosting,7.0,8.0,5.0,17.0,21.0,31.0,35.0,17.714285714285715
knn+extra_trees+gradient_boosting+hist_gradient_boosting,equal_probability_average,0.8136645962732919,0.80791588639201,0.8623595505617978,0.7534722222222222,0.8121693121693122,0.8157894736842105,0.8365122615803815,0.6218657188875067,0.8876502028714108,0.8936814383416252,0.13429492673491322,0.4256212044216942,-0.060611013371926085,1.2855209943773203,217,71,49,307,644,knn;extra_trees;gradient_boosting;hist_gradient_boosting,7.0,4.5,13.5,2.0,5.0,40.0,69.0,20.142857142857142
knn+gradient_boosting+hist_gradient_boosting,equal_probability_average,0.8136645962732919,0.8082475031210986,0.8595505617977528,0.7569444444444444,0.8138297872340425,0.8134328358208955,0.8360655737704918,0.6218555095162791,0.887552668539326,0.8923848518561364,0.13396110506081116,0.42467502565247317,-0.051799549992175495,1.2758809137145017,218,70,50,306,644,knn;gradient_boosting;hist_gradient_boosting,7.0,3.0,21.0,5.0,36.0,22.0,52.0,20.857142857142858
logistic_regression+knn+gradient_boosting+hist_gradient_boosting,equal_probability_average,0.812111801242236,0.8058481585518102,0.8651685393258427,0.7465277777777778,0.8083989501312336,0.8174904942965779,0.835820895522388,0.6187521863157524,0.8872405586766543,0.8917538617369428,0.1335367736713979,0.42324727769946957,-0.049534575301176054,1.2500852739274342,215,73,48,308,644,logistic_regression;knn;gradient_boosting;hist_gradient_boosting,20.5,16.0,25.0,11.5,64.0,5.0,17.0,22.714285714285715
knn+gradient_boosting,equal_probability_average,0.812111801242236,0.8058481585518102,0.8651685393258427,0.7465277777777778,0.8083989501312336,0.8174904942965779,0.835820895522388,0.6187521863157524,0.8877477372034956,0.8904950141794871,0.13284906527506443,0.4208591344737167,-0.04961195814535309,1.2095074866609488,215,73,48,308,644,knn;gradient_boosting,20.5,16.0,25.0,1.0,98.0,1.0,1.0,23.214285714285715
logistic_regression+knn+svc+gradient_boosting+hist_gradient_boosting,equal_probability_average,0.812111801242236,0.8058481585518102,0.8651685393258427,0.7465277777777778,0.8083989501312336,0.8174904942965779,0.835820895522388,0.6187521863157524,0.8869674625468165,0.8917447673162879,0.13354807214766568,0.4227632082509853,-0.0537707679505355,1.232067191254213,215,73,48,308,644,logistic_regression;knn;svc;gradient_boosting;hist_gradient_boosting,20.5,16.0,25.0,20.0,67.0,6.0,11.0,23.642857142857142
knn+svc+gradient_boosting+hist_gradient_boosting,equal_probability_average,0.8105590062111802,0.8041120474406991,0.8651685393258427,0.7430555555555556,0.806282722513089,0.816793893129771,0.8346883468834688,0.6156055641327028,0.8873478464419475,0.8933688761609532,0.13367421976710836,0.42331813791350476,-0.057750585728631704,1.2513218547122733,214,74,48,308,644,knn;svc;gradient_boosting;hist_gradient_boosting,40.5,41.5,39.5,9.0,9.0,9.0,19.0,23.928571428571427
logistic_regression+knn+extra_trees+gradient_boosting,equal_probability_average,0.812111801242236,0.8055165418227216,0.8679775280898876,0.7430555555555556,0.8067885117493473,0.8199233716475096,0.8362652232746955,0.6188228297899366,0.8871722846441947,0.8908634185003048,0.13361455593347557,0.42283477913618667,-0.055303647071410375,1.2191007589051763,214,74,47,309,644,logistic_regression;knn;extra_trees;gradient_boosting,20.5,22.5,17.5,14.5,87.0,7.0,12.0,25.857142857142858
knn+extra_trees+gradient_boosting,equal_probability_average,0.812111801242236,0.8055165418227216,0.8679775280898876,0.7430555555555556,0.8067885117493473,0.8199233716475096,0.8362652232746955,0.6188228297899366,0.8876111891385767,0.891330919554289,0.13391816876587587,0.4239998306529181,-0.06022027284903397,1.2360230618851007,214,74,47,309,644,knn;extra_trees;gradient_boosting,20.5,22.5,17.5,3.0,77.0,17.0,33.0,27.214285714285715
svc+gradient_boosting,equal_probability_average,0.812111801242236,0.8055165418227216,0.8679775280898876,0.7430555555555556,0.8067885117493473,0.8199233716475096,0.8362652232746955,0.6188228297899366,0.8855239544319601,0.8924538380938815,0.13412975187595802,0.4229528891741109,-0.04640084656999463,1.1788390988307789,214,74,47,309,644,svc;gradient_boosting,20.5,22.5,17.5,71.5,32.0,29.0,13.0,29.428571428571427
logistic_regression+svc+extra_trees+gradient_boosting,equal_probability_average,0.8105590062111802,0.8041120474406991,0.8651685393258427,0.7430555555555556,0.806282722513089,0.816793893129771,0.8346883468834688,0.6156055641327028,0.886518804619226,0.8930632085228889,0.13408326507533172,0.42339249653135347,-0.05487811031420202,1.2085141127580745,214,74,48,308,644,logistic_regression;svc;extra_trees;gradient_boosting,40.5,41.5,39.5,35.0,17.0,26.0,20.0,31.357142857142858
logistic_regression+extra_trees+gradient_boosting+hist_gradient_boosting,equal_probability_average,0.812111801242236,0.8058481585518102,0.8651685393258427,0.7465277777777778,0.8083989501312336,0.8174904942965779,0.835820895522388,0.6187521863157524,0.8871722846441947,0.8929043955752705,0.13449065240542046,0.4256894894614436,-0.053067689670337675,1.2782223445551126,215,73,48,308,644,logistic_regression;extra_trees;gradient_boosting;hist_gradient_boosting,20.5,16.0,25.0,14.5,23.0,51.0,73.0,31.857142857142858
logistic_regression+gradient_boosting,equal_probability_average,0.8152173913043478,0.8103152309612984,0.8567415730337079,0.7638888888888888,0.8176943699731903,0.8118081180811808,0.8367626886145405,0.6250507338949443,0.8855824750312109,0.8906885078407906,0.1341093755554914,0.42343626148543256,-0.030799095017893303,1.1688492021436634,220,68,51,305,644,logistic_regression;gradient_boosting,2.0,2.0,8.0,70.0,94.0,27.0,23.0,32.285714285714285
svc+random_forest+extra_trees+gradient_boosting+hist_gradient_boosting,equal_probability_average,0.8136645962732919,0.8072526529338326,0.8679775280898876,0.7465277777777778,0.8089005235602095,0.8206106870229007,0.8373983739837398,0.6219630045320207,0.8864212702871411,0.8941377664530927,0.13498247599420185,0.42600605799489577,-0.05585672832965577,1.2460384896913343,215,73,47,309,644,svc;random_forest;extra_trees;gradient_boosting;hist_gradient_boosting,7.0,8.0,5.0,41.0,3.0,82.0,82.0,32.57142857142857
knn+random_forest+extra_trees+gradient_boosting+hist_gradient_boosting,equal_probability_average,0.812111801242236,0.8055165418227216,0.8679775280898876,0.7430555555555556,0.8067885117493473,0.8199233716475096,0.8362652232746955,0.6188228297899366,0.8867723938826466,0.8926771388924439,0.1346233422058986,0.42568511869695075,-0.05596046687079245,1.2537216026948586,214,74,47,309,644,knn;random_forest;extra_trees;gradient_boosting;hist_gradient_boosting,20.5,22.5,17.5,25.0,27.0,61.0,72.0,35.07142857142857
knn+svc+random_forest+extra_trees+gradient_boosting,equal_probability_average,0.812111801242236,0.8051849250936329,0.8707865168539326,0.7395833333333334,0.8051948051948052,0.8223938223938224,0.8367071524966262,0.6189193619531566,0.8862359550561798,0.8916654991971766,0.13431491364039427,0.42386781161290904,-0.057035238970735785,1.2006964646953842,213,75,46,310,644,knn;svc;random_forest;extra_trees;gradient_boosting,20.5,27.5,10.5,53.0,70.0,41.0,31.0,36.214285714285715
logistic_regression+knn+hist_gradient_boosting,equal_probability_average,0.812111801242236,0.8058481585518102,0.8651685393258427,0.7465277777777778,0.8083989501312336,0.8174904942965779,0.835820895522388,0.6187521863157524,0.8867626404494383,0.8904921572919198,0.1339576000089218,0.4245624987679352,-0.05301474171886272,1.2469817929131437,215,73,48,308,644,logistic_regression;knn;hist_gradient_boosting,20.5,16.0,25.0,26.0,99.0,21.0,48.0,36.5
logistic_regression+random_forest+gradient_boosting,equal_probability_average,0.8136645962732919,0.8072526529338326,0.8679775280898876,0.7465277777777778,0.8089005235602095,0.8206106870229007,0.8373983739837398,0.6219630045320207,0.885426420099875,0.890988946334855,0.1344961705574888,0.4235019384551157,-0.03563281885536781,1.1664894582183818,215,73,47,309,644,logistic_regression;random_forest;gradient_boosting,7.0,8.0,5.0,76.0,85.0,52.0,25.0,36.857142857142854
logistic_regression+random_forest+extra_trees+gradient_boosting+hist_gradient_boosting,equal_probability_average,0.812111801242236,0.8055165418227216,0.8679775280898876,0.7430555555555556,0.8067885117493473,0.8199233716475096,0.8362652232746955,0.6188228297899366,0.8866163389513109,0.8925169998342215,0.134747872619708,0.4256624943937519,-0.05037657276502208,1.2485104414627177,214,74,47,309,644,logistic_regression;random_forest;extra_trees;gradient_boosting;hist_gradient_boosting,20.5,22.5,17.5,32.0,30.0,69.0,70.0,37.357142857142854
knn+random_forest+gradient_boosting+hist_gradient_boosting,equal_probability_average,0.8105590062111802,0.8051068976279651,0.8567415730337079,0.7534722222222222,0.8111702127659575,0.8097014925373134,0.8333333333333334,0.6155196825936035,0.8873185861423222,0.8924152005657874,0.13428287943329922,0.4245950810806713,-0.04967929994387937,1.243752312587559,217,71,51,305,644,knn;random_forest;gradient_boosting;hist_gradient_boosting,40.5,31.0,61.5,10.0,34.0,38.0,49.0,37.714285714285715
logistic_regression+knn+extra_trees+hist_gradient_boosting,equal_probability_average,0.8105590062111802,0.8044436641697879,0.8623595505617978,0.7465277777777778,0.8078947368421052,0.8143939393939394,0.8342391304347826,0.6155515327974875,0.887455134207241,0.8929044942751709,0.13434199212990905,0.4256779781574044,-0.06100860768903635,1.262078860239411,215,73,49,307,644,logistic_regression;knn;extra_trees;hist_gradient_boosting,40.5,34.0,47.0,8.0,22.0,43.0,71.0,37.92857142857143
logistic_regression+knn+random_forest+extra_trees+gradient_boosting,equal_probability_average,0.812111801242236,0.8051849250936329,0.8707865168539326,0.7395833333333334,0.8051948051948052,0.8223938223938224,0.8367071524966262,0.6189193619531566,0.8864115168539327,0.8899647398575443,0.13419553191468817,0.42369548562294596,-0.051407550998915065,1.2001114575234622,213,75,46,310,644,logistic_regression;knn;random_forest;extra_trees;gradient_boosting,20.5,27.5,10.5,43.0,107.0,34.0,29.0,38.785714285714285
knn+random_forest+gradient_boosting,equal_probability_average,0.8105590062111802,0.8041120474406991,0.8651685393258427,0.7430555555555556,0.806282722513089,0.816793893129771,0.8346883468834688,0.6156055641327028,0.8867041198501873,0.8904137834320407,0.13393807158650806,0.42258909913416187,-0.04613517134621613,1.18551509777826,214,74,48,308,644,knn;random_forest;gradient_boosting,40.5,41.5,39.5,28.0,100.0,19.0,8.0,39.5
logistic_regression+knn+random_forest+extra_trees+gradient_boosting+hist_gradient_boosting,equal_probability_average,0.8105590062111802,0.8041120474406991,0.8651685393258427,0.7430555555555556,0.806282722513089,0.816793893129771,0.8346883468834688,0.6156055641327028,0.8870064762796503,0.8916703137960933,0.134190297104745,0.4244116144464811,-0.054133502196155266,1.2420003093371381,214,74,48,308,644,logistic_regression;knn;random_forest;extra_trees;gradient_boosting;hist_gradient_boosting,40.5,41.5,39.5,18.0,69.0,33.0,42.0,40.5
logistic_regression+knn+random_forest+gradient_boosting,equal_probability_average,0.8105590062111802,0.8037804307116105,0.8679775280898876,0.7395833333333334,0.8046875,0.8192307692307692,0.8351351351351352,0.6156852451630875,0.8863042290886392,0.8906709698083484,0.13385775927455226,0.42236000119026906,-0.04385487029521831,1.175751670527748,213,75,47,309,644,logistic_regression;knn;random_forest;gradient_boosting,40.5,49.5,31.5,50.0,95.0,13.0,7.0,40.92857142857143
logistic_regression+knn+svc+random_forest+gradient_boosting+hist_gradient_boosting,equal_probability_average,0.8090062111801242,0.802375936329588,0.8651685393258427,0.7395833333333334,0.804177545691906,0.8160919540229885,0.8335588633288228,0.6124615428791857,0.8866553526841449,0.8922243796850844,0.13389378691259224,0.4231345321394348,-0.05167484793372871,1.2174479582752928,213,75,48,308,644,logistic_regression;knn;svc;random_forest;gradient_boosting;hist_gradient_boosting,62.0,66.5,54.5,30.0,43.0,16.0,16.0,41.142857142857146
logistic_regression+knn+extra_trees+gradient_boosting+hist_gradient_boosting,equal_probability_average,0.8090062111801242,0.8027075530586767,0.8623595505617978,0.7430555555555556,0.8057742782152231,0.8136882129277566,0.8331071913161465,0.6123985220516516,0.8874648876404494,0.8920989765252684,0.13379862202528217,0.42403254223059944,-0.057515406925864154,1.2655294800925296,214,74,49,307,644,logistic_regression;knn;extra_trees;gradient_boosting;hist_gradient_boosting,62.0,57.5,67.5,7.0,48.0,12.0,36.0,41.42857142857143
knn+hist_gradient_boosting,equal_probability_average,0.8167701863354038,0.8110564918851435,0.8651685393258427,0.7569444444444444,0.8148148148148148,0.8195488721804511,0.8392370572207084,0.628208473448222,0.8859335986267166,0.8918821174311312,0.13479577639731155,0.4275133625100198,-0.05828422228355356,1.2833244993457724,218,70,48,308,644,knn;hist_gradient_boosting,1.0,1.0,1.0,63.0,58.0,70.0,98.0,41.714285714285715
knn+extra_trees+hist_gradient_boosting,equal_probability_average,0.8136645962732919,0.8072526529338326,0.8679775280898876,0.7465277777777778,0.8089005235602095,0.8206106870229007,0.8373983739837398,0.6219630045320207,0.886021379525593,0.8931014025640935,0.1353031433232354,0.428735538247252,-0.06547213695675547,1.283522311018092,215,73,47,309,644,knn;extra_trees;hist_gradient_boosting,7.0,8.0,5.0,59.0,15.0,93.0,109.0,42.285714285714285
logistic_regression+knn+svc+extra_trees+gradient_boosting,equal_probability_average,0.8090062111801242,0.802375936329588,0.8651685393258427,0.7395833333333334,0.804177545691906,0.8160919540229885,0.8335588633288228,0.6124615428791857,0.8868699282147318,0.8912514810469205,0.13367220416269862,0.4225920320899402,-0.05764887018277874,1.2065085952526626,213,75,48,308,644,logistic_regression;knn;svc;extra_trees;gradient_boosting,62.0,66.5,54.5,22.0,79.0,8.0,9.0,43.0
svc+random_forest+extra_trees+gradient_boosting,equal_probability_average,0.812111801242236,0.8051849250936329,0.8707865168539326,0.7395833333333334,0.8051948051948052,0.8223938223938224,0.8367071524966262,0.6189193619531566,0.8855239544319601,0.8926722294906254,0.1349291744011697,0.4250295811161131,-0.05381965994379516,1.2002647594108062,213,75,46,310,644,svc;random_forest;extra_trees;gradient_boosting,20.5,27.5,10.5,71.5,29.0,79.0,63.0,43.0
random_forest+extra_trees+gradient_boosting+hist_gradient_boosting,equal_probability_average,0.8136645962732919,0.80791588639201,0.8623595505617978,0.7534722222222222,0.8121693121693122,0.8157894736842105,0.8365122615803815,0.6218657188875067,0.8858945848938827,0.893471056854527,0.13562095345457226,0.427959348092696,-0.05045700255282463,1.2599686553445268,217,71,49,307,644,random_forest;extra_trees;gradient_boosting;hist_gradient_boosting,7.0,4.5,13.5,65.0,8.0,101.0,104.0,43.285714285714285
knn+random_forest+extra_trees+gradient_boosting,equal_probability_average,0.812111801242236,0.8051849250936329,0.8707865168539326,0.7395833333333334,0.8051948051948052,0.8223938223938224,0.8367071524966262,0.6189193619531566,0.8863237359550561,0.8906140146658379,0.1345811565046603,0.4248198735401563,-0.05370187073269712,1.2074040511308666,213,75,46,310,644,knn;random_forest;extra_trees;gradient_boosting,20.5,27.5,10.5,48.0,96.0,58.0,57.0,45.357142857142854
logistic_regression+random_forest+extra_trees+gradient_boosting,equal_probability_average,0.812111801242236,0.8055165418227216,0.8679775280898876,0.7430555555555556,0.8067885117493473,0.8199233716475096,0.8362652232746955,0.6188228297899366,0.8857287765293383,0.8916646133150189,0.1347187995494354,0.42470293365319434,-0.04716848263882024,1.2010095362706932,214,74,47,309,644,logistic_regression;random_forest;extra_trees;gradient_boosting,20.5,22.5,17.5,68.0,71.0,65.0,53.0,45.357142857142854
logistic_regression+svc+gradient_boosting+hist_gradient_boosting,equal_probability_average,0.8105590062111802,0.8041120474406991,0.8651685393258427,0.7430555555555556,0.806282722513089,0.816793893129771,0.8346883468834688,0.6156055641327028,0.8862652153558052,0.8916561251749996,0.1342244660830251,0.4242556972797571,-0.048335299622990685,1.233659975684479,214,74,48,308,644,logistic_regression;svc;gradient_boosting;hist_gradient_boosting,40.5,41.5,39.5,51.0,72.0,35.0,40.0,45.642857142857146
logistic_regression+knn+random_forest+gradient_boosting+hist_gradient_boosting,equal_probability_average,0.8090062111801242,0.8027075530586767,0.8623595505617978,0.7430555555555556,0.8057742782152231,0.8136882129277566,0.8331071913161465,0.6123985220516516,0.8867626404494382,0.8918601498711037,0.13393939687511064,0.423565575544198,-0.048132118247954415,1.228773458030734,214,74,49,307,644,logistic_regression;knn;random_forest;gradient_boosting;hist_gradient_boosting,62.0,57.5,67.5,27.0,60.0,20.0,26.0,45.714285714285715
logistic_regression+random_forest+extra_trees+hist_gradient_boosting,equal_probability_average,0.8136645962732919,0.8072526529338326,0.8679775280898876,0.7465277777777778,0.8089005235602095,0.8206106870229007,0.8373983739837398,0.6219630045320207,0.8854264200998752,0.8924495200615976,0.13540251705474832,0.4274805284437593,-0.052893849771229004,1.2441996743447357,215,73,47,309,644,logistic_regression;random_forest;extra_trees;hist_gradient_boosting,7.0,8.0,5.0,75.0,33.0,96.0,97.0,45.857142857142854
logistic_regression+knn+svc+random_forest+extra_trees+gradient_boosting,equal_probability_average,0.8090062111801242,0.8020443196004994,0.8679775280898876,0.7361111111111112,0.8025974025974026,0.8185328185328186,0.8340080971659919,0.6125501694140413,0.8864700374531835,0.8918615253995061,0.13412329136181497,0.4232904750366101,-0.054055372665376765,1.193582827331227,212,76,47,309,644,logistic_regression;knn;svc;random_forest;extra_trees;gradient_boosting,62.0,72.0,49.0,38.0,59.0,28.0,18.0,46.57142857142857
knn+svc+extra_trees+gradient_boosting,equal_probability_average,0.8074534161490683,0.8009714419475655,0.8623595505617978,0.7395833333333334,0.8036649214659686,0.8129770992366412,0.8319783197831978,0.609248123733385,0.8872405586766543,0.8921799893582057,0.1337662421126186,0.42306936444490717,-0.0627843416645256,1.2196851356464584,213,75,49,307,644,knn;svc;extra_trees;gradient_boosting,83.0,84.0,82.0,11.5,45.0,11.0,14.0,47.214285714285715
logistic_regression+svc+random_forest+gradient_boosting,equal_probability_average,0.8105590062111802,0.8041120474406991,0.8651685393258427,0.7430555555555556,0.806282722513089,0.816793893129771,0.8346883468834688,0.6156055641327028,0.8851728308364544,0.8917484877197909,0.13436602390680782,0.4230747047176804,-0.04305889237376615,1.1638406771198324,214,74,48,308,644,logistic_regression;svc;random_forest;gradient_boosting,40.5,41.5,39.5,84.0,66.0,45.0,15.0,47.357142857142854
svc+extra_trees+gradient_boosting,equal_probability_average,0.8090062111801242,0.8027075530586767,0.8623595505617978,0.7430555555555556,0.8057742782152231,0.8136882129277566,0.8331071913161465,0.6123985220516516,0.8864115168539326,0.893333720686812,0.13447695459372777,0.4245306606610295,-0.05994041357959299,1.2239797256261298,214,74,49,307,644,svc;extra_trees;gradient_boosting,62.0,57.5,67.5,44.0,10.0,49.0,44.0,47.714285714285715
svc+random_forest+gradient_boosting,equal_probability_average,0.8105590062111802,0.8037804307116105,0.8679775280898876,0.7395833333333334,0.8046875,0.8192307692307692,0.8351351351351352,0.6156852451630875,0.885104556803995,0.8920543848417266,0.13456717828618114,0.4234049906804782,-0.045193529212259616,1.1710781799252161,213,75,47,309,644,svc;random_forest;gradient_boosting,40.5,49.5,31.5,89.0,51.0,57.0,21.0,48.5
logistic_regression+gradient_boosting+hist_gradient_boosting,equal_probability_average,0.8105590062111802,0.8051068976279651,0.8567415730337079,0.7534722222222222,0.8111702127659575,0.8097014925373134,0.8333333333333334,0.6155196825936035,0.8866553526841447,0.8921612549592833,0.13462246203309342,0.42578986000235386,-0.039713533678408984,1.2542810768810424,217,71,51,305,644,logistic_regression;gradient_boosting;hist_gradient_boosting,40.5,31.0,61.5,31.0,46.0,60.0,76.0,49.42857142857143
logistic_regression+svc+random_forest+extra_trees+gradient_boosting+hist_gradient_boosting,equal_probability_average,0.8090062111801242,0.802375936329588,0.8651685393258427,0.7395833333333334,0.804177545691906,0.8160919540229885,0.8335588633288228,0.6124615428791857,0.886499297752809,0.8929551740537615,0.1345083142860398,0.4247448438338568,-0.05396805425874378,1.23500557238002,213,75,48,308,644,logistic_regression;svc;random_forest;extra_trees;gradient_boosting;hist_gradient_boosting,62.0,66.5,54.5,37.0,20.0,53.0,54.0,49.57142857142857
knn+svc+gradient_boosting,equal_probability_average,0.8074534161490683,0.800639825218477,0.8651685393258427,0.7361111111111112,0.8020833333333334,0.8153846153846154,0.8324324324324325,0.609320040997464,0.8868406679151061,0.8915433486348276,0.13315082202904208,0.4210468619351067,-0.055720755365691585,1.1932035885266956,212,76,48,308,644,knn;svc;gradient_boosting,83.0,91.0,73.0,24.0,73.0,2.0,2.0,49.714285714285715
logistic_regression+extra_trees+hist_gradient_boosting,equal_probability_average,0.8105590062111802,0.8041120474406991,0.8651685393258427,0.7430555555555556,0.806282722513089,0.816793893129771,0.8346883468834688,0.6156055641327028,0.886421270287141,0.8936193334804622,0.13521079381186685,0.42789751050184643,-0.05799241492262995,1.284569008920224,214,74,48,308,644,logistic_regression;extra_trees;hist_gradient_boosting,40.5,41.5,39.5,42.0,6.0,88.0,101.0,51.214285714285715
logistic_regression+svc+extra_trees+gradient_boosting+hist_gradient_boosting,equal_probability_average,0.8074534161490683,0.8009714419475655,0.8623595505617978,0.7395833333333334,0.8036649214659686,0.8129770992366412,0.8319783197831978,0.609248123733385,0.8871040106117354,0.8932574069388302,0.13423499821060725,0.4245526633332688,-0.0571131585551305,1.2556065661735405,213,75,49,307,644,logistic_regression;svc;extra_trees;gradient_boosting;hist_gradient_boosting,83.0,84.0,82.0,16.0,13.0,36.0,46.0,51.42857142857143
svc+extra_trees+gradient_boosting+hist_gradient_boosting,equal_probability_average,0.8090062111801242,0.802375936329588,0.8651685393258427,0.7395833333333334,0.804177545691906,0.8160919540229885,0.8335588633288228,0.6124615428791857,0.8869967228464419,0.8945020141690884,0.13482237241079428,0.4261920210522362,-0.0601584352910481,1.273668489401911,213,75,48,308,644,svc;extra_trees;gradient_boosting;hist_gradient_boosting,62.0,66.5,54.5,19.0,1.0,71.0,87.0,51.57142857142857
logistic_regression+knn+svc+random_forest+hist_gradient_boosting,equal_probability_average,0.8090062111801242,0.8027075530586767,0.8623595505617978,0.7430555555555556,0.8057742782152231,0.8136882129277566,0.8331071913161465,0.6123985220516516,0.8864017634207242,0.8919287630635506,0.13427655353633305,0.4240783575031196,-0.05366091029058269,1.2079617335337296,214,74,49,307,644,logistic_regression;knn;svc;random_forest;hist_gradient_boosting,62.0,57.5,67.5,45.0,54.0,37.0,38.0,51.57142857142857
logistic_regression+svc+hist_gradient_boosting,equal_probability_average,0.812111801242236,0.8061797752808989,0.8623595505617978,0.75,0.8100263852242744,0.8150943396226416,0.8353741496598639,0.6187072378064787,0.8849972690387017,0.8912220985784102,0.1346858441881991,0.4254665442192164,-0.05260273319774271,1.230478838048195,216,72,49,307,644,logistic_regression;svc;hist_gradient_boosting,20.5,12.0,29.0,90.0,80.0,64.0,68.0,51.92857142857143
knn+svc+extra_trees+gradient_boosting+hist_gradient_boosting,equal_probability_average,0.8059006211180124,0.7995669475655431,0.8595505617977528,0.7395833333333334,0.8031496062992126,0.8098859315589354,0.830393487109905,0.6060448577875508,0.8875624219725343,0.8943616623457936,0.13399566464931756,0.4243126495173122,-0.06355069781105652,1.2639619749256752,213,75,50,306,644,knn;svc;extra_trees;gradient_boosting;hist_gradient_boosting,100.5,95.5,105.5,4.0,2.0,23.0,41.0,53.07142857142857
svc+gradient_boosting+hist_gradient_boosting,equal_probability_average,0.8105590062111802,0.8044436641697879,0.8623595505617978,0.7465277777777778,0.8078947368421052,0.8143939393939394,0.8342391304347826,0.6155515327974875,0.8859140917602997,0.8928529554482856,0.13490919447936717,0.426044630771643,-0.049929428673607695,1.2530557322399773,215,73,49,307,644,svc;gradient_boosting;hist_gradient_boosting,40.5,34.0,47.0,64.0,25.0,77.0,84.0,53.07142857142857
knn+svc+random_forest+gradient_boosting+hist_gradient_boosting,equal_probability_average,0.8059006211180124,0.7992353308364545,0.8623595505617978,0.7361111111111112,0.8015665796344648,0.8122605363984674,0.8308525033829499,0.6061002559684349,0.8872112983770288,0.893610156707511,0.13404966494741993,0.423636308940715,-0.05430797545367337,1.2297763355220197,212,76,49,307,644,knn;svc;random_forest;gradient_boosting;hist_gradient_boosting,100.5,99.0,102.0,13.0,7.0,25.0,27.0,53.357142857142854
svc+random_forest+extra_trees+hist_gradient_boosting,equal_probability_average,0.812111801242236,0.8058481585518102,0.8651685393258427,0.7465277777777778,0.8083989501312336,0.8174904942965779,0.835820895522388,0.6187521863157524,0.8852020911360798,0.892860163269476,0.13573870203726326,0.4280257639673794,-0.05924664070157411,1.2399878273145262,215,73,48,308,644,svc;random_forest;extra_trees;hist_gradient_boosting,20.5,16.0,25.0,81.0,24.0,104.0,105.0,53.642857142857146
knn+svc+random_forest+extra_trees+gradient_boosting+hist_gradient_boosting,equal_probability_average,0.8074534161490683,0.8009714419475655,0.8623595505617978,0.7395833333333334,0.8036649214659686,0.8129770992366412,0.8319783197831978,0.609248123733385,0.8868699282147317,0.8932786802154926,0.13434262015689083,0.4246210536373773,-0.058943624744520036,1.2411424865505996,213,75,49,307,644,knn;svc;random_forest;extra_trees;gradient_boosting;hist_gradient_boosting,83.0,84.0,82.0,23.0,11.0,44.0,50.0,53.857142857142854
logistic_regression+svc+random_forest+extra_trees+gradient_boosting,equal_probability_average,0.8090062111801242,0.802375936329588,0.8651685393258427,0.7395833333333334,0.804177545691906,0.8160919540229885,0.8335588633288228,0.6124615428791857,0.8857482833957553,0.8923122312962296,0.13451707432121543,0.4239999930205674,-0.05129914519323041,1.1930884612295405,213,75,48,308,644,logistic_regression;svc;random_forest;extra_trees;gradient_boosting,62.0,66.5,54.5,67.0,39.0,54.0,34.0,53.857142857142854
logistic_regression+knn+svc+hist_gradient_boosting,equal_probability_average,0.8074534161490683,0.8013030586766542,0.8595505617977528,0.7430555555555556,0.8052631578947368,0.8106060606060606,0.8315217391304348,0.6092015746517584,0.8865188046192258,0.8919186537589567,0.13392141010521558,0.4237494866214402,-0.05696405364295878,1.2241814132133426,214,74,50,306,644,logistic_regression;knn;svc;hist_gradient_boosting,83.0,76.0,90.0,36.0,56.0,18.0,30.0,55.57142857142857
knn+svc+hist_gradient_boosting,equal_probability_average,0.8074534161490683,0.8009714419475655,0.8623595505617978,0.7395833333333334,0.8036649214659686,0.8129770992366412,0.8319783197831978,0.609248123733385,0.8866651061173534,0.892676795349628,0.1341479347743952,0.4247539431400528,-0.06372981161329355,1.2481976224265379,213,75,49,307,644,knn;svc;hist_gradient_boosting,83.0,84.0,82.0,29.0,28.0,30.0,55.0,55.857142857142854
knn+svc+extra_trees+hist_gradient_boosting,equal_probability_average,0.8090062111801242,0.8027075530586767,0.8623595505617978,0.7430555555555556,0.8057742782152231,0.8136882129277566,0.8331071913161465,0.6123985220516516,0.8864602840199751,0.8928144361991703,0.13461948843983268,0.42614351334556744,-0.06811414425708141,1.2591839497455262,214,74,49,307,644,knn;svc;extra_trees;hist_gradient_boosting,62.0,57.5,67.5,39.0,26.0,59.0,86.0,56.714285714285715
logistic_regression+knn+gradient_boosting,equal_probability_average,0.8074534161490683,0.8013030586766542,0.8595505617977528,0.7430555555555556,0.8052631578947368,0.8106060606060606,0.8315217391304348,0.6092015746517584,0.8865285580524345,0.8894658847005936,0.13318414971828982,0.42134250119973254,-0.0446511102536494,1.1861159736630458,214,74,50,306,644,logistic_regression;knn;gradient_boosting,83.0,76.0,90.0,34.0,111.0,3.0,3.0,57.142857142857146
knn+svc+random_forest+hist_gradient_boosting,equal_probability_average,0.8090062111801242,0.8027075530586767,0.8623595505617978,0.7430555555555556,0.8057742782152231,0.8136882129277566,0.8331071913161465,0.6123985220516516,0.8863139825218478,0.8920787011015144,0.13453014199653254,0.4249156101224022,-0.05758986795263987,1.2214269166318144,214,74,49,307,644,knn;svc;random_forest;hist_gradient_boosting,62.0,57.5,67.5,49.0,49.0,56.0,60.0,57.285714285714285
logistic_regression+knn+svc+extra_trees+gradient_boosting+hist_gradient_boosting,equal_probability_average,0.8043478260869565,0.7981624531835206,0.8567415730337079,0.7395833333333334,0.8026315789473685,0.8068181818181818,0.8288043478260869,0.6028516165060291,0.8875234082397003,0.8923538623076568,0.13375317203692286,0.42346915350102843,-0.05972512331811182,1.247983277496408,213,75,51,305,644,logistic_regression;knn;svc;extra_trees;gradient_boosting;hist_gradient_boosting,111.0,109.5,113.5,6.0,37.0,10.0,24.0,58.714285714285715
logistic_regression+svc+random_forest+gradient_boosting+hist_gradient_boosting,equal_probability_average,0.8074534161490683,0.800639825218477,0.8651685393258427,0.7361111111111112,0.8020833333333334,0.8153846153846154,0.8324324324324325,0.609320040997464,0.8863529962546817,0.8924146136130886,0.13440108857429137,0.4241854583942351,-0.04751665907950201,1.21808467874172,212,76,48,308,644,logistic_regression;svc;random_forest;gradient_boosting;hist_gradient_boosting,83.0,91.0,73.0,46.0,35.0,47.0,39.0,59.142857142857146
knn+random_forest+hist_gradient_boosting,equal_probability_average,0.8105590062111802,0.8041120474406991,0.8651685393258427,0.7430555555555556,0.806282722513089,0.816793893129771,0.8346883468834688,0.6156055641327028,0.8859628589263419,0.8918396683000283,0.1349728869486591,0.42661681261219764,-0.052922685837047415,1.2372860429014276,214,74,48,308,644,knn;random_forest;hist_gradient_boosting,40.5,41.5,39.5,62.0,62.0,81.0,92.0,59.785714285714285
logistic_regression+knn+random_forest+hist_gradient_boosting,equal_probability_average,0.8090062111801242,0.8027075530586767,0.8623595505617978,0.7430555555555556,0.8057742782152231,0.8136882129277566,0.8331071913161465,0.6123985220516516,0.8864505305867665,0.8907634504965161,0.13438823092368093,0.424776157285322,-0.050134214787415386,1.2203823111896208,214,74,49,307,644,logistic_regression;knn;random_forest;hist_gradient_boosting,62.0,57.5,67.5,40.0,92.0,46.0,56.0,60.142857142857146
svc+extra_trees+hist_gradient_boosting,equal_probability_average,0.8105590062111802,0.8041120474406991,0.8651685393258427,0.7430555555555556,0.806282722513089,0.816793893129771,0.8346883468834688,0.6156055641327028,0.8852118445692883,0.8932661459749537,0.1357465044167418,0.4288043965821318,-0.06664017043721703,1.2757167886568475,214,74,48,308,644,svc;extra_trees;hist_gradient_boosting,40.5,41.5,39.5,80.0,12.0,106.0,110.0,61.357142857142854
logistic_regression+svc+random_forest+hist_gradient_boosting,equal_probability_average,0.8090062111801242,0.802375936329588,0.8651685393258427,0.7395833333333334,0.804177545691906,0.8160919540229885,0.8335588633288228,0.6124615428791857,0.8853581460674157,0.8924883213251098,0.13483156914286717,0.42523097525566006,-0.05012456843077984,1.210681596034376,213,75,48,308,644,logistic_regression;svc;random_forest;hist_gradient_boosting,62.0,66.5,54.5,77.0,31.0,73.0,66.0,61.42857142857143
knn+svc+random_forest+gradient_boosting,equal_probability_average,0.8059006211180124,0.7992353308364545,0.8623595505617978,0.7361111111111112,0.8015665796344648,0.8122605363984674,0.8308525033829499,0.6061002559684349,0.8861384207240949,0.8917105338624617,0.13387386021662323,0.4222469854980604,-0.05143993155650416,1.1798820324326973,212,76,49,307,644,knn;svc;random_forest;gradient_boosting,100.5,99.0,102.0,54.0,68.0,14.0,5.0,63.214285714285715
random_forest+extra_trees+hist_gradient_boosting,equal_probability_average,0.812111801242236,0.8058481585518102,0.8651685393258427,0.7465277777777778,0.8083989501312336,0.8174904942965779,0.835820895522388,0.6187521863157524,0.8834367197253433,0.8922378184122416,0.13690909459560502,0.4315491609286288,-0.053004338915401655,1.2539649039108438,215,73,48,308,644,random_forest;extra_trees;hist_gradient_boosting,20.5,16.0,25.0,109.0,42.0,116.0,117.0,63.642857142857146
logistic_regression+knn+svc+extra_trees+hist_gradient_boosting,equal_probability_average,0.8059006211180124,0.7998985642946317,0.8567415730337079,0.7430555555555556,0.8047493403693932,0.8075471698113208,0.8299319727891157,0.606014594421305,0.8869186953807741,0.892192116283336,0.13418525013718366,0.4246723680551388,-0.06279343391478312,1.2418786945403975,214,74,51,305,644,logistic_regression;knn;svc;extra_trees;hist_gradient_boosting,100.5,94.0,107.0,21.0,44.0,32.0,51.0,64.21428571428571
logistic_regression+knn+svc+gradient_boosting,equal_probability_average,0.8059006211180124,0.7995669475655431,0.8595505617977528,0.7395833333333334,0.8031496062992126,0.8098859315589354,0.830393487109905,0.6060448577875508,0.8860213795255929,0.8910427130072557,0.13341214617803573,0.4215176284502697,-0.04992505161424013,1.177899289490819,213,75,50,306,644,logistic_regression;knn;svc;gradient_boosting,100.5,95.5,105.5,60.0,84.0,4.0,4.0,64.78571428571429
logistic_regression+knn+random_forest+extra_trees+hist_gradient_boosting,equal_probability_average,0.8074534161490683,0.8009714419475655,0.8623595505617978,0.7395833333333334,0.8036649214659686,0.8129770992366412,0.8319783197831978,0.609248123733385,0.8865870786516854,0.8922987636023307,0.13472215083122044,0.4258890793778576,-0.05605905551870708,1.2342161701164767,213,75,49,307,644,logistic_regression;knn;random_forest;extra_trees;hist_gradient_boosting,83.0,84.0,82.0,33.0,41.0,66.0,77.0,66.57142857142857
logistic_regression+svc+extra_trees+hist_gradient_boosting,equal_probability_average,0.8074534161490683,0.8009714419475655,0.8623595505617978,0.7395833333333334,0.8036649214659686,0.8129770992366412,0.8319783197831978,0.609248123733385,0.8862457084893882,0.893041604653908,0.13474577485869582,0.4259770861427602,-0.061421658991051384,1.253841693674285,213,75,49,307,644,logistic_regression;svc;extra_trees;hist_gradient_boosting,83.0,84.0,82.0,52.0,18.0,68.0,79.0,66.57142857142857
random_forest+extra_trees+gradient_boosting,equal_probability_average,0.8105590062111802,0.8041120474406991,0.8651685393258427,0.7430555555555556,0.806282722513089,0.816793893129771,0.8346883468834688,0.6156055641327028,0.8851825842696629,0.8914430308073268,0.13560184215579307,0.42691194093008816,-0.047571617040186046,1.2065412376775952,214,74,48,308,644,random_forest;extra_trees;gradient_boosting,40.5,41.5,39.5,82.5,75.0,100.0,94.0,67.57142857142857
logistic_regression+knn+svc+random_forest+gradient_boosting,equal_probability_average,0.8043478260869565,0.7981624531835206,0.8567415730337079,0.7395833333333334,0.8026315789473685,0.8068181818181818,0.8288043478260869,0.6028516165060291,0.8860896535580524,0.8917503208745932,0.1338895648721231,0.42227239347774387,-0.04814252937444377,1.1716227460076405,213,75,51,305,644,logistic_regression;knn;svc;random_forest;gradient_boosting,111.0,109.5,113.5,56.0,65.0,15.0,6.0,68.0
knn+extra_trees,equal_probability_average,0.8136645962732919,0.8069210362047441,0.8707865168539326,0.7430555555555556,0.8072916666666666,0.823076923076923,0.8378378378378378,0.6220504493287112,0.8824418695380774,0.8840528823357386,0.13612936059160866,0.43039146893835056,-0.06044461889862598,1.1873730689013682,214,74,46,310,644,knn;extra_trees,7.0,11.0,2.0,118.0,119.0,111.0,114.0,68.85714285714286
logistic_regression+hist_gradient_boosting,equal_probability_average,0.8105590062111802,0.8051068976279651,0.8567415730337079,0.7534722222222222,0.8111702127659575,0.8097014925373134,0.8333333333333334,0.6155196825936035,0.8854946941323346,0.8908579252386881,0.1352931405023385,0.42791894934668684,-0.04332723583444597,1.2660397754669162,217,71,51,305,644,logistic_regression;hist_gradient_boosting,40.5,31.0,61.5,73.0,88.0,91.0,103.0,69.71428571428571
knn+svc,equal_probability_average,0.8074534161490683,0.7999765917602997,0.8707865168539326,0.7291666666666666,0.7989690721649485,0.8203125,0.8333333333333334,0.6095407703476466,0.8846851591760301,0.8908574802973334,0.13428643907006169,0.42367917316675857,-0.05846029992790718,1.1483206066660077,210,78,46,310,644,knn;svc,83.0,93.0,61.5,95.0,89.0,39.0,28.0,69.78571428571429
extra_trees+gradient_boosting,equal_probability_average,0.8090062111801242,0.8027075530586767,0.8623595505617978,0.7430555555555556,0.8057742782152231,0.8136882129277566,0.8331071913161465,0.6123985220516516,0.8854946941323345,0.8923187294964563,0.1353550905883126,0.4272319014569493,-0.05257875748417654,1.244093544392334,214,74,49,307,644,extra_trees;gradient_boosting,62.0,57.5,67.5,74.0,38.0,94.0,96.0,69.85714285714286
logistic_regression+random_forest+gradient_boosting+hist_gradient_boosting,equal_probability_average,0.8074534161490683,0.8013030586766542,0.8595505617977528,0.7430555555555556,0.8052631578947368,0.8106060606060606,0.8315217391304348,0.6092015746517584,0.8861286672908865,0.8918139788782965,0.1346537458312779,0.4251398896679443,-0.04159054169700172,1.2310005540474647,214,74,50,306,644,logistic_regression;random_forest;gradient_boosting;hist_gradient_boosting,83.0,76.0,90.0,55.0,63.0,63.0,65.0,70.71428571428571
logistic_regression+svc+random_forest+extra_trees+hist_gradient_boosting,equal_probability_average,0.8074534161490683,0.8009714419475655,0.8623595505617978,0.7395833333333334,0.8036649214659686,0.8129770992366412,0.8319783197831978,0.609248123733385,0.8860116260923845,0.8929724476915186,0.13500214033338329,0.42602937351433245,-0.056468786383813405,1.228700338236035,213,75,49,307,644,logistic_regression;svc;random_forest;extra_trees;hist_gradient_boosting,83.0,84.0,82.0,61.0,19.0,83.0,83.0,70.71428571428571
logistic_regression+svc+gradient_boosting,equal_probability_average,0.8059006211180124,0.7992353308364545,0.8623595505617978,0.7361111111111112,0.8015665796344648,0.8122605363984674,0.8308525033829499,0.6061002559684349,0.8851533239700375,0.8913856337991835,0.13402781863191263,0.4227212198474297,-0.04282149645274503,1.165804285499765,212,76,49,307,644,logistic_regression;svc;gradient_boosting,100.5,99.0,102.0,85.0,76.0,24.0,10.0,70.92857142857143
knn+svc+extra_trees,equal_probability_average,0.8105590062111802,0.8037804307116105,0.8679775280898876,0.7395833333333334,0.8046875,0.8192307692307692,0.8351351351351352,0.6156852451630875,0.8843047752808989,0.8900555922982991,0.13494717043659185,0.4262461765511878,-0.0650826574533619,1.1894263495265875,213,75,47,309,644,knn;svc;extra_trees,40.5,49.5,31.5,101.0,105.0,80.0,89.0,70.92857142857143
knn+svc+random_forest+extra_trees,equal_probability_average,0.8105590062111802,0.8037804307116105,0.8679775280898876,0.7395833333333334,0.8046875,0.8192307692307692,0.8351351351351352,0.6156852451630875,0.8843925561797754,0.8902235484116374,0.13530214079378033,0.4264104942665582,-0.05766250759260245,1.17480660165891,213,75,47,309,644,knn;svc;random_forest;extra_trees,40.5,49.5,31.5,99.0,102.0,92.0,91.0,72.21428571428571
logistic_regression+extra_trees,equal_probability_average,0.8105590062111802,0.8044436641697879,0.8623595505617978,0.7465277777777778,0.8078947368421052,0.8143939393939394,0.8342391304347826,0.6155515327974875,0.8842657615480649,0.8907846239805599,0.13569383128382131,0.42790156271637253,-0.05280890786592536,1.1947125296591168,215,73,49,307,644,logistic_regression;extra_trees,40.5,34.0,47.0,102.0,91.0,103.0,102.0,74.21428571428571
knn+random_forest+extra_trees+hist_gradient_boosting,equal_probability_average,0.8090062111801242,0.802375936329588,0.8651685393258427,0.7395833333333334,0.804177545691906,0.8160919540229885,0.8335588633288228,0.6124615428791857,0.8851143102372034,0.8920718724663107,0.1354556105538232,0.4280768951200292,-0.05833798664863453,1.2447267655672385,213,75,48,308,644,knn;random_forest;extra_trees;hist_gradient_boosting,62.0,66.5,54.5,87.5,50.0,97.0,106.0,74.78571428571429
svc+random_forest+gradient_boosting+hist_gradient_boosting,equal_probability_average,0.8043478260869565,0.7974992197253433,0.8623595505617978,0.7326388888888888,0.7994791666666666,0.8115384615384615,0.8297297297297297,0.6029548368318403,0.88604088639201,0.8931368661754465,0.1348498805995797,0.425322143396504,-0.048911649157698425,1.2307389915832203,211,77,49,307,644,svc;random_forest;gradient_boosting;hist_gradient_boosting,111.0,113.0,109.0,58.0,14.0,75.0,67.0,78.14285714285714
logistic_regression+knn+svc+random_forest+extra_trees+hist_gradient_boosting,equal_probability_average,0.8043478260869565,0.7974992197253433,0.8623595505617978,0.7326388888888888,0.7994791666666666,0.8115384615384615,0.8297297297297297,0.6029548368318403,0.8863334893882647,0.8919870880916458,0.1345219758932732,0.42499142048770444,-0.05832548413225476,1.2227552550789256,211,77,49,307,644,logistic_regression;knn;svc;random_forest;extra_trees;hist_gradient_boosting,111.0,113.0,109.0,47.0,53.0,55.0,61.0,78.42857142857143
logistic_regression+random_forest+hist_gradient_boosting,equal_probability_average,0.8074534161490683,0.8009714419475655,0.8623595505617978,0.7395833333333334,0.8036649214659686,0.8129770992366412,0.8319783197831978,0.609248123733385,0.8857092696629213,0.892011326480834,0.1351918987305732,0.4266249252452086,-0.04398066354187019,1.2280738330509953,213,75,49,307,644,logistic_regression;random_forest;hist_gradient_boosting,83.0,84.0,82.0,69.0,52.0,87.0,93.0,78.57142857142857
logistic_regression+knn,equal_probability_average,0.8074534161490683,0.8009714419475655,0.8623595505617978,0.7395833333333334,0.8036649214659686,0.8129770992366412,0.8319783197831978,0.609248123733385,0.8843340355805243,0.8874819997338903,0.13448295753139583,0.42404413845061173,-0.04340579143799297,1.1365262294297533,213,75,49,307,644,logistic_regression;knn,83.0,84.0,82.0,100.0,115.0,50.0,37.0,78.71428571428571
logistic_regression+random_forest+extra_trees,equal_probability_average,0.8105590062111802,0.8041120474406991,0.8651685393258427,0.7430555555555556,0.806282722513089,0.816793893129771,0.8346883468834688,0.6156055641327028,0.8834172128589264,0.8896136044621292,0.13594319016636494,0.42770281993963727,-0.04728986065733603,1.1721690313066826,214,74,48,308,644,logistic_regression;random_forest;extra_trees,40.5,41.5,39.5,110.0,110.0,110.0,100.0,78.78571428571429
random_forest+gradient_boosting,equal_probability_average,0.8074534161490683,0.8013030586766542,0.8595505617977528,0.7430555555555556,0.8052631578947368,0.8106060606060606,0.8315217391304348,0.6092015746517584,0.8851825842696629,0.8913304257773684,0.13517240282673665,0.42483963510907297,-0.0333215840895244,1.1716548718828337,214,74,50,306,644,random_forest;gradient_boosting,83.0,76.0,90.0,82.5,78.0,86.0,58.0,79.07142857142857
extra_trees+hist_gradient_boosting,equal_probability_average,0.8090062111801242,0.803370786516854,0.8567415730337079,0.75,0.8090185676392573,0.8089887640449438,0.8321964529331515,0.6123485450072015,0.883231897627965,0.8930891633965813,0.13791478513529673,0.43522778608949203,-0.05806598808985935,1.3067673266335211,216,72,51,305,644,extra_trees;hist_gradient_boosting,62.0,52.5,75.5,111.0,16.0,118.0,119.0,79.14285714285714
logistic_regression+knn+random_forest+extra_trees,equal_probability_average,0.8090062111801242,0.802375936329588,0.8651685393258427,0.7395833333333334,0.804177545691906,0.8160919540229885,0.8335588633288228,0.6124615428791857,0.8848022003745318,0.8886375903935657,0.1351459896374962,0.4260905671433395,-0.05134349641004057,1.174521844560211,213,75,48,308,644,logistic_regression;knn;random_forest;extra_trees,62.0,66.5,54.5,93.0,112.0,85.0,85.0,79.71428571428571
logistic_regression+knn+svc,equal_probability_average,0.8059006211180124,0.7989037141073658,0.8651685393258427,0.7326388888888888,0.8,0.8146718146718147,0.8313090418353576,0.6061809768749261,0.8846071317103621,0.8897652464133301,0.1343199509070471,0.4234050637995183,-0.05017192608790014,1.142471267112251,211,77,48,308,644,logistic_regression;knn;svc,100.5,104.5,95.5,97.5,109.0,42.0,22.0,81.57142857142857
svc+random_forest+extra_trees,equal_probability_average,0.8090062111801242,0.802375936329588,0.8651685393258427,0.7395833333333334,0.804177545691906,0.8160919540229885,0.8335588633288228,0.6124615428791857,0.8830368289637952,0.8918933289973755,0.1362631760536585,0.4283445107695069,-0.054932524988721795,1.1700258802643446,213,75,48,308,644,svc;random_forest;extra_trees,62.0,66.5,54.5,113.0,57.0,113.0,107.0,81.85714285714286
logistic_regression+knn+random_forest,equal_probability_average,0.8074534161490683,0.8013030586766542,0.8595505617977528,0.7430555555555556,0.8052631578947368,0.8106060606060606,0.8315217391304348,0.6092015746517584,0.8848704744069912,0.8879981983139843,0.13485504251300112,0.4245323041587531,-0.04291474611161599,1.140640592649859,214,74,50,306,644,logistic_regression;knn;random_forest,83.0,76.0,90.0,92.0,114.0,76.0,45.0,82.28571428571429
knn+random_forest+extra_trees,equal_probability_average,0.8105590062111802,0.8041120474406991,0.8651685393258427,0.7430555555555556,0.806282722513089,0.816793893129771,0.8346883468834688,0.6156055641327028,0.8826661985018727,0.8863495367101712,0.13613879767903503,0.4290624649159729,-0.05277601262653936,1.170499057910369,214,74,48,308,644,knn;random_forest;extra_trees,40.5,41.5,39.5,117.0,117.0,112.0,111.0,82.64285714285714
logistic_regression+knn+svc+extra_trees,equal_probability_average,0.8059006211180124,0.7992353308364545,0.8623595505617978,0.7361111111111112,0.8015665796344648,0.8122605363984674,0.8308525033829499,0.6061002559684349,0.8852411048689139,0.8899812080660241,0.13447291409318002,0.42456217846470773,-0.058981037848796526,1.1830425795513222,212,76,49,307,644,logistic_regression;knn;svc;extra_trees,100.5,99.0,102.0,79.0,106.0,48.0,47.0,83.07142857142857
logistic_regression+knn+extra_trees,equal_probability_average,0.8074534161490683,0.8009714419475655,0.8623595505617978,0.7395833333333334,0.8036649214659686,0.8129770992366412,0.8319783197831978,0.609248123733385,0.885143570536829,0.8882582480510219,0.1347315199672384,0.42572216075678093,-0.05629473487178751,1.189547294699122,213,75,49,307,644,logistic_regression;knn;extra_trees,83.0,84.0,82.0,86.0,113.0,67.0,74.0,84.14285714285714
logistic_regression+knn+svc+random_forest,equal_probability_average,0.8059006211180124,0.7989037141073658,0.8651685393258427,0.7326388888888888,0.8,0.8146718146718147,0.8313090418353576,0.6061809768749261,0.8848802278401998,0.8901117655137845,0.13463881829257054,0.4238717203650237,-0.048097924773285915,1.144331536054721,211,77,48,308,644,logistic_regression;knn;svc;random_forest,100.5,104.5,95.5,91.0,104.0,62.0,32.0,84.21428571428571
knn+svc+random_forest+extra_trees+hist_gradient_boosting,equal_probability_average,0.8043478260869565,0.7974992197253433,0.8623595505617978,0.7326388888888888,0.7994791666666666,0.8115384615384615,0.8297297297297297,0.6029548368318403,0.8858750780274657,0.8923072733277284,0.13492205104062613,0.4262063246866573,-0.06150897244675096,1.2327084764084362,211,77,49,307,644,knn;svc;random_forest;extra_trees;hist_gradient_boosting,111.0,113.0,109.0,66.0,40.0,78.0,88.0,86.42857142857143
knn+svc+random_forest,equal_probability_average,0.8059006211180124,0.7989037141073658,0.8651685393258427,0.7326388888888888,0.8,0.8146718146718147,0.8313090418353576,0.6061809768749261,0.8846071317103621,0.8907358246951746,0.13482965256089313,0.42443366974702973,-0.052148601975532186,1.1463943962264387,211,77,48,308,644,knn;svc;random_forest,100.5,104.5,95.5,97.5,93.0,72.0,43.0,86.57142857142857
gradient_boosting+hist_gradient_boosting,equal_probability_average,0.8090062111801242,0.803370786516854,0.8567415730337079,0.75,0.8090185676392573,0.8089887640449438,0.8321964529331515,0.6123485450072015,0.8837683364544319,0.8912053923776286,0.1367923263766466,0.4311512564035957,-0.03241612561634687,1.2695911760328646,216,72,51,305,644,gradient_boosting;hist_gradient_boosting,62.0,52.5,75.5,106.0,81.0,115.0,115.0,86.71428571428571
logistic_regression+svc+random_forest+extra_trees,equal_probability_average,0.8074534161490683,0.800639825218477,0.8651685393258427,0.7361111111111112,0.8020833333333334,0.8153846153846154,0.8324324324324325,0.609320040997464,0.8841779806491886,0.8909287125188141,0.13537034458691136,0.42600486851999947,-0.05215381905059345,1.1702873612098061,212,76,48,308,644,logistic_regression;svc;random_forest;extra_trees,83.0,91.0,73.0,103.0,86.0,95.0,81.0,87.42857142857143
svc+extra_trees,equal_probability_average,0.8090062111801242,0.802375936329588,0.8651685393258427,0.7395833333333334,0.804177545691906,0.8160919540229885,0.8335588633288228,0.6124615428791857,0.8826954588014981,0.8905973181647413,0.13627440846114064,0.42920478404330914,-0.06443703325838265,1.1883701845994086,213,75,48,308,644,svc;extra_trees,62.0,66.5,54.5,116.0,97.0,114.0,113.0,89.0
logistic_regression+knn+svc+random_forest+extra_trees,equal_probability_average,0.8059006211180124,0.7989037141073658,0.8651685393258427,0.7326388888888888,0.8,0.8146718146718147,0.8313090418353576,0.6061809768749261,0.8851143102372034,0.8901639659606241,0.13483587048047807,0.4250173253590297,-0.05452164582639481,1.1729290289607734,211,77,48,308,644,logistic_regression;knn;svc;random_forest;extra_trees,100.5,104.5,95.5,87.5,103.0,74.0,62.0,89.57142857142857
extra_trees+gradient_boosting+hist_gradient_boosting,equal_probability_average,0.8027950310559007,0.7967579588014981,0.8539325842696629,0.7395833333333334,0.8021108179419525,0.8037735849056604,0.8272108843537415,0.5996682727287181,0.8860506398252185,0.8940923888082826,0.13578992177967744,0.42917031601824185,-0.05303384458630606,1.2987054611669726,213,75,52,304,644,extra_trees;gradient_boosting;hist_gradient_boosting,115.5,115.0,116.0,57.0,4.0,108.0,112.0,89.64285714285714
svc+random_forest+hist_gradient_boosting,equal_probability_average,0.8059006211180124,0.7989037141073658,0.8651685393258427,0.7326388888888888,0.8,0.8146718146718147,0.8313090418353576,0.6061809768749261,0.8847339263420724,0.8921534068823047,0.1354865689139867,0.426966471735591,-0.05335362199966681,1.2268567979796134,211,77,48,308,644,svc;random_forest;hist_gradient_boosting,100.5,104.5,95.5,94.0,47.0,99.0,95.0,90.78571428571429
svc+hist_gradient_boosting,equal_probability_average,0.8074534161490683,0.8009714419475655,0.8623595505617978,0.7395833333333334,0.8036649214659686,0.8129770992366412,0.8319783197831978,0.609248123733385,0.8837780898876405,0.8910778777429602,0.13581675734592769,0.42854255274187497,-0.058176770149079904,1.2613188216502882,213,75,49,307,644,svc;hist_gradient_boosting,83.0,84.0,82.0,105.0,83.0,109.0,108.0,93.42857142857143
svc+random_forest,equal_probability_average,0.8059006211180124,0.7989037141073658,0.8651685393258427,0.7326388888888888,0.8,0.8146718146718147,0.8313090418353576,0.6061809768749261,0.8829880617977528,0.8919236022325782,0.13578252413282016,0.42592234691016595,-0.04676169334543345,1.1299494275535096,211,77,48,308,644,svc;random_forest,100.5,104.5,95.5,114.0,55.0,107.0,78.0,93.5
logistic_regression+svc+extra_trees,equal_probability_average,0.8043478260869565,0.797830836454432,0.8595505617977528,0.7361111111111112,0.8010471204188482,0.8091603053435115,0.8292682926829268,0.6028906833340671,0.884626638576779,0.8914645433011017,0.13507046055581162,0.42575662854743646,-0.057299210588894006,1.1828628533273433,212,76,50,306,644,logistic_regression;svc;extra_trees,111.0,111.0,111.0,96.0,74.0,84.0,75.0,94.57142857142857
logistic_regression+svc+random_forest,equal_probability_average,0.8027950310559007,0.7954314918851435,0.8651685393258427,0.7256944444444444,0.7958656330749354,0.8132295719844358,0.82907133243607,0.599909835109873,0.8837195692883895,0.8911261007841422,0.13526430397339556,0.4248572294811866,-0.043051613020420494,1.1310208753922537,209,79,48,308,644,logistic_regression;svc;random_forest,115.5,116.0,112.0,107.0,82.0,89.0,59.0,97.21428571428571
random_forest+hist_gradient_boosting,equal_probability_average,0.8074534161490683,0.8016346754057428,0.8567415730337079,0.7465277777777778,0.8068783068783069,0.8082706766917294,0.8310626702997275,0.6091802097660765,0.8837000624219724,0.8908533844977983,0.13694423918450166,0.43127312698504666,-0.042261914207136965,1.2461235593953741,215,73,51,305,644,random_forest;hist_gradient_boosting,83.0,73.0,99.0,108.0,90.0,117.0,116.0,98.0
random_forest+gradient_boosting+hist_gradient_boosting,equal_probability_average,0.8012422360248447,0.795021847690387,0.8539325842696629,0.7361111111111112,0.8,0.803030303030303,0.8260869565217391,0.5965016583603,0.8852801186017478,0.891855665751777,0.13566740697325322,0.42768477966661106,-0.0394771883091238,1.2439099758161452,212,76,52,304,644,random_forest;gradient_boosting;hist_gradient_boosting,117.0,117.0,117.0,78.0,61.0,102.0,99.0,98.71428571428571
knn+random_forest,equal_probability_average,0.8059006211180124,0.7992353308364545,0.8623595505617978,0.7361111111111112,0.8015665796344648,0.8122605363984674,0.8308525033829499,0.6061002559684349,0.8840316791510612,0.88543109757906,0.1354792543016905,0.4263769214319011,-0.044941723524427796,1.1361609863872892,212,76,49,307,644,knn;random_forest,100.5,99.0,102.0,104.0,118.0,98.0,90.0,101.64285714285714
logistic_regression+svc,equal_probability_average,0.7996894409937888,0.7929541198501873,0.8567415730337079,0.7291666666666666,0.7963446475195822,0.8045977011494253,0.8254397834912043,0.5933776821469332,0.8826954588014984,0.8899547354382407,0.13526899234391235,0.4251247736005679,-0.042637358069855975,1.1170467371953308,210,78,51,305,644,logistic_regression;svc,118.0,118.0,118.0,115.0,108.0,90.0,64.0,104.42857142857143
logistic_regression+random_forest,equal_probability_average,0.796583850931677,0.7901451310861423,0.851123595505618,0.7291666666666666,0.7952755905511811,0.7984790874524715,0.8222523744911805,0.5869838649952485,0.8831441167290887,0.8903841060421682,0.1357442879037891,0.42598758020894295,-0.03403405838479437,1.1225448059716403,210,78,53,303,644,logistic_regression;random_forest,119.0,119.0,119.0,112.0,101.0,105.0,80.0,107.85714285714286
random_forest+extra_trees,equal_probability_average,0.8043478260869565,0.7984940699126093,0.8539325842696629,0.7430555555555556,0.8042328042328042,0.8045112781954887,0.8283378746594006,0.6028374552053614,0.8794963327091135,0.8864902021531129,0.13822690920311795,0.4338144987946112,-0.04520144075474791,1.156046020622106,214,74,52,304,644,random_forest;extra_trees,111.0,108.0,115.0,119.0,116.0,119.0,118.0,115.14285714285714
