model_a,model_b,a_correct_b_wrong,a_wrong_b_correct,discordant_pairs,exact_mcnemar_p,holm_adjusted_p
constrained_weighted_blend,equal_average_selected,4,2,6,0.6875,1.0
constrained_weighted_blend,extra_trees,13,9,22,0.5234670639038086,1.0
constrained_weighted_blend,gradient_boosting,6,7,13,1.0,1.0
constrained_weighted_blend,hist_gradient_boosting,9,6,15,0.6072387695312499,1.0
constrained_weighted_blend,knn,4,2,6,0.6875,1.0
constrained_weighted_blend,logistic_probability_stack,2,0,2,0.5,1.0
constrained_weighted_blend,logistic_regression,5,3,8,0.7265625,1.0
constrained_weighted_blend,original_equal_soft_vote,1,2,3,1.0,1.0
constrained_weighted_blend,random_forest,9,2,11,0.0654296875,1.0
constrained_weighted_blend,svc,2,5,7,0.453125,1.0
equal_average_selected,extra_trees,11,9,20,0.8238029479980469,1.0
equal_average_selected,gradient_boosting,6,9,15,0.6072387695312499,1.0
equal_average_selected,hist_gradient_boosting,9,8,17,1.0,1.0
equal_average_selected,knn,6,6,12,1.0,1.0
equal_average_selected,logistic_probability_stack,3,3,6,1.0,1.0
equal_average_selected,logistic_regression,4,4,8,1.0,1.0
equal_average_selected,original_equal_soft_vote,2,5,7,0.453125,1.0
equal_average_selected,random_forest,5,0,5,0.0625,1.0
equal_average_selected,svc,2,7,9,0.1796875,1.0
extra_trees,gradient_boosting,12,17,29,0.45825831964612007,1.0
extra_trees,hist_gradient_boosting,15,16,31,1.0,1.0
extra_trees,knn,10,12,22,0.8318119049072266,1.0
extra_trees,logistic_probability_stack,10,12,22,0.8318119049072266,1.0
extra_trees,logistic_regression,13,15,28,0.8505540192127228,1.0
extra_trees,original_equal_soft_vote,9,14,23,0.4048728942871094,1.0
extra_trees,random_forest,12,9,21,0.6636238098144531,1.0
extra_trees,svc,9,16,25,0.2295229434967041,1.0
gradient_boosting,hist_gradient_boosting,9,5,14,0.4239501953125,1.0
gradient_boosting,knn,11,8,19,0.6476058959960938,1.0
gradient_boosting,logistic_probability_stack,7,4,11,0.548828125,1.0
gradient_boosting,logistic_regression,11,8,19,0.6476058959960938,1.0
gradient_boosting,original_equal_soft_vote,8,8,16,1.0,1.0
gradient_boosting,random_forest,13,5,18,0.09625244140625,1.0
gradient_boosting,svc,9,11,20,0.8238029479980469,1.0
hist_gradient_boosting,knn,10,11,21,1.0,1.0
hist_gradient_boosting,logistic_probability_stack,6,7,13,1.0,1.0
hist_gradient_boosting,logistic_regression,9,10,19,1.0,1.0
hist_gradient_boosting,original_equal_soft_vote,7,11,18,0.480682373046875,1.0
hist_gradient_boosting,random_forest,12,8,20,0.5034446716308594,1.0
hist_gradient_boosting,svc,7,13,20,0.26317596435546875,1.0
knn,logistic_probability_stack,4,4,8,1.0,1.0
knn,logistic_regression,5,5,10,1.0,1.0
knn,original_equal_soft_vote,1,4,5,0.375,1.0
knn,random_forest,10,5,15,0.30175781249999994,1.0
knn,svc,3,8,11,0.2265625,1.0
logistic_probability_stack,logistic_regression,4,4,8,1.0,1.0
logistic_probability_stack,original_equal_soft_vote,1,4,5,0.375,1.0
logistic_probability_stack,random_forest,8,3,11,0.2265625,1.0
logistic_probability_stack,svc,2,7,9,0.1796875,1.0
logistic_regression,original_equal_soft_vote,3,6,9,0.5078125,1.0
logistic_regression,random_forest,8,3,11,0.2265625,1.0
logistic_regression,svc,2,7,9,0.1796875,1.0
original_equal_soft_vote,random_forest,10,2,12,0.03857421875,1.0
original_equal_soft_vote,svc,2,4,6,0.6875,1.0
random_forest,svc,2,12,14,0.012939453125,0.711669921875
