feature_set,model,best_parameters,grid_refit_metric,best_mean_cv_roc_auc,accuracy,balanced_accuracy,sensitivity,specificity,precision,npv,f1,mcc,roc_auc,average_precision,brier,log_loss,rank_roc_auc,rank_average_precision,rank_balanced_accuracy,rank_f1,rank_sensitivity,rank_brier,rank_log_loss,composite_rank
noninvasive12,knn,"{""model__n_neighbors"": 50, ""model__p"": 1, ""model__weights"": ""distance""}",roc_auc,0.8832846240581217,0.8152173913043478,0.810646847690387,0.8539325842696629,0.7673611111111112,0.8194070080862533,0.8095238095238095,0.8363136176066025,0.6251005933542277,0.8760436173533084,0.8831659360923728,0.13911731214201106,0.4375053659664991,3.0,2.0,1.0,1.0,4.5,1.0,3.0,2.2142857142857144
noninvasive12,logistic_regression,"{""model__C"": 0.1, ""model__penalty"": ""l2"", ""model__solver"": ""liblinear""}",roc_auc,0.8824911220363789,0.8027950310559007,0.7967579588014981,0.8539325842696629,0.7395833333333334,0.8021108179419525,0.8037735849056604,0.8272108843537415,0.5996682727287181,0.8780528245942572,0.879280281087326,0.13912471901877704,0.4369708887125247,1.0,4.0,2.0,3.0,4.5,2.0,2.0,2.642857142857143
noninvasive12,svc,"{""model__C"": 1.0, ""model__gamma"": ""auto"", ""model__kernel"": ""rbf""}",roc_auc,0.8841495332146133,0.796583850931677,0.7884870474406991,0.8651685393258427,0.7118055555555556,0.7877237851662404,0.8102766798418972,0.8246318607764391,0.5873932047927738,0.877292056803995,0.8798371766479849,0.13913723457078211,0.4350610819326449,2.0,3.0,5.0,4.0,2.0,3.0,1.0,2.857142857142857
noninvasive12,random_forest,"{""model__criterion"": ""gini"", ""model__max_depth"": 4, ""model__max_features"": ""sqrt"", ""model__n_estimators"": 300}",roc_auc,0.8843918488412494,0.8027950310559007,0.7960947253433208,0.8595505617977528,0.7326388888888888,0.7989556135770235,0.8084291187739464,0.8281461434370772,0.5997389690576841,0.8758095349563045,0.8841879815877053,0.14423938532893135,0.4524474215905165,4.0,1.0,3.0,2.0,3.0,4.0,4.0,3.0
noninvasive12,decision_tree,"{""model__criterion"": ""entropy"", ""model__max_depth"": 3, ""model__max_features"": null, ""model__splitter"": ""random""}",roc_auc,0.8297433437757687,0.7639751552795031,0.7503706304619226,0.8792134831460674,0.6215277777777778,0.7417061611374408,0.8063063063063063,0.8046272493573264,0.523843921363768,0.8286711922596753,0.829834143207339,0.16342848998600773,0.4996426408151504,6.0,6.0,7.0,6.0,1.0,5.0,5.0,5.142857142857143
noninvasive12,gaussian_nb,"{""model__var_smoothing"": 1e-11}",roc_auc,0.872776201471787,0.7996894409937888,0.7959386704119851,0.8314606741573034,0.7604166666666666,0.810958904109589,0.7849462365591398,0.8210818307905686,0.5938878261442484,0.8681823501872659,0.8777362381197686,0.17687908686787954,1.1851845997563013,5.0,5.0,4.0,5.0,6.0,6.0,7.0,5.428571428571429
noninvasive12,ann_original_12_6_3,"{""model__alpha"": 0.0001, ""model__learning_rate_init"": 0.001}",roc_auc,0.8260505274708005,0.7577639751552795,0.7547011548064919,0.7837078651685393,0.7256944444444444,0.7793296089385475,0.7307692307692307,0.7815126050420168,0.5097504556918467,0.8265595739700375,0.8160646098422215,0.1775779966739035,0.5359853820411397,7.0,7.0,6.0,7.0,7.0,7.0,6.0,6.714285714285714
noninvasive12,ann_deep,"{""model__alpha"": 0.001, ""model__learning_rate_init"": 0.001}",roc_auc,0.8644967844304517,0.7981366459627329,0.7948657927590512,0.8258426966292135,0.7638888888888888,0.8121546961325967,0.7801418439716312,0.8189415041782729,0.5910126713468609,0.8632958801498127,0.8386482415987258,0.16236670919428495,0.4992140571306415,,,,,,,,
noninvasive12,ann_shallow,"{""model__alpha"": 0.001, ""model__learning_rate_init"": 0.001}",roc_auc,0.8010766927301525,0.7391304347826086,0.727898720349563,0.8342696629213483,0.6215277777777778,0.7315270935960592,0.7521008403361344,0.7795275590551181,0.4695065223582095,0.8095349563046192,0.8283503931754528,0.17880057915870629,0.5356187691433758,,,,,,,,
