held_out_cohort,method,components,accuracy,balanced_accuracy,roc_auc,brier,log_loss
cleveland,none,knn;logistic_regression;svc,0.8249594813614263,0.8056023634971003,0.8760039391618338,0.13143444682070807,0.4216465373127252
cleveland,sigmoid,knn;logistic_regression;svc,0.813614262560778,0.7927782033045191,0.8696903381113907,0.1343900050797367,0.4277169803603972
cleveland,isotonic,knn;logistic_regression;svc,0.8055105348460292,0.7799649852281432,0.8664241164241165,0.13561488079697626,0.4848359330033455
hungarian,none,knn;logistic_regression;svc,0.8115015974440895,0.7744828583827571,0.8529081218217628,0.13746281921818607,0.4370215640662883
hungarian,sigmoid,knn;logistic_regression;svc,0.8130990415335463,0.7747220954945532,0.8585830486597158,0.13641803950565515,0.43426641435456814
hungarian,isotonic,knn;logistic_regression;svc,0.8130990415335463,0.7747220954945532,0.8544659448753186,0.13802657953580016,0.44018119149338314
switzerland,none,knn;logistic_regression;svc,0.8193224592220828,0.8193277575543827,0.8932120769356726,0.13073490546812266,0.414578162937431
switzerland,sigmoid,knn;logistic_regression;svc,0.8155583437892095,0.8154923102114849,0.8960146616115177,0.12945254893840577,0.4109131777324822
switzerland,isotonic,knn;logistic_regression;svc,0.8168130489335006,0.8169597309518711,0.892730284289151,0.12979153773186167,0.4526223450629898
va_long_beach,none,knn;logistic_regression;svc,0.8305555555555556,0.8305555555555555,0.9054552469135803,0.1229096864971474,0.3919740856637208
va_long_beach,sigmoid,knn;logistic_regression;svc,0.8347222222222223,0.8347222222222221,0.9070679012345679,0.12133417521108517,0.3892752007730375
va_long_beach,isotonic,knn;logistic_regression;svc,0.8194444444444444,0.8194444444444444,0.9048881172839507,0.12321418066957426,0.4341679812085414
