accuracy,balanced_accuracy,sensitivity,specificity,precision,npv,f1,mcc,roc_auc,average_precision,brier,log_loss,calibration_intercept,calibration_slope,tn,fp,fn,tp,n,accuracy_ci_low,accuracy_ci_high,balanced_accuracy_ci_low,balanced_accuracy_ci_high,sensitivity_ci_low,sensitivity_ci_high,specificity_ci_low,specificity_ci_high,precision_ci_low,precision_ci_high,npv_ci_low,npv_ci_high,f1_ci_low,f1_ci_high,mcc_ci_low,mcc_ci_high,roc_auc_ci_low,roc_auc_ci_high,average_precision_ci_low,average_precision_ci_high,brier_ci_low,brier_ci_high,log_loss_ci_low,log_loss_ci_high,validation_scheme,cohort,model,training_n,training_target_0,training_target_1,target_0,target_1,selected_calibration
0.801980198019802,0.805557992630286,0.8489208633093526,0.7621951219512195,0.7515923566878981,0.8561643835616438,0.7972972972972973,0.609434048208953,0.8887962800491314,0.8792020394749949,0.1412073597189713,0.4446092810672845,-0.5327698566511471,1.2570871563699544,125,39,21,118,303,0.7557755775577558,0.8448844884488449,0.7595850149148973,0.8479415248289174,0.7841726618705036,0.9064748201438849,0.6951219512195121,0.823170731707317,0.7005988023952096,0.8064569892473118,0.8053691275167785,0.9051168869599526,0.7517241379310344,0.839350416829855,0.5191796512915159,0.6946975459541535,0.8481751184418319,0.924861817862783,0.8294213183359475,0.9229205708590147,0.12050592999302663,0.16376937762812452,0.3919651086943836,0.502831208061533,leave_one_cohort_out,cleveland,knn,617.0,247.0,370.0,164,139,none
0.801980198019802,0.8050096508159326,0.841726618705036,0.7682926829268293,0.7548387096774194,0.8513513513513513,0.7959183673469388,0.6081016672275685,0.8869538515529041,0.8836077676488437,0.14093592549600303,0.43856118526772714,-0.45606002026995884,1.2506049052733839,126,38,22,117,303,0.759075907590759,0.8448844884488449,0.7609810931742411,0.8482409194595544,0.7769784172661871,0.8992805755395683,0.7012195121951219,0.8292682926829268,0.7047974793912491,0.8082264645875837,0.8025458048281828,0.9000165562913907,0.75,0.8395904436860068,0.521066950295537,0.6952021564332085,0.8508948938410247,0.9217856202842604,0.8458371147889205,0.920341608613411,0.119986813836365,0.16186285273128062,0.387353950323984,0.4903464964511879,leave_one_cohort_out,cleveland,logistic_regression,617.0,247.0,370.0,164,139,none
0.7854785478547854,0.790862432005615,0.8561151079136691,0.725609756097561,0.725609756097561,0.8561151079136691,0.7854785478547854,0.58172486401123,0.8859449026144938,0.8587334912028793,0.14214100452686534,0.44526448035188093,-0.43751935580850615,1.1583445308655733,119,45,20,119,303,0.735973597359736,0.8316831683168316,0.7434856992454817,0.8357387260922969,0.7913669064748201,0.9136690647482014,0.6524390243902439,0.7926829268292683,0.6725096639904847,0.777795358649789,0.8030249679897566,0.9097744360902256,0.7388535031847133,0.8299319727891157,0.4882499925061143,0.6713383801999088,0.8458040884365678,0.9214873223372521,0.801947519954299,0.9112955920156973,0.12028499503646944,0.16628407447778515,0.38892696202852717,0.507264482838154,leave_one_cohort_out,cleveland,svc,617.0,247.0,370.0,164,139,none
0.7953795379537953,0.8011054570977365,0.8705035971223022,0.7317073170731707,0.7333333333333333,0.8695652173913043,0.7960526315789473,0.602554634368544,0.8923934023512897,0.8790489067990133,0.13910645350260076,0.43708241351934474,-0.4975463959692955,1.2890690862907683,120,44,18,121,303,0.7523927392739274,0.8415841584158416,0.7562291630110546,0.845433409370065,0.8129496402877698,0.920863309352518,0.6646341463414634,0.7987804878048781,0.6857142857142857,0.7875,0.8206760109154055,0.9197153284671532,0.7533311688311688,0.8378489876014628,0.5149948154678947,0.6889653883599742,0.8519915774697315,0.9290226355500965,0.8290445217101082,0.9263522316737286,0.11778251661452055,0.16103555932498548,0.38345654138268115,0.4922169422006196,leave_one_cohort_out,cleveland,soft_voting,617.0,247.0,370.0,164,139,none
0.7755102040816326,0.8121236451224407,0.9433962264150944,0.6808510638297872,0.625,0.9552238805970149,0.7518796992481203,0.6018331871856656,0.9078181453231633,0.8563540412424698,0.15806600326318399,0.4846635943773044,-1.4926476376874325,1.5688348120011193,128,60,6,100,294,0.7278911564625851,0.8197278911564626,0.7713706844640706,0.8502107587314331,0.8962264150943396,0.9811320754716981,0.6117021276595744,0.7446808510638298,0.5766817033561891,0.6758620689655173,0.9214285714285714,0.9848513328776487,0.7104177158524985,0.7936507936507936,0.5261605190401673,0.6733904585618423,0.8698288839823364,0.9440987555198715,0.7898810093753796,0.9182355728149169,0.13602918649191223,0.1811195939183878,0.4314148830252409,0.540429495838624,leave_one_cohort_out,hungarian,knn,626.0,223.0,403.0,188,106,sigmoid
0.8129251700680272,0.8352067442794059,0.9150943396226415,0.7553191489361702,0.6783216783216783,0.9403973509933775,0.7791164658634538,0.6440478110209119,0.9027498996386993,0.8592310752667691,0.15007651070539857,0.4669166266805512,-1.2961263124190956,1.2992015483312866,142,46,9,97,294,0.7687074829931972,0.8537414965986394,0.7942091529506223,0.873896025692493,0.8584905660377359,0.9622641509433962,0.6914893617021277,0.8138297872340425,0.625,0.7348484848484849,0.9038403614457832,0.9731543624161074,0.7346938775510204,0.823045267489712,0.5659066317427746,0.7186656748302428,0.8626530509835407,0.9369806302689683,0.8057388362730904,0.9067364971724763,0.12861151505036897,0.17309601896002302,0.4123497693611837,0.5259915360830968,leave_one_cohort_out,hungarian,logistic_regression,626.0,223.0,403.0,188,106,sigmoid
0.7755102040816326,0.80800883179446,0.9245283018867925,0.6914893617021277,0.6282051282051282,0.9420289855072463,0.7480916030534351,0.5926839684248222,0.8814733038940185,0.7941587299416176,0.16403850278866525,0.5043792147562919,-1.2313648547276386,1.2147338028513324,130,58,8,98,294,0.7278911564625851,0.8197278911564626,0.7669874046567643,0.8469577980730629,0.8773584905660378,0.9716981132075472,0.6276595744680851,0.7553191489361702,0.5792682926829268,0.6830985915492958,0.9054054054054054,0.9772727272727273,0.7054545454545454,0.7905138339920948,0.516380519935768,0.6671755342461141,0.837206443195504,0.920267964672822,0.7196970935231654,0.8760192453600959,0.14177705015559183,0.18849549109770475,0.44549752972871776,0.5696677282180083,leave_one_cohort_out,hungarian,svc,626.0,223.0,403.0,188,106,sigmoid
0.7959183673469388,0.8260236852669611,0.9339622641509434,0.7180851063829787,0.6513157894736842,0.9507042253521126,0.7674418604651163,0.6265345702161642,0.9011441188277801,0.8434878201994783,0.15434950138227352,0.4785064591076474,-1.3621810525619975,1.4347410121326494,135,53,7,99,294,0.7517006802721088,0.8435374149659864,0.7844239261340827,0.8673875953432355,0.8773584905660378,0.9811320754716981,0.6542553191489362,0.7819148936170213,0.6024096385542169,0.7092198581560284,0.9130361832506565,0.9849624060150376,0.7237354085603113,0.8142364210123676,0.5496249626185153,0.7060309817324012,0.8578369630670414,0.9384822862304295,0.7778891158644885,0.9070625094858559,0.1313413347101558,0.17789948251330848,0.4223615193290021,0.537623793640036,leave_one_cohort_out,hungarian,soft_voting,626.0,223.0,403.0,188,106,sigmoid
0.7317073170731707,0.6820652173913043,0.7391304347826086,0.625,0.9659090909090909,0.14285714285714285,0.8374384236453202,0.19901029116848595,0.7108695652173913,0.9658683862018232,0.18192902099821795,0.5415468838068045,2.5069234791759607,0.6527135528544529,5,3,30,85,123,0.6504065040650406,0.8048780487804879,0.5032608695652174,0.8418478260869565,0.6521739130434783,0.8173913043478261,0.25,0.875,0.9354838709677419,0.9893645016797312,0.06666666666666667,0.21875,0.7794871794871795,0.8878504672897196,0.003745029431365691,0.3784354395580986,0.4869021739130435,0.8934782608695652,0.9286420294465176,0.9913135371032266,0.1442893038341916,0.22269353387353608,0.44931330286037646,0.640065610456188,leave_one_cohort_out,switzerland,knn,797.0,403.0,394.0,8,115,sigmoid
0.6829268292682927,0.5978260869565217,0.6956521739130435,0.5,0.9523809523809523,0.10256410256410256,0.8040201005025126,0.10368278278369857,0.7141304347826087,0.970574471972214,0.19430510131226264,0.5645389538717155,2.602061083218124,0.7220425124146519,4,4,35,80,123,0.6016260162601627,0.7642276422764228,0.41891304347826086,0.7766304347826087,0.6173913043478261,0.782608695652174,0.125,0.875,0.92,0.9873417721518988,0.02939075630252101,0.17142857142857143,0.7461139896373057,0.8599033816425121,-0.08940047764126911,0.2967551298382999,0.5107608695652174,0.8945923913043476,0.945868996055401,0.9913091607482203,0.15737936353073376,0.23112466555445133,0.4742512844198879,0.6541304451677272,leave_one_cohort_out,switzerland,logistic_regression,797.0,403.0,394.0,8,115,sigmoid
0.6991869918699187,0.6065217391304347,0.7130434782608696,0.5,0.9534883720930233,0.10810810810810811,0.8159203980099502,0.11455447782900419,0.7043478260869565,0.9702358557169526,0.1884885290305528,0.5513578994870078,2.5369039170331154,0.6630748739535147,4,4,33,82,123,0.6178861788617886,0.7804878048780488,0.4190217391304348,0.7896739130434782,0.6260869565217392,0.7913043478260869,0.125,0.875,0.9213483146067416,0.9878048780487805,0.029411764705882353,0.1935483870967742,0.7564766839378239,0.8708133971291866,-0.08930132297585563,0.3162324874902806,0.5021195652173912,0.8880706521739128,0.9466769108828118,0.9905548400813733,0.1514053011478978,0.22845796480315864,0.4624252233842234,0.6463150161976585,leave_one_cohort_out,switzerland,svc,797.0,403.0,394.0,8,115,sigmoid
0.6991869918699187,0.6065217391304347,0.7130434782608696,0.5,0.9534883720930233,0.10810810810810811,0.8159203980099502,0.11455447782900419,0.7152173913043478,0.9703779576711038,0.1858722267334988,0.5462697253968538,2.5400322478500725,0.7106555301345565,4,4,33,82,123,0.6178861788617886,0.7804878048780488,0.4336548913043478,0.7896739130434782,0.6260869565217392,0.7913043478260869,0.125,0.875,0.9238921404682274,0.9878048780487805,0.034482758620689655,0.18524305555555523,0.7539267015706806,0.8708133971291866,-0.06890080441125507,0.3095524955670464,0.5032608695652174,0.8989130434782608,0.9432202552338742,0.9918403203790798,0.1477483232979021,0.22466861996245666,0.45387455332313537,0.6395068523709445,leave_one_cohort_out,switzerland,soft_voting,797.0,403.0,394.0,8,115,sigmoid
0.76,0.6325832346361364,0.8926174496644296,0.37254901960784315,0.806060606060606,0.5428571428571428,0.8471337579617835,0.30417312101326244,0.7198315567837874,0.8556310036872998,0.17114647268171318,0.5210449043589442,0.39881906238171666,0.628846062952568,19,32,16,133,200,0.71,0.81,0.5664643374128175,0.7048361626529805,0.8389261744966443,0.9395973154362416,0.2549019607843137,0.5098039215686274,0.7743807702907538,0.8424252801992528,0.40625,0.6944444444444444,0.8141025641025641,0.8789808917197452,0.16000058582303545,0.4582320594356348,0.6387616791683115,0.8014376891696274,0.8048613439929503,0.9136849549320858,0.14196478708129714,0.19728642660433987,0.44840702152760625,0.5895917678714461,leave_one_cohort_out,va_long_beach,knn,720.0,360.0,360.0,51,149,sigmoid
0.755,0.6227793130675089,0.8926174496644296,0.35294117647058826,0.8012048192771084,0.5294117647058824,0.8444444444444444,0.28493113929564795,0.7253585998157652,0.8663106785769785,0.16669854534353987,0.5117685014206964,0.3240628658959527,0.685922040559462,18,33,16,133,200,0.705,0.805,0.5536123174101856,0.6981181734438742,0.8389261744966443,0.9395973154362416,0.21568627450980393,0.49019607843137253,0.7687852239884393,0.8375040584415584,0.3793103448275862,0.6857589285714283,0.810126582278481,0.8769716088328076,0.12302783802769672,0.4376933212034341,0.6392880642189762,0.8043295170417161,0.8171805247236674,0.9176238583571961,0.1416355201038905,0.19301560594524764,0.44572922442365037,0.5851859647802504,leave_one_cohort_out,va_long_beach,logistic_regression,720.0,360.0,360.0,51,149,sigmoid
0.75,0.6323200421108041,0.87248322147651,0.39215686274509803,0.8074534161490683,0.5128205128205128,0.8387096774193549,0.29113110369126705,0.7199631530464535,0.872035532847121,0.16843730054242428,0.513029487753808,0.3850894929007288,0.6747209807480267,20,31,19,130,200,0.7,0.805,0.5634228187919462,0.7048361626529805,0.8186241610738255,0.9261744966442953,0.2549019607843137,0.5294117647058824,0.7738095238095238,0.8456375838926175,0.38631993006993004,0.6578947368421053,0.8026315789473685,0.8737864077669902,0.1436557825850822,0.44251378341488956,0.6333662323989998,0.8007665482300304,0.8232660068808173,0.9165439284239126,0.14131181092381095,0.19472779789642977,0.4435141680505062,0.5823104024721248,leave_one_cohort_out,va_long_beach,svc,720.0,360.0,360.0,51,149,sigmoid
0.755,0.6356757468087906,0.8791946308724832,0.39215686274509803,0.808641975308642,0.5263157894736842,0.842443729903537,0.301481823287061,0.7258849848664298,0.8734078758094885,0.16745904296348754,0.5103602718204063,0.3469207068751123,0.6889689423209698,20,31,18,131,200,0.7,0.805,0.566521910777734,0.7048295828398473,0.825503355704698,0.9261744966442953,0.2549019607843137,0.5294117647058824,0.7757575757575758,0.8451742333731581,0.3902439024390244,0.6666666666666666,0.8064516129032258,0.8745980707395499,0.15003215723072505,0.4476902729898064,0.6457395709961837,0.8040597447032505,0.8274877091667521,0.918398187760445,0.14081007964160103,0.19420690213885183,0.44176205706652155,0.5766494031424187,leave_one_cohort_out,va_long_beach,soft_voting,720.0,360.0,360.0,51,149,sigmoid
0.775,0.7652737345780811,0.8565815324165029,0.6739659367396593,0.7649122807017544,0.7914285714285715,0.8081556997219648,0.5432911108107026,0.8491818794544908,0.8585388167580514,0.15854760768842158,0.4869858222721092,-0.2390687076629548,1.0376740924560495,277,134,73,436,920,0.7478260869565218,0.8021739130434783,0.7372001061190541,0.7935339079058695,0.8231827111984283,0.8860510805500982,0.6277372262773723,0.7201946472019465,0.7392055267702936,0.7918968692449355,0.7542361045355553,0.8290598290598291,0.7857777705430394,0.8306836167530152,0.48836754168119995,0.5989013713726367,0.8238876619869121,0.8750856839659845,0.8274076978603518,0.8890098852989865,0.145062415374795,0.17237611061254615,0.453096694039443,0.5218776431354853,leave_one_cohort_out_pooled_predictions,all,knn,,,,411,509,fold_specific_training_only
0.7793478260869565,0.7722479552961534,0.8388998035363457,0.7055961070559611,0.7791970802919708,0.7795698924731183,0.8079470198675497,0.5515852895469874,0.8501092261435284,0.8675087696495876,0.15659273489433956,0.4803799119462648,-0.18966078432808312,1.0260153568934844,290,121,82,427,920,0.7532336956521739,0.8043478260869565,0.7451566451082462,0.7976567168103097,0.8055009823182712,0.8703339882121808,0.6618004866180048,0.7469586374695864,0.7522281639928698,0.804472484428177,0.7446156594528379,0.8157235549003842,0.7853793433777161,0.8295880149812734,0.4979941230058141,0.6028461937943357,0.8248942394562117,0.8737999464624593,0.8402718064376751,0.8927175227846905,0.14381082372586232,0.17005704379574205,0.44830756700503455,0.5152368588850089,leave_one_cohort_out_pooled_predictions,all,logistic_regression,,,,411,509,fold_specific_training_only
0.7630434782608696,0.7535313266315804,0.8428290766208252,0.6642335766423357,0.7566137566137566,0.773371104815864,0.7973977695167286,0.5183970775629547,0.8404342276970731,0.8503398249818134,0.16105173192472896,0.4930712455137319,-0.16576489871452466,0.9681532885570036,273,138,80,429,920,0.7369565217391304,0.7891304347826087,0.7264865630332842,0.7802499055922829,0.8094302554027505,0.8722986247544204,0.6180048661800487,0.708029197080292,0.7313607840793642,0.7822159977498141,0.735689080223053,0.8089913176710929,0.7745510994838068,0.8190298507462687,0.46465643678516777,0.5717746899271036,0.8146659400857555,0.863799779157644,0.8203322007150128,0.8788835332990755,0.1485715403561892,0.17491176889237006,0.4609072894833654,0.5279561292879857,leave_one_cohort_out_pooled_predictions,all,svc,,,,411,509,fold_specific_training_only
0.7739130434782608,0.7647598697890525,0.8506876227897839,0.6788321167883211,0.7663716814159292,0.7859154929577464,0.8063314711359404,0.540783654289473,0.8509218495308294,0.8645523020444229,0.1563935883680373,0.480847935719461,-0.21614966588031975,1.0610259599792913,279,132,76,433,920,0.7467391304347826,0.7989130434782609,0.7369216033537445,0.7909668545260732,0.8172888015717092,0.8821218074656189,0.6326034063260341,0.7226277372262774,0.7409948542024014,0.792489233419466,0.7473374704491726,0.8228621217924167,0.7829342172994657,0.8284677518658631,0.48465850207504746,0.5934201033940706,0.8256003852790884,0.8758654439074756,0.8361027164722803,0.8916693761250954,0.1426191824149486,0.17001180048483786,0.44805793183467774,0.5148912469406822,leave_one_cohort_out_pooled_predictions,all,soft_voting,,,,411,509,fold_specific_training_only
