feature_set,model_a,model_b,a_correct_b_wrong,a_wrong_b_correct,discordant_pairs,exact_mcnemar_p,holm_adjusted_p
full13,ann_deep,ann_original_12_6_3,14,21,35,0.31050465907901537,1.0
full13,ann_deep,ann_shallow,19,18,37,1.0,1.0
full13,ann_deep,decision_tree,34,20,54,0.0759047294891014,1.0
full13,ann_deep,gaussian_nb,19,19,38,1.0,1.0
full13,ann_deep,hard_voting_majority,14,18,32,0.5966148958541453,1.0
full13,ann_deep,knn,14,24,38,0.14330665429588407,1.0
full13,ann_deep,logistic_regression,15,18,33,0.7283324808813632,1.0
full13,ann_deep,random_forest,13,19,32,0.37708558747544885,1.0
full13,ann_deep,soft_voting_sigmoid,17,19,36,0.8679394004284404,1.0
full13,ann_deep,svc,14,17,31,0.720100131817162,1.0
full13,ann_original_12_6_3,ann_shallow,11,3,14,0.057373046875,1.0
full13,ann_original_12_6_3,decision_tree,32,11,43,0.001913961001264397,0.10143993306701304
full13,ann_original_12_6_3,gaussian_nb,13,6,19,0.1670684814453125,1.0
full13,ann_original_12_6_3,hard_voting_majority,10,7,17,0.629058837890625,1.0
full13,ann_original_12_6_3,knn,9,12,21,0.6636238098144531,1.0
full13,ann_original_12_6_3,logistic_regression,11,7,18,0.480682373046875,1.0
full13,ann_original_12_6_3,random_forest,11,10,21,1.0,1.0
full13,ann_original_12_6_3,soft_voting_sigmoid,10,5,15,0.30175781249999994,1.0
full13,ann_original_12_6_3,svc,10,6,16,0.454498291015625,1.0
full13,ann_shallow,decision_tree,29,16,45,0.07245426016254441,1.0
full13,ann_shallow,gaussian_nb,10,11,21,1.0,1.0
full13,ann_shallow,hard_voting_majority,1,6,7,0.125,1.0
full13,ann_shallow,knn,3,14,17,0.012725830078125,0.649017333984375
full13,ann_shallow,logistic_regression,2,6,8,0.2890625,1.0
full13,ann_shallow,random_forest,3,10,13,0.09228515625,1.0
full13,ann_shallow,soft_voting_sigmoid,1,4,5,0.375,1.0
full13,ann_shallow,svc,2,6,8,0.2890625,1.0
full13,decision_tree,gaussian_nb,13,27,40,0.03847730828420026,1.0
full13,decision_tree,hard_voting_majority,13,31,44,0.009559878856634896,0.4971137005450146
full13,decision_tree,knn,8,32,40,0.0001821658297558315,0.010019120636570733
full13,decision_tree,logistic_regression,14,31,45,0.016094360031274842,0.7886236415324672
full13,decision_tree,random_forest,9,29,38,0.0016580525261815637,0.08953483641380444
full13,decision_tree,soft_voting_sigmoid,13,29,42,0.019520472782460274,0.9369826935580932
full13,decision_tree,svc,13,30,43,0.0137181850586785,0.685909252933925
full13,gaussian_nb,hard_voting_majority,7,11,18,0.480682373046875,1.0
full13,gaussian_nb,knn,5,15,20,0.04138946533203125,1.0
full13,gaussian_nb,logistic_regression,7,10,17,0.629058837890625,1.0
full13,gaussian_nb,random_forest,8,14,22,0.28627872467041016,1.0
full13,gaussian_nb,soft_voting_sigmoid,10,12,22,0.8318119049072266,1.0
full13,gaussian_nb,svc,8,11,19,0.6476058959960938,1.0
full13,hard_voting_majority,knn,4,10,14,0.1795654296875,1.0
full13,hard_voting_majority,logistic_regression,1,0,1,1.0,1.0
full13,hard_voting_majority,random_forest,5,7,12,0.7744140625,1.0
full13,hard_voting_majority,soft_voting_sigmoid,4,2,6,0.6875,1.0
full13,hard_voting_majority,svc,1,0,1,1.0,1.0
full13,knn,logistic_regression,11,4,15,0.11846923828124999,1.0
full13,knn,random_forest,11,7,18,0.480682373046875,1.0
full13,knn,soft_voting_sigmoid,11,3,14,0.057373046875,1.0
full13,knn,svc,11,4,15,0.11846923828124999,1.0
full13,logistic_regression,random_forest,5,8,13,0.5810546875,1.0
full13,logistic_regression,soft_voting_sigmoid,4,3,7,1.0,1.0
full13,logistic_regression,svc,1,1,2,1.0,1.0
full13,random_forest,soft_voting_sigmoid,7,3,10,0.34375,1.0
full13,random_forest,svc,8,5,13,0.5810546875,1.0
full13,soft_voting_sigmoid,svc,3,4,7,1.0,1.0
