feature,grid_value,mean_predicted_probability,bootstrap_ci_low,bootstrap_ci_high
age,37.0,0.5056868433005088,0.46866353838890196,0.5431067989044774
age,38.63157894736842,0.5100707663066842,0.4727457188095709,0.5476949543857098
age,40.26315789473684,0.5145712190103158,0.47705062311758595,0.5521792567865927
age,41.89473684210526,0.5195342857274565,0.4818223769766294,0.5573604508397264
age,43.526315789473685,0.5254221477264274,0.48746353678938714,0.5633978460374416
age,45.1578947368421,0.5316346568576097,0.4934742146587249,0.5695877694989605
age,46.78947368421053,0.5387955918840195,0.5006781238248893,0.5768555289954623
age,48.421052631578945,0.5459007720253611,0.5078901523541733,0.5837085023905939
age,50.05263157894737,0.5527760740876404,0.5147397726665951,0.5909982858178966
age,51.68421052631579,0.5593780006646555,0.5213331918313293,0.5975561472909997
age,53.315789473684205,0.5662625252262072,0.5282668047564049,0.6044159139742116
age,54.94736842105263,0.574128185557582,0.5362766748205632,0.6125253482079974
age,56.578947368421055,0.5816666488549918,0.5439052540193532,0.6198983371958683
age,58.21052631578947,0.5887881637040724,0.5515696357992892,0.6267119652158842
age,59.84210526315789,0.59581780661948,0.5587906414723323,0.6333272168606068
age,61.473684210526315,0.6027369416521554,0.5661744856509393,0.6398437301318453
age,63.10526315789474,0.6093703353585272,0.5731572941134562,0.6462954098272736
age,64.73684210526315,0.6154090036351976,0.5795587083555963,0.6519152051321895
age,66.36842105263158,0.6212028022559795,0.5858292698828815,0.6573196098885659
age,68.0,0.6267462923771087,0.591628604836777,0.6625599023188382
oldpeak,0.0,0.5215093960325412,0.4850792451519687,0.5570776513970118
oldpeak,0.15789473684210525,0.5298094677346228,0.49329712106366547,0.5653136646353045
oldpeak,0.3157894736842105,0.5382761604063188,0.5018142190558997,0.5739608259063281
oldpeak,0.47368421052631576,0.546794323174313,0.5102686619420943,0.582606206486556
oldpeak,0.631578947368421,0.5552813343064097,0.5189207207734603,0.5914125908069061
oldpeak,0.7894736842105263,0.5637859453667126,0.5276811346870133,0.6001295750309419
oldpeak,0.9473684210526315,0.5724598738529171,0.5364133266049864,0.6090409928879092
oldpeak,1.1052631578947367,0.5811188446127121,0.5453538843854246,0.6176032672545001
oldpeak,1.263157894736842,0.5899353519017857,0.5539814700878235,0.6261705809235775
oldpeak,1.4210526315789473,0.5988346891504424,0.5629788352951423,0.635049230133519
oldpeak,1.5789473684210527,0.6076859096915662,0.5720291153755893,0.6438631118181002
oldpeak,1.7368421052631577,0.6165028026788262,0.5811944147420195,0.6526294516668375
oldpeak,1.894736842105263,0.6253879567072281,0.5907667295156235,0.661158135404108
oldpeak,2.052631578947368,0.6341252528927794,0.5999257518132199,0.6696110734205649
oldpeak,2.2105263157894735,0.6420370977386459,0.6080956958653535,0.6772280651387039
oldpeak,2.3684210526315788,0.6500040183712548,0.6165494680325871,0.6848613010744933
oldpeak,2.526315789473684,0.658297192034925,0.6252065507887712,0.6928747692489824
oldpeak,2.6842105263157894,0.6659983925178554,0.6333187905565038,0.7000991790083674
oldpeak,2.8421052631578947,0.6736420294022418,0.6414471279605442,0.7069810403144784
oldpeak,3.0,0.6813342808465925,0.6498023317636739,0.714252971757903
thalach,96.0,0.6569486123977846,0.6240161941191338,0.6907344065126871
thalach,100.42105263157895,0.6487753738971648,0.6152496937532457,0.6828107605197836
thalach,104.84210526315789,0.6409031670750215,0.6067568761142086,0.6754044954313764
thalach,109.26315789473685,0.6326137791072463,0.5981985853849715,0.6673429264852769
thalach,113.6842105263158,0.6241658891341446,0.5892410846492425,0.659225971123118
thalach,118.10526315789474,0.6148213013508715,0.5793138256551974,0.6501786041575751
thalach,122.52631578947368,0.6051068455714432,0.5693656264396857,0.6409882758492997
thalach,126.94736842105263,0.595035000083747,0.5588227294088302,0.6312334421131578
thalach,131.3684210526316,0.5845948111611864,0.5480530907864094,0.6210235404518303
thalach,135.78947368421052,0.5745340728674627,0.5377383261643065,0.6113104124868106
thalach,140.21052631578948,0.5643264417737007,0.5276871135317496,0.6011129471560934
thalach,144.63157894736844,0.5547697234606714,0.5181942777183975,0.59162886595574
thalach,149.05263157894737,0.5460031951973471,0.5095707615055952,0.5826291891229279
thalach,153.47368421052633,0.5369864130165795,0.5004727108533606,0.5736097701237812
thalach,157.89473684210526,0.5281716707008306,0.4917670838001569,0.5646847761771762
thalach,162.31578947368422,0.5192937624483991,0.48279072583514787,0.5558790834407679
thalach,166.73684210526318,0.5106835416673783,0.47402971649550846,0.5471444338077144
thalach,171.1578947368421,0.5028831056600565,0.4663243188145929,0.539071432011742
thalach,175.57894736842104,0.49561042079729856,0.45937648061254377,0.5315065035716615
thalach,180.0,0.4883062713046447,0.45253552460430607,0.5239017566446744
