feature,interval,n
age,"(28.999, 40.0]",32
age,"(40.0, 45.0]",27
age,"(45.0, 48.5]",24
age,"(48.5, 51.0]",29
age,"(51.0, 54.0]",32
age,"(54.0, 56.0]",22
age,"(56.0, 59.0]",34
age,"(59.0, 61.0]",22
age,"(61.0, 65.0]",28
age,"(65.0, 77.0]",26
oldpeak,"(-0.801, 0.0]",103
oldpeak,"(0.0, 0.08]",0
oldpeak,"(0.08, 0.75]",26
oldpeak,"(0.75, 1.0]",34
oldpeak,"(1.0, 1.5]",31
oldpeak,"(1.5, 2.0]",32
oldpeak,"(2.0, 2.5]",8
oldpeak,"(2.5, 4.2]",24
thalach,"(66.999, 103.0]",28
thalach,"(103.0, 116.4]",25
thalach,"(116.4, 122.0]",30
thalach,"(122.0, 130.0]",27
thalach,"(130.0, 140.0]",28
thalach,"(140.0, 145.0]",21
thalach,"(145.0, 155.0]",27
thalach,"(155.0, 162.0]",25
thalach,"(162.0, 172.0]",28
thalach,"(172.0, 192.0]",24
