,age,sex,cp,trestbps,chol,fbs,restecg,thalach,exang,oldpeak,slope,ca,thal,target
age,1.0,0.05688935089674168,0.1662452782357824,0.2530416286022208,0.08332607280939099,0.23372562002075625,0.21271923867791856,-0.3657782096052745,0.20162551719135768,0.2582429297187728,0.1550320391831548,0.3704162312063553,0.1372981909879269,0.28269958016942276
sex,0.05688935089674168,1.0,0.17039184835116258,0.005565014568539814,-0.09490867604145448,0.08919104856221971,-0.015612355934508545,-0.17932043512392015,0.18141982561367734,0.10392973270667237,0.1251540924027731,0.09412299378594621,0.3739268329913699,0.3072844284149242
cp,0.1662452782357824,0.17039184835116258,1.0,0.0235743031145706,0.09565001136719527,0.039837605824988735,0.031101291514293264,-0.34918934608891516,0.41938408833238966,0.2442446986814937,0.20298930388560366,0.21497520721262345,0.31315043193621916,0.4717118380930215
trestbps,0.2530416286022208,0.005565014568539814,0.0235743031145706,1.0,0.0887627183735035,0.16180244404110097,0.09571232658290302,-0.10242691371113642,0.15022300143528503,0.1715622940832111,0.0703361997787294,0.09370452172797344,0.10755462951550197,0.11695876323429519
chol,0.08332607280939099,-0.09490867604145448,0.09565001136719527,0.0887627183735035,1.0,0.05622843847416101,0.06524168211256301,-0.04718553131065701,0.08575515485517876,0.046960372028563305,0.032197720485994834,0.12779751676868575,-0.007909659596827111,0.11832674455402198
fbs,0.23372562002075625,0.08919104856221971,0.039837605824988735,0.16180244404110097,0.05622843847416101,1.0,0.1323468791068619,-0.05338582937675822,0.029176000149637244,0.05527737577357885,0.09214200528618889,0.14953893170916524,0.1058706422541154,0.14256458733797706
restecg,0.21271923867791856,-0.015612355934508545,0.031101291514293264,0.09571232658290302,0.06524168211256301,0.1323468791068619,1.0,0.05312047830800187,0.03233072515683364,0.11829713779105679,-0.014770594085537105,0.13915354402334473,-0.04008398048635896,0.06386680834327439
thalach,-0.3657782096052745,-0.17932043512392015,-0.34918934608891516,-0.10242691371113642,-0.04718553131065701,-0.05338582937675822,0.05312047830800187,1.0,-0.3564393960155794,-0.15117415428239456,-0.3606215142522334,-0.26409406896753085,-0.3273598064172989,-0.3945025626338031
exang,0.20162551719135768,0.18141982561367734,0.41938408833238966,0.15022300143528503,0.08575515485517876,0.029176000149637244,0.03233072515683364,-0.3564393960155794,1.0,0.3924923753558114,0.31942364433738024,0.1273851866010363,0.3407366625872454,0.4636191486920366
oldpeak,0.2582429297187728,0.10392973270667237,0.2442446986814937,0.1715622940832111,0.046960372028563305,0.05527737577357885,0.11829713779105679,-0.15117415428239456,0.3924923753558114,1.0,0.42118369018852914,0.28181657612019706,0.2543913450523064,0.3855276002656815
slope,0.1550320391831548,0.1251540924027731,0.20298930388560366,0.0703361997787294,0.032197720485994834,0.09214200528618889,-0.014770594085537105,-0.3606215142522334,0.31942364433738024,0.42118369018852914,1.0,0.10705362570649837,0.2903450882427927,0.3370857031993796
ca,0.3704162312063553,0.09412299378594621,0.21497520721262345,0.09370452172797344,0.12779751676868575,0.14953893170916524,0.13915354402334473,-0.26409406896753085,0.1273851866010363,0.28181657612019706,0.10705362570649837,1.0,0.2491408278265054,0.45559876408097943
thal,0.1372981909879269,0.3739268329913699,0.31315043193621916,0.10755462951550197,-0.007909659596827111,0.1058706422541154,-0.04008398048635896,-0.3273598064172989,0.3407366625872454,0.2543913450523064,0.2903450882427927,0.2491408278265054,1.0,0.4985212922737757
target,0.28269958016942276,0.3072844284149242,0.4717118380930215,0.11695876323429519,0.11832674455402198,0.14256458733797706,0.06386680834327439,-0.3945025626338031,0.4636191486920366,0.3855276002656815,0.3370857031993796,0.45559876408097943,0.4985212922737757,1.0
