feature,mean_auc_decrease,std_auc_decrease
cp,0.059285828152399175,0.012305650106992975
oldpeak,0.02321589882565494,0.006648700810936442
exang,0.017713481056379203,0.006203555491841294
thal,0.016746373346086425,0.007321979631886064
sex,0.010112120729050423,0.005685075145762457
thalach,0.006775067750677521,0.00569736445756368
age,0.005802646261756755,0.00499838772586772
slope,0.003472554333386485,0.00384940169538368
chol,0.003185610287475432,0.0029624720934495127
fbs,0.001628673149476595,0.0017939237161570915
trestbps,-0.0009006854774429917,0.001552812589515462
restecg,-0.0043413571390615805,0.0024470570803317216
