feature_set,n_estimators,oob_accuracy,oob_error
noninvasive12,10,0.765527950310559,0.23447204968944102
noninvasive12,25,0.7795031055900621,0.22049689440993792
noninvasive12,50,0.7981366459627329,0.20186335403726707
noninvasive12,100,0.8074534161490683,0.1925465838509317
noninvasive12,200,0.8136645962732919,0.1863354037267081
noninvasive12,300,0.8090062111801242,0.19099378881987583
noninvasive12,500,0.8090062111801242,0.19099378881987583
noninvasive12,700,0.8090062111801242,0.19099378881987583
noninvasive12,1000,0.8105590062111802,0.18944099378881984
