row_id,source_cohort,target,feature,feature_value,shap_value,baseline_probability,model_probability,n_permutations
hungarian_109,hungarian,0,age,39.0,-0.07083427411958391,0.5376446765845285,0.22062891384329492,64
hungarian_109,hungarian,0,sex,1.0,0.01776762270101192,0.5376446765845285,0.22062891384329492,64
hungarian_109,hungarian,0,cp,2.0,-0.21187820889355088,0.5376446765845285,0.22062891384329492,64
hungarian_109,hungarian,0,trestbps,190.0,0.021703423610967516,0.5376446765845285,0.22062891384329492,64
hungarian_109,hungarian,0,chol,241.0,-0.007749699758626524,0.5376446765845285,0.22062891384329492,64
hungarian_109,hungarian,0,fbs,0.0,-0.007963257835474006,0.5376446765845285,0.22062891384329492,64
hungarian_109,hungarian,0,restecg,0.0,-0.013341628103662982,0.5376446765845285,0.22062891384329492,64
hungarian_109,hungarian,0,thalach,106.0,0.09142879870051375,0.5376446765845285,0.22062891384329492,64
hungarian_109,hungarian,0,exang,0.0,-0.03605476025757297,0.5376446765845285,0.22062891384329492,64
hungarian_109,hungarian,0,oldpeak,0.0,-0.0616684766050543,0.5376446765845285,0.22062891384329492,64
hungarian_109,hungarian,0,slope,,-0.015374360992840628,0.5376446765845285,0.22062891384329492,64
hungarian_109,hungarian,0,thal,,-0.02305094118736063,0.5376446765845285,0.22062891384329492,64
