row_id,baseline_probability,model_probability,reconstructed_probability,additivity_error
cleveland_005,0.5825263634411457,0.0996853662005783,0.09968536620057827,-2.7755575615628914e-17
cleveland_054,0.5687028571620467,0.8687411446474975,0.8687411446474975,0.0
cleveland_094,0.5347177900017794,0.10326382794395797,0.10326382794395794,-2.7755575615628914e-17
cleveland_108,0.5635036615602669,0.9442110507862722,0.9442110507862722,0.0
cleveland_113,0.47165959553454595,0.902918253084259,0.9029182530842589,-1.1102230246251565e-16
cleveland_120,0.5746394217838928,0.7580635802011582,0.7580635802011582,0.0
cleveland_125,0.5581161077161908,0.07655394277979198,0.076553942779792,1.3877787807814457e-17
cleveland_126,0.5766418448900363,0.8872644250449231,0.8872644250449233,2.220446049250313e-16
cleveland_152,0.5418315323949149,0.6992121342391495,0.6992121342391495,0.0
cleveland_158,0.5918581143125095,0.8361003031393539,0.8361003031393541,2.220446049250313e-16
cleveland_184,0.5254722334548786,0.2655275514659598,0.26552755146595985,5.551115123125783e-17
cleveland_191,0.5694733569384163,0.9495029187051218,0.9495029187051218,0.0
cleveland_193,0.5595776945202033,0.781672674178445,0.781672674178445,0.0
cleveland_211,0.5276579876660675,0.7481891583672321,0.748189158367232,-1.1102230246251565e-16
cleveland_248,0.5392536492159032,0.5728663535157343,0.5728663535157342,-1.1102230246251565e-16
cleveland_256,0.4698612216474186,0.32019931329427004,0.32019931329427004,0.0
cleveland_257,0.5725269650049338,0.5068064803814473,0.5068064803814473,0.0
cleveland_258,0.5446458572199407,0.2067666041103207,0.20676660411032072,2.7755575615628914e-17
cleveland_271,0.5445898526240195,0.8033000947481621,0.8033000947481619,-2.220446049250313e-16
cleveland_288,0.58218045766748,0.217148200792245,0.21714820079224506,5.551115123125783e-17
cleveland_296,0.5334764203230192,0.8295371628128052,0.8295371628128052,0.0
cleveland_299,0.5597947966994784,0.9121045542577326,0.9121045542577328,2.220446049250313e-16
hungarian_019,0.6342465215932334,0.34553228990817514,0.3455322899081752,5.551115123125783e-17
hungarian_067,0.4977288460444202,0.09645712757502545,0.09645712757502534,-1.1102230246251565e-16
hungarian_070,0.5254074743311176,0.6557604159720273,0.6557604159720274,1.1102230246251565e-16
hungarian_108,0.5329003888997726,0.36625185434223917,0.3662518543422391,-5.551115123125783e-17
hungarian_109,0.5376446765845285,0.22062891384329492,0.22062891384329486,-5.551115123125783e-17
hungarian_118,0.5579739009486125,0.11885011369519716,0.1188501136951971,-5.551115123125783e-17
hungarian_148,0.5767354678623753,0.08739362604541426,0.08739362604541434,8.326672684688674e-17
hungarian_160,0.5278521066212952,0.870363662831869,0.8703636628318692,2.220446049250313e-16
hungarian_161,0.5488809173277311,0.8602688214791503,0.8602688214791503,0.0
hungarian_236,0.564783118093823,0.2987430397406862,0.2987430397406861,-1.1102230246251565e-16
hungarian_249,0.6173074363055405,0.8323443863320896,0.8323443863320894,-2.220446049250313e-16
hungarian_260,0.5608662639078089,0.08150576258790652,0.08150576258790648,-4.163336342344337e-17
hungarian_263,0.5646127754915203,0.8577641018479418,0.8577641018479417,-1.1102230246251565e-16
hungarian_284,0.5377878100456246,0.13954764157659882,0.13954764157659882,0.0
switzerland_002,0.49735769532299834,0.8341475937846018,0.8341475937846017,-1.1102230246251565e-16
switzerland_013,0.4835167951213535,0.8302909308256925,0.8302909308256923,-2.220446049250313e-16
switzerland_014,0.5396800334674087,0.8228618302977291,0.8228618302977293,2.220446049250313e-16
switzerland_032,0.6498740817602915,0.29839342417514286,0.29839342417514275,-1.1102230246251565e-16
switzerland_038,0.514734948912173,0.8485482441472654,0.8485482441472656,2.220446049250313e-16
switzerland_073,0.5021944152904183,0.7625094078467438,0.7625094078467439,1.1102230246251565e-16
switzerland_075,0.5683072248207622,0.8872399160226647,0.8872399160226645,-2.220446049250313e-16
switzerland_094,0.5354268795049377,0.48713625404845606,0.48713625404845606,0.0
switzerland_098,0.6422610282972601,0.9470333957978072,0.9470333957978072,0.0
switzerland_108,0.5342195641762539,0.9210009274576183,0.9210009274576181,-2.220446049250313e-16
switzerland_114,0.5058477747131942,0.8954521897671732,0.8954521897671732,0.0
va_long_beach_035,0.5599769090699576,0.9130483170683608,0.9130483170683606,-1.1102230246251565e-16
va_long_beach_040,0.5061274078609421,0.7804280868703952,0.7804280868703954,2.220446049250313e-16
va_long_beach_041,0.5997136405055683,0.5470535305605669,0.5470535305605669,0.0
va_long_beach_043,0.510997803897675,0.7510478716635902,0.7510478716635903,1.1102230246251565e-16
va_long_beach_050,0.5309184914995648,0.8958475991358046,0.8958475991358045,-1.1102230246251565e-16
va_long_beach_056,0.6336468250877894,0.876444172805564,0.876444172805564,0.0
va_long_beach_058,0.4727677926771836,0.26034303302519585,0.2603430330251959,5.551115123125783e-17
va_long_beach_091,0.5084531797467551,0.7997899741321239,0.7997899741321239,0.0
va_long_beach_104,0.5819954997624954,0.820403406382493,0.8204034063824932,2.220446049250313e-16
va_long_beach_110,0.5488461467881468,0.9137758708312946,0.9137758708312949,2.220446049250313e-16
va_long_beach_124,0.5537734035692248,0.51610804195949,0.5161080419594901,1.1102230246251565e-16
va_long_beach_133,0.4699968871627839,0.734443528905016,0.734443528905016,0.0
va_long_beach_138,0.5877246963715936,0.4646003473506619,0.4646003473506619,0.0
va_long_beach_199,0.5732033466920374,0.40394283215290944,0.4039428321529095,5.551115123125783e-17
