feature,pearson_r,abs_pearson_r
thal,0.4985212922737757,0.4985212922737757
cp,0.4717118380930215,0.4717118380930215
exang,0.4636191486920366,0.4636191486920366
ca,0.45559876408097943,0.45559876408097943
thalach,-0.3945025626338031,0.3945025626338031
oldpeak,0.3855276002656815,0.3855276002656815
slope,0.3370857031993796,0.3370857031993796
sex,0.3072844284149242,0.3072844284149242
age,0.28269958016942276,0.28269958016942276
fbs,0.14256458733797706,0.14256458733797706
chol,0.11832674455402198,0.11832674455402198
trestbps,0.11695876323429519,0.11695876323429519
restecg,0.06386680834327439,0.06386680834327439
