source_cohort,feature,n,missing_n,missing_percent
cleveland,age,303,0,0.0
cleveland,sex,303,0,0.0
cleveland,cp,303,0,0.0
cleveland,trestbps,303,0,0.0
cleveland,chol,303,0,0.0
cleveland,fbs,303,0,0.0
cleveland,restecg,303,0,0.0
cleveland,thalach,303,0,0.0
cleveland,exang,303,0,0.0
cleveland,oldpeak,303,0,0.0
cleveland,slope,303,0,0.0
cleveland,ca,303,4,1.3201320132013201
cleveland,thal,303,2,0.6600660066006601
hungarian,age,294,0,0.0
hungarian,sex,294,0,0.0
hungarian,cp,294,0,0.0
hungarian,trestbps,294,1,0.3401360544217687
hungarian,chol,294,23,7.8231292517006805
hungarian,fbs,294,8,2.7210884353741496
hungarian,restecg,294,1,0.3401360544217687
hungarian,thalach,294,1,0.3401360544217687
hungarian,exang,294,1,0.3401360544217687
hungarian,oldpeak,294,0,0.0
hungarian,slope,294,190,64.62585034013605
hungarian,ca,294,291,98.9795918367347
hungarian,thal,294,266,90.47619047619048
switzerland,age,123,0,0.0
switzerland,sex,123,0,0.0
switzerland,cp,123,0,0.0
switzerland,trestbps,123,2,1.6260162601626018
switzerland,chol,123,123,100.0
switzerland,fbs,123,75,60.97560975609756
switzerland,restecg,123,1,0.8130081300813009
switzerland,thalach,123,1,0.8130081300813009
switzerland,exang,123,1,0.8130081300813009
switzerland,oldpeak,123,6,4.878048780487805
switzerland,slope,123,17,13.821138211382115
switzerland,ca,123,118,95.9349593495935
switzerland,thal,123,52,42.27642276422765
va_long_beach,age,200,0,0.0
va_long_beach,sex,200,0,0.0
va_long_beach,cp,200,0,0.0
va_long_beach,trestbps,200,57,28.499999999999996
va_long_beach,chol,200,56,28.000000000000004
va_long_beach,fbs,200,7,3.5000000000000004
va_long_beach,restecg,200,0,0.0
va_long_beach,thalach,200,53,26.5
va_long_beach,exang,200,53,26.5
va_long_beach,oldpeak,200,56,28.000000000000004
va_long_beach,slope,200,102,51.0
va_long_beach,ca,200,198,99.0
va_long_beach,thal,200,166,83.0
