row_id,source_cohort,age,sex,cp,trestbps,chol,fbs,restecg,thalach,exang,oldpeak,num,target
cleveland_000,cleveland,63.0,1.0,1.0,145.0,233.0,1.0,2.0,150.0,0.0,2.3,0,0
cleveland_001,cleveland,67.0,1.0,4.0,160.0,286.0,0.0,2.0,108.0,1.0,1.5,2,1
cleveland_002,cleveland,67.0,1.0,4.0,120.0,229.0,0.0,2.0,129.0,1.0,2.6,1,1
cleveland_003,cleveland,37.0,1.0,3.0,130.0,250.0,0.0,0.0,187.0,0.0,3.5,0,0
cleveland_004,cleveland,41.0,0.0,2.0,130.0,204.0,0.0,2.0,172.0,0.0,1.4,0,0
cleveland_005,cleveland,56.0,1.0,2.0,120.0,236.0,0.0,0.0,178.0,0.0,0.8,0,0
cleveland_006,cleveland,62.0,0.0,4.0,140.0,268.0,0.0,2.0,160.0,0.0,3.6,3,1
cleveland_007,cleveland,57.0,0.0,4.0,120.0,354.0,0.0,0.0,163.0,1.0,0.6,0,0
cleveland_008,cleveland,63.0,1.0,4.0,130.0,254.0,0.0,2.0,147.0,0.0,1.4,2,1
cleveland_009,cleveland,53.0,1.0,4.0,140.0,203.0,1.0,2.0,155.0,1.0,3.1,1,1
cleveland_010,cleveland,57.0,1.0,4.0,140.0,192.0,0.0,0.0,148.0,0.0,0.4,0,0
cleveland_011,cleveland,56.0,0.0,2.0,140.0,294.0,0.0,2.0,153.0,0.0,1.3,0,0
cleveland_012,cleveland,56.0,1.0,3.0,130.0,256.0,1.0,2.0,142.0,1.0,0.6,2,1
cleveland_013,cleveland,44.0,1.0,2.0,120.0,263.0,0.0,0.0,173.0,0.0,0.0,0,0
cleveland_014,cleveland,52.0,1.0,3.0,172.0,199.0,1.0,0.0,162.0,0.0,0.5,0,0
cleveland_015,cleveland,57.0,1.0,3.0,150.0,168.0,0.0,0.0,174.0,0.0,1.6,0,0
cleveland_016,cleveland,48.0,1.0,2.0,110.0,229.0,0.0,0.0,168.0,0.0,1.0,1,1
cleveland_017,cleveland,54.0,1.0,4.0,140.0,239.0,0.0,0.0,160.0,0.0,1.2,0,0
cleveland_018,cleveland,48.0,0.0,3.0,130.0,275.0,0.0,0.0,139.0,0.0,0.2,0,0
cleveland_019,cleveland,49.0,1.0,2.0,130.0,266.0,0.0,0.0,171.0,0.0,0.6,0,0
cleveland_020,cleveland,64.0,1.0,1.0,110.0,211.0,0.0,2.0,144.0,1.0,1.8,0,0
cleveland_021,cleveland,58.0,0.0,1.0,150.0,283.0,1.0,2.0,162.0,0.0,1.0,0,0
cleveland_022,cleveland,58.0,1.0,2.0,120.0,284.0,0.0,2.0,160.0,0.0,1.8,1,1
cleveland_023,cleveland,58.0,1.0,3.0,132.0,224.0,0.0,2.0,173.0,0.0,3.2,3,1
cleveland_024,cleveland,60.0,1.0,4.0,130.0,206.0,0.0,2.0,132.0,1.0,2.4,4,1
cleveland_025,cleveland,50.0,0.0,3.0,120.0,219.0,0.0,0.0,158.0,0.0,1.6,0,0
cleveland_026,cleveland,58.0,0.0,3.0,120.0,340.0,0.0,0.0,172.0,0.0,0.0,0,0
cleveland_027,cleveland,66.0,0.0,1.0,150.0,226.0,0.0,0.0,114.0,0.0,2.6,0,0
cleveland_028,cleveland,43.0,1.0,4.0,150.0,247.0,0.0,0.0,171.0,0.0,1.5,0,0
cleveland_029,cleveland,40.0,1.0,4.0,110.0,167.0,0.0,2.0,114.0,1.0,2.0,3,1
cleveland_030,cleveland,69.0,0.0,1.0,140.0,239.0,0.0,0.0,151.0,0.0,1.8,0,0
cleveland_031,cleveland,60.0,1.0,4.0,117.0,230.0,1.0,0.0,160.0,1.0,1.4,2,1
cleveland_032,cleveland,64.0,1.0,3.0,140.0,335.0,0.0,0.0,158.0,0.0,0.0,1,1
cleveland_033,cleveland,59.0,1.0,4.0,135.0,234.0,0.0,0.0,161.0,0.0,0.5,0,0
cleveland_034,cleveland,44.0,1.0,3.0,130.0,233.0,0.0,0.0,179.0,1.0,0.4,0,0
cleveland_035,cleveland,42.0,1.0,4.0,140.0,226.0,0.0,0.0,178.0,0.0,0.0,0,0
cleveland_036,cleveland,43.0,1.0,4.0,120.0,177.0,0.0,2.0,120.0,1.0,2.5,3,1
cleveland_037,cleveland,57.0,1.0,4.0,150.0,276.0,0.0,2.0,112.0,1.0,0.6,1,1
cleveland_038,cleveland,55.0,1.0,4.0,132.0,353.0,0.0,0.0,132.0,1.0,1.2,3,1
cleveland_039,cleveland,61.0,1.0,3.0,150.0,243.0,1.0,0.0,137.0,1.0,1.0,0,0
cleveland_040,cleveland,65.0,0.0,4.0,150.0,225.0,0.0,2.0,114.0,0.0,1.0,4,1
cleveland_041,cleveland,40.0,1.0,1.0,140.0,199.0,0.0,0.0,178.0,1.0,1.4,0,0
cleveland_042,cleveland,71.0,0.0,2.0,160.0,302.0,0.0,0.0,162.0,0.0,0.4,0,0
cleveland_043,cleveland,59.0,1.0,3.0,150.0,212.0,1.0,0.0,157.0,0.0,1.6,0,0
cleveland_044,cleveland,61.0,0.0,4.0,130.0,330.0,0.0,2.0,169.0,0.0,0.0,1,1
cleveland_045,cleveland,58.0,1.0,3.0,112.0,230.0,0.0,2.0,165.0,0.0,2.5,4,1
cleveland_046,cleveland,51.0,1.0,3.0,110.0,175.0,0.0,0.0,123.0,0.0,0.6,0,0
cleveland_047,cleveland,50.0,1.0,4.0,150.0,243.0,0.0,2.0,128.0,0.0,2.6,4,1
cleveland_048,cleveland,65.0,0.0,3.0,140.0,417.0,1.0,2.0,157.0,0.0,0.8,0,0
cleveland_049,cleveland,53.0,1.0,3.0,130.0,197.0,1.0,2.0,152.0,0.0,1.2,0,0
cleveland_050,cleveland,41.0,0.0,2.0,105.0,198.0,0.0,0.0,168.0,0.0,0.0,0,0
cleveland_051,cleveland,65.0,1.0,4.0,120.0,177.0,0.0,0.0,140.0,0.0,0.4,0,0
cleveland_052,cleveland,44.0,1.0,4.0,112.0,290.0,0.0,2.0,153.0,0.0,0.0,2,1
cleveland_053,cleveland,44.0,1.0,2.0,130.0,219.0,0.0,2.0,188.0,0.0,0.0,0,0
cleveland_054,cleveland,60.0,1.0,4.0,130.0,253.0,0.0,0.0,144.0,1.0,1.4,1,1
cleveland_055,cleveland,54.0,1.0,4.0,124.0,266.0,0.0,2.0,109.0,1.0,2.2,1,1
cleveland_056,cleveland,50.0,1.0,3.0,140.0,233.0,0.0,0.0,163.0,0.0,0.6,1,1
cleveland_057,cleveland,41.0,1.0,4.0,110.0,172.0,0.0,2.0,158.0,0.0,0.0,1,1
cleveland_058,cleveland,54.0,1.0,3.0,125.0,273.0,0.0,2.0,152.0,0.0,0.5,0,0
cleveland_059,cleveland,51.0,1.0,1.0,125.0,213.0,0.0,2.0,125.0,1.0,1.4,0,0
cleveland_060,cleveland,51.0,0.0,4.0,130.0,305.0,0.0,0.0,142.0,1.0,1.2,2,1
cleveland_061,cleveland,46.0,0.0,3.0,142.0,177.0,0.0,2.0,160.0,1.0,1.4,0,0
cleveland_062,cleveland,58.0,1.0,4.0,128.0,216.0,0.0,2.0,131.0,1.0,2.2,1,1
cleveland_063,cleveland,54.0,0.0,3.0,135.0,304.0,1.0,0.0,170.0,0.0,0.0,0,0
cleveland_064,cleveland,54.0,1.0,4.0,120.0,188.0,0.0,0.0,113.0,0.0,1.4,2,1
cleveland_065,cleveland,60.0,1.0,4.0,145.0,282.0,0.0,2.0,142.0,1.0,2.8,2,1
cleveland_066,cleveland,60.0,1.0,3.0,140.0,185.0,0.0,2.0,155.0,0.0,3.0,1,1
cleveland_067,cleveland,54.0,1.0,3.0,150.0,232.0,0.0,2.0,165.0,0.0,1.6,0,0
cleveland_068,cleveland,59.0,1.0,4.0,170.0,326.0,0.0,2.0,140.0,1.0,3.4,2,1
cleveland_069,cleveland,46.0,1.0,3.0,150.0,231.0,0.0,0.0,147.0,0.0,3.6,1,1
cleveland_070,cleveland,65.0,0.0,3.0,155.0,269.0,0.0,0.0,148.0,0.0,0.8,0,0
cleveland_071,cleveland,67.0,1.0,4.0,125.0,254.0,1.0,0.0,163.0,0.0,0.2,3,1
cleveland_072,cleveland,62.0,1.0,4.0,120.0,267.0,0.0,0.0,99.0,1.0,1.8,1,1
cleveland_073,cleveland,65.0,1.0,4.0,110.0,248.0,0.0,2.0,158.0,0.0,0.6,1,1
cleveland_074,cleveland,44.0,1.0,4.0,110.0,197.0,0.0,2.0,177.0,0.0,0.0,1,1
cleveland_075,cleveland,65.0,0.0,3.0,160.0,360.0,0.0,2.0,151.0,0.0,0.8,0,0
cleveland_076,cleveland,60.0,1.0,4.0,125.0,258.0,0.0,2.0,141.0,1.0,2.8,1,1
cleveland_077,cleveland,51.0,0.0,3.0,140.0,308.0,0.0,2.0,142.0,0.0,1.5,0,0
cleveland_078,cleveland,48.0,1.0,2.0,130.0,245.0,0.0,2.0,180.0,0.0,0.2,0,0
cleveland_079,cleveland,58.0,1.0,4.0,150.0,270.0,0.0,2.0,111.0,1.0,0.8,3,1
cleveland_080,cleveland,45.0,1.0,4.0,104.0,208.0,0.0,2.0,148.0,1.0,3.0,0,0
cleveland_081,cleveland,53.0,0.0,4.0,130.0,264.0,0.0,2.0,143.0,0.0,0.4,0,0
cleveland_082,cleveland,39.0,1.0,3.0,140.0,321.0,0.0,2.0,182.0,0.0,0.0,0,0
cleveland_083,cleveland,68.0,1.0,3.0,180.0,274.0,1.0,2.0,150.0,1.0,1.6,3,1
cleveland_084,cleveland,52.0,1.0,2.0,120.0,325.0,0.0,0.0,172.0,0.0,0.2,0,0
cleveland_085,cleveland,44.0,1.0,3.0,140.0,235.0,0.0,2.0,180.0,0.0,0.0,0,0
cleveland_086,cleveland,47.0,1.0,3.0,138.0,257.0,0.0,2.0,156.0,0.0,0.0,0,0
cleveland_087,cleveland,53.0,0.0,3.0,128.0,216.0,0.0,2.0,115.0,0.0,0.0,0,0
cleveland_088,cleveland,53.0,0.0,4.0,138.0,234.0,0.0,2.0,160.0,0.0,0.0,0,0
cleveland_089,cleveland,51.0,0.0,3.0,130.0,256.0,0.0,2.0,149.0,0.0,0.5,0,0
cleveland_090,cleveland,66.0,1.0,4.0,120.0,302.0,0.0,2.0,151.0,0.0,0.4,0,0
cleveland_091,cleveland,62.0,0.0,4.0,160.0,164.0,0.0,2.0,145.0,0.0,6.2,3,1
cleveland_092,cleveland,62.0,1.0,3.0,130.0,231.0,0.0,0.0,146.0,0.0,1.8,0,0
cleveland_093,cleveland,44.0,0.0,3.0,108.0,141.0,0.0,0.0,175.0,0.0,0.6,0,0
cleveland_094,cleveland,63.0,0.0,3.0,135.0,252.0,0.0,2.0,172.0,0.0,0.0,0,0
cleveland_095,cleveland,52.0,1.0,4.0,128.0,255.0,0.0,0.0,161.0,1.0,0.0,1,1
cleveland_096,cleveland,59.0,1.0,4.0,110.0,239.0,0.0,2.0,142.0,1.0,1.2,2,1
cleveland_097,cleveland,60.0,0.0,4.0,150.0,258.0,0.0,2.0,157.0,0.0,2.6,3,1
cleveland_098,cleveland,52.0,1.0,2.0,134.0,201.0,0.0,0.0,158.0,0.0,0.8,0,0
cleveland_099,cleveland,48.0,1.0,4.0,122.0,222.0,0.0,2.0,186.0,0.0,0.0,0,0
cleveland_100,cleveland,45.0,1.0,4.0,115.0,260.0,0.0,2.0,185.0,0.0,0.0,0,0
cleveland_101,cleveland,34.0,1.0,1.0,118.0,182.0,0.0,2.0,174.0,0.0,0.0,0,0
cleveland_102,cleveland,57.0,0.0,4.0,128.0,303.0,0.0,2.0,159.0,0.0,0.0,0,0
cleveland_103,cleveland,71.0,0.0,3.0,110.0,265.0,1.0,2.0,130.0,0.0,0.0,0,0
cleveland_104,cleveland,49.0,1.0,3.0,120.0,188.0,0.0,0.0,139.0,0.0,2.0,3,1
cleveland_105,cleveland,54.0,1.0,2.0,108.0,309.0,0.0,0.0,156.0,0.0,0.0,0,0
cleveland_106,cleveland,59.0,1.0,4.0,140.0,177.0,0.0,0.0,162.0,1.0,0.0,2,1
cleveland_107,cleveland,57.0,1.0,3.0,128.0,229.0,0.0,2.0,150.0,0.0,0.4,1,1
cleveland_108,cleveland,61.0,1.0,4.0,120.0,260.0,0.0,0.0,140.0,1.0,3.6,2,1
cleveland_109,cleveland,39.0,1.0,4.0,118.0,219.0,0.0,0.0,140.0,0.0,1.2,3,1
cleveland_110,cleveland,61.0,0.0,4.0,145.0,307.0,0.0,2.0,146.0,1.0,1.0,1,1
cleveland_111,cleveland,56.0,1.0,4.0,125.0,249.0,1.0,2.0,144.0,1.0,1.2,1,1
cleveland_112,cleveland,52.0,1.0,1.0,118.0,186.0,0.0,2.0,190.0,0.0,0.0,0,0
cleveland_113,cleveland,43.0,0.0,4.0,132.0,341.0,1.0,2.0,136.0,1.0,3.0,2,1
cleveland_114,cleveland,62.0,0.0,3.0,130.0,263.0,0.0,0.0,97.0,0.0,1.2,2,1
cleveland_115,cleveland,41.0,1.0,2.0,135.0,203.0,0.0,0.0,132.0,0.0,0.0,0,0
cleveland_116,cleveland,58.0,1.0,3.0,140.0,211.0,1.0,2.0,165.0,0.0,0.0,0,0
cleveland_117,cleveland,35.0,0.0,4.0,138.0,183.0,0.0,0.0,182.0,0.0,1.4,0,0
cleveland_118,cleveland,63.0,1.0,4.0,130.0,330.0,1.0,2.0,132.0,1.0,1.8,3,1
cleveland_119,cleveland,65.0,1.0,4.0,135.0,254.0,0.0,2.0,127.0,0.0,2.8,2,1
cleveland_120,cleveland,48.0,1.0,4.0,130.0,256.0,1.0,2.0,150.0,1.0,0.0,3,1
cleveland_121,cleveland,63.0,0.0,4.0,150.0,407.0,0.0,2.0,154.0,0.0,4.0,4,1
cleveland_122,cleveland,51.0,1.0,3.0,100.0,222.0,0.0,0.0,143.0,1.0,1.2,0,0
cleveland_123,cleveland,55.0,1.0,4.0,140.0,217.0,0.0,0.0,111.0,1.0,5.6,3,1
cleveland_124,cleveland,65.0,1.0,1.0,138.0,282.0,1.0,2.0,174.0,0.0,1.4,1,1
cleveland_125,cleveland,45.0,0.0,2.0,130.0,234.0,0.0,2.0,175.0,0.0,0.6,0,0
cleveland_126,cleveland,56.0,0.0,4.0,200.0,288.0,1.0,2.0,133.0,1.0,4.0,3,1
cleveland_127,cleveland,54.0,1.0,4.0,110.0,239.0,0.0,0.0,126.0,1.0,2.8,3,1
cleveland_128,cleveland,44.0,1.0,2.0,120.0,220.0,0.0,0.0,170.0,0.0,0.0,0,0
cleveland_129,cleveland,62.0,0.0,4.0,124.0,209.0,0.0,0.0,163.0,0.0,0.0,0,0
cleveland_130,cleveland,54.0,1.0,3.0,120.0,258.0,0.0,2.0,147.0,0.0,0.4,0,0
cleveland_131,cleveland,51.0,1.0,3.0,94.0,227.0,0.0,0.0,154.0,1.0,0.0,0,0
cleveland_132,cleveland,29.0,1.0,2.0,130.0,204.0,0.0,2.0,202.0,0.0,0.0,0,0
cleveland_133,cleveland,51.0,1.0,4.0,140.0,261.0,0.0,2.0,186.0,1.0,0.0,0,0
cleveland_134,cleveland,43.0,0.0,3.0,122.0,213.0,0.0,0.0,165.0,0.0,0.2,0,0
cleveland_135,cleveland,55.0,0.0,2.0,135.0,250.0,0.0,2.0,161.0,0.0,1.4,0,0
cleveland_136,cleveland,70.0,1.0,4.0,145.0,174.0,0.0,0.0,125.0,1.0,2.6,4,1
cleveland_137,cleveland,62.0,1.0,2.0,120.0,281.0,0.0,2.0,103.0,0.0,1.4,3,1
cleveland_138,cleveland,35.0,1.0,4.0,120.0,198.0,0.0,0.0,130.0,1.0,1.6,1,1
cleveland_139,cleveland,51.0,1.0,3.0,125.0,245.0,1.0,2.0,166.0,0.0,2.4,0,0
cleveland_140,cleveland,59.0,1.0,2.0,140.0,221.0,0.0,0.0,164.0,1.0,0.0,0,0
cleveland_141,cleveland,59.0,1.0,1.0,170.0,288.0,0.0,2.0,159.0,0.0,0.2,1,1
cleveland_142,cleveland,52.0,1.0,2.0,128.0,205.0,1.0,0.0,184.0,0.0,0.0,0,0
cleveland_143,cleveland,64.0,1.0,3.0,125.0,309.0,0.0,0.0,131.0,1.0,1.8,1,1
cleveland_144,cleveland,58.0,1.0,3.0,105.0,240.0,0.0,2.0,154.0,1.0,0.6,0,0
cleveland_145,cleveland,47.0,1.0,3.0,108.0,243.0,0.0,0.0,152.0,0.0,0.0,1,1
cleveland_146,cleveland,57.0,1.0,4.0,165.0,289.0,1.0,2.0,124.0,0.0,1.0,4,1
cleveland_147,cleveland,41.0,1.0,3.0,112.0,250.0,0.0,0.0,179.0,0.0,0.0,0,0
cleveland_148,cleveland,45.0,1.0,2.0,128.0,308.0,0.0,2.0,170.0,0.0,0.0,0,0
cleveland_149,cleveland,60.0,0.0,3.0,102.0,318.0,0.0,0.0,160.0,0.0,0.0,0,0
cleveland_150,cleveland,52.0,1.0,1.0,152.0,298.0,1.0,0.0,178.0,0.0,1.2,0,0
cleveland_151,cleveland,42.0,0.0,4.0,102.0,265.0,0.0,2.0,122.0,0.0,0.6,0,0
cleveland_152,cleveland,67.0,0.0,3.0,115.0,564.0,0.0,2.0,160.0,0.0,1.6,0,0
cleveland_153,cleveland,55.0,1.0,4.0,160.0,289.0,0.0,2.0,145.0,1.0,0.8,4,1
cleveland_154,cleveland,64.0,1.0,4.0,120.0,246.0,0.0,2.0,96.0,1.0,2.2,3,1
cleveland_155,cleveland,70.0,1.0,4.0,130.0,322.0,0.0,2.0,109.0,0.0,2.4,1,1
cleveland_156,cleveland,51.0,1.0,4.0,140.0,299.0,0.0,0.0,173.0,1.0,1.6,1,1
cleveland_157,cleveland,58.0,1.0,4.0,125.0,300.0,0.0,2.0,171.0,0.0,0.0,1,1
cleveland_158,cleveland,60.0,1.0,4.0,140.0,293.0,0.0,2.0,170.0,0.0,1.2,2,1
cleveland_159,cleveland,68.0,1.0,3.0,118.0,277.0,0.0,0.0,151.0,0.0,1.0,0,0
cleveland_160,cleveland,46.0,1.0,2.0,101.0,197.0,1.0,0.0,156.0,0.0,0.0,0,0
cleveland_161,cleveland,77.0,1.0,4.0,125.0,304.0,0.0,2.0,162.0,1.0,0.0,4,1
cleveland_162,cleveland,54.0,0.0,3.0,110.0,214.0,0.0,0.0,158.0,0.0,1.6,0,0
cleveland_163,cleveland,58.0,0.0,4.0,100.0,248.0,0.0,2.0,122.0,0.0,1.0,0,0
cleveland_164,cleveland,48.0,1.0,3.0,124.0,255.0,1.0,0.0,175.0,0.0,0.0,0,0
cleveland_165,cleveland,57.0,1.0,4.0,132.0,207.0,0.0,0.0,168.0,1.0,0.0,0,0
cleveland_166,cleveland,52.0,1.0,3.0,138.0,223.0,0.0,0.0,169.0,0.0,0.0,0,0
cleveland_167,cleveland,54.0,0.0,2.0,132.0,288.0,1.0,2.0,159.0,1.0,0.0,0,0
cleveland_168,cleveland,35.0,1.0,4.0,126.0,282.0,0.0,2.0,156.0,1.0,0.0,1,1
cleveland_169,cleveland,45.0,0.0,2.0,112.0,160.0,0.0,0.0,138.0,0.0,0.0,0,0
cleveland_170,cleveland,70.0,1.0,3.0,160.0,269.0,0.0,0.0,112.0,1.0,2.9,3,1
cleveland_171,cleveland,53.0,1.0,4.0,142.0,226.0,0.0,2.0,111.0,1.0,0.0,0,0
cleveland_172,cleveland,59.0,0.0,4.0,174.0,249.0,0.0,0.0,143.0,1.0,0.0,1,1
cleveland_173,cleveland,62.0,0.0,4.0,140.0,394.0,0.0,2.0,157.0,0.0,1.2,0,0
cleveland_174,cleveland,64.0,1.0,4.0,145.0,212.0,0.0,2.0,132.0,0.0,2.0,4,1
cleveland_175,cleveland,57.0,1.0,4.0,152.0,274.0,0.0,0.0,88.0,1.0,1.2,1,1
cleveland_176,cleveland,52.0,1.0,4.0,108.0,233.0,1.0,0.0,147.0,0.0,0.1,0,0
cleveland_177,cleveland,56.0,1.0,4.0,132.0,184.0,0.0,2.0,105.0,1.0,2.1,1,1
cleveland_178,cleveland,43.0,1.0,3.0,130.0,315.0,0.0,0.0,162.0,0.0,1.9,0,0
cleveland_179,cleveland,53.0,1.0,3.0,130.0,246.0,1.0,2.0,173.0,0.0,0.0,0,0
cleveland_180,cleveland,48.0,1.0,4.0,124.0,274.0,0.0,2.0,166.0,0.0,0.5,3,1
cleveland_181,cleveland,56.0,0.0,4.0,134.0,409.0,0.0,2.0,150.0,1.0,1.9,2,1
cleveland_182,cleveland,42.0,1.0,1.0,148.0,244.0,0.0,2.0,178.0,0.0,0.8,0,0
cleveland_183,cleveland,59.0,1.0,1.0,178.0,270.0,0.0,2.0,145.0,0.0,4.2,0,0
cleveland_184,cleveland,60.0,0.0,4.0,158.0,305.0,0.0,2.0,161.0,0.0,0.0,1,1
cleveland_185,cleveland,63.0,0.0,2.0,140.0,195.0,0.0,0.0,179.0,0.0,0.0,0,0
cleveland_186,cleveland,42.0,1.0,3.0,120.0,240.0,1.0,0.0,194.0,0.0,0.8,0,0
cleveland_187,cleveland,66.0,1.0,2.0,160.0,246.0,0.0,0.0,120.0,1.0,0.0,2,1
cleveland_188,cleveland,54.0,1.0,2.0,192.0,283.0,0.0,2.0,195.0,0.0,0.0,1,1
cleveland_189,cleveland,69.0,1.0,3.0,140.0,254.0,0.0,2.0,146.0,0.0,2.0,2,1
cleveland_190,cleveland,50.0,1.0,3.0,129.0,196.0,0.0,0.0,163.0,0.0,0.0,0,0
cleveland_191,cleveland,51.0,1.0,4.0,140.0,298.0,0.0,0.0,122.0,1.0,4.2,3,1
cleveland_192,cleveland,43.0,1.0,4.0,132.0,247.0,1.0,2.0,143.0,1.0,0.1,1,1
cleveland_193,cleveland,62.0,0.0,4.0,138.0,294.0,1.0,0.0,106.0,0.0,1.9,2,1
cleveland_194,cleveland,68.0,0.0,3.0,120.0,211.0,0.0,2.0,115.0,0.0,1.5,0,0
cleveland_195,cleveland,67.0,1.0,4.0,100.0,299.0,0.0,2.0,125.0,1.0,0.9,3,1
cleveland_196,cleveland,69.0,1.0,1.0,160.0,234.0,1.0,2.0,131.0,0.0,0.1,0,0
cleveland_197,cleveland,45.0,0.0,4.0,138.0,236.0,0.0,2.0,152.0,1.0,0.2,0,0
cleveland_198,cleveland,50.0,0.0,2.0,120.0,244.0,0.0,0.0,162.0,0.0,1.1,0,0
cleveland_199,cleveland,59.0,1.0,1.0,160.0,273.0,0.0,2.0,125.0,0.0,0.0,1,1
cleveland_200,cleveland,50.0,0.0,4.0,110.0,254.0,0.0,2.0,159.0,0.0,0.0,0,0
cleveland_201,cleveland,64.0,0.0,4.0,180.0,325.0,0.0,0.0,154.0,1.0,0.0,0,0
cleveland_202,cleveland,57.0,1.0,3.0,150.0,126.0,1.0,0.0,173.0,0.0,0.2,0,0
cleveland_203,cleveland,64.0,0.0,3.0,140.0,313.0,0.0,0.0,133.0,0.0,0.2,0,0
cleveland_204,cleveland,43.0,1.0,4.0,110.0,211.0,0.0,0.0,161.0,0.0,0.0,0,0
cleveland_205,cleveland,45.0,1.0,4.0,142.0,309.0,0.0,2.0,147.0,1.0,0.0,3,1
cleveland_206,cleveland,58.0,1.0,4.0,128.0,259.0,0.0,2.0,130.0,1.0,3.0,3,1
cleveland_207,cleveland,50.0,1.0,4.0,144.0,200.0,0.0,2.0,126.0,1.0,0.9,3,1
cleveland_208,cleveland,55.0,1.0,2.0,130.0,262.0,0.0,0.0,155.0,0.0,0.0,0,0
cleveland_209,cleveland,62.0,0.0,4.0,150.0,244.0,0.0,0.0,154.0,1.0,1.4,1,1
cleveland_210,cleveland,37.0,0.0,3.0,120.0,215.0,0.0,0.0,170.0,0.0,0.0,0,0
cleveland_211,cleveland,38.0,1.0,1.0,120.0,231.0,0.0,0.0,182.0,1.0,3.8,4,1
cleveland_212,cleveland,41.0,1.0,3.0,130.0,214.0,0.0,2.0,168.0,0.0,2.0,0,0
cleveland_213,cleveland,66.0,0.0,4.0,178.0,228.0,1.0,0.0,165.0,1.0,1.0,3,1
cleveland_214,cleveland,52.0,1.0,4.0,112.0,230.0,0.0,0.0,160.0,0.0,0.0,1,1
cleveland_215,cleveland,56.0,1.0,1.0,120.0,193.0,0.0,2.0,162.0,0.0,1.9,0,0
cleveland_216,cleveland,46.0,0.0,2.0,105.0,204.0,0.0,0.0,172.0,0.0,0.0,0,0
cleveland_217,cleveland,46.0,0.0,4.0,138.0,243.0,0.0,2.0,152.0,1.0,0.0,0,0
cleveland_218,cleveland,64.0,0.0,4.0,130.0,303.0,0.0,0.0,122.0,0.0,2.0,0,0
cleveland_219,cleveland,59.0,1.0,4.0,138.0,271.0,0.0,2.0,182.0,0.0,0.0,0,0
cleveland_220,cleveland,41.0,0.0,3.0,112.0,268.0,0.0,2.0,172.0,1.0,0.0,0,0
cleveland_221,cleveland,54.0,0.0,3.0,108.0,267.0,0.0,2.0,167.0,0.0,0.0,0,0
cleveland_222,cleveland,39.0,0.0,3.0,94.0,199.0,0.0,0.0,179.0,0.0,0.0,0,0
cleveland_223,cleveland,53.0,1.0,4.0,123.0,282.0,0.0,0.0,95.0,1.0,2.0,3,1
cleveland_224,cleveland,63.0,0.0,4.0,108.0,269.0,0.0,0.0,169.0,1.0,1.8,1,1
cleveland_225,cleveland,34.0,0.0,2.0,118.0,210.0,0.0,0.0,192.0,0.0,0.7,0,0
cleveland_226,cleveland,47.0,1.0,4.0,112.0,204.0,0.0,0.0,143.0,0.0,0.1,0,0
cleveland_227,cleveland,67.0,0.0,3.0,152.0,277.0,0.0,0.0,172.0,0.0,0.0,0,0
cleveland_228,cleveland,54.0,1.0,4.0,110.0,206.0,0.0,2.0,108.0,1.0,0.0,3,1
cleveland_229,cleveland,66.0,1.0,4.0,112.0,212.0,0.0,2.0,132.0,1.0,0.1,2,1
cleveland_230,cleveland,52.0,0.0,3.0,136.0,196.0,0.0,2.0,169.0,0.0,0.1,0,0
cleveland_231,cleveland,55.0,0.0,4.0,180.0,327.0,0.0,1.0,117.0,1.0,3.4,2,1
cleveland_232,cleveland,49.0,1.0,3.0,118.0,149.0,0.0,2.0,126.0,0.0,0.8,1,1
cleveland_233,cleveland,74.0,0.0,2.0,120.0,269.0,0.0,2.0,121.0,1.0,0.2,0,0
cleveland_234,cleveland,54.0,0.0,3.0,160.0,201.0,0.0,0.0,163.0,0.0,0.0,0,0
cleveland_235,cleveland,54.0,1.0,4.0,122.0,286.0,0.0,2.0,116.0,1.0,3.2,3,1
cleveland_236,cleveland,56.0,1.0,4.0,130.0,283.0,1.0,2.0,103.0,1.0,1.6,2,1
cleveland_237,cleveland,46.0,1.0,4.0,120.0,249.0,0.0,2.0,144.0,0.0,0.8,1,1
cleveland_238,cleveland,49.0,0.0,2.0,134.0,271.0,0.0,0.0,162.0,0.0,0.0,0,0
cleveland_239,cleveland,42.0,1.0,2.0,120.0,295.0,0.0,0.0,162.0,0.0,0.0,0,0
cleveland_240,cleveland,41.0,1.0,2.0,110.0,235.0,0.0,0.0,153.0,0.0,0.0,0,0
cleveland_241,cleveland,41.0,0.0,2.0,126.0,306.0,0.0,0.0,163.0,0.0,0.0,0,0
cleveland_242,cleveland,49.0,0.0,4.0,130.0,269.0,0.0,0.0,163.0,0.0,0.0,0,0
cleveland_243,cleveland,61.0,1.0,1.0,134.0,234.0,0.0,0.0,145.0,0.0,2.6,2,1
cleveland_244,cleveland,60.0,0.0,3.0,120.0,178.0,1.0,0.0,96.0,0.0,0.0,0,0
cleveland_245,cleveland,67.0,1.0,4.0,120.0,237.0,0.0,0.0,71.0,0.0,1.0,2,1
cleveland_246,cleveland,58.0,1.0,4.0,100.0,234.0,0.0,0.0,156.0,0.0,0.1,2,1
cleveland_247,cleveland,47.0,1.0,4.0,110.0,275.0,0.0,2.0,118.0,1.0,1.0,1,1
cleveland_248,cleveland,52.0,1.0,4.0,125.0,212.0,0.0,0.0,168.0,0.0,1.0,3,1
cleveland_249,cleveland,62.0,1.0,2.0,128.0,208.0,1.0,2.0,140.0,0.0,0.0,0,0
cleveland_250,cleveland,57.0,1.0,4.0,110.0,201.0,0.0,0.0,126.0,1.0,1.5,0,0
cleveland_251,cleveland,58.0,1.0,4.0,146.0,218.0,0.0,0.0,105.0,0.0,2.0,1,1
cleveland_252,cleveland,64.0,1.0,4.0,128.0,263.0,0.0,0.0,105.0,1.0,0.2,0,0
cleveland_253,cleveland,51.0,0.0,3.0,120.0,295.0,0.0,2.0,157.0,0.0,0.6,0,0
cleveland_254,cleveland,43.0,1.0,4.0,115.0,303.0,0.0,0.0,181.0,0.0,1.2,0,0
cleveland_255,cleveland,42.0,0.0,3.0,120.0,209.0,0.0,0.0,173.0,0.0,0.0,0,0
cleveland_256,cleveland,67.0,0.0,4.0,106.0,223.0,0.0,0.0,142.0,0.0,0.3,0,0
cleveland_257,cleveland,76.0,0.0,3.0,140.0,197.0,0.0,1.0,116.0,0.0,1.1,0,0
cleveland_258,cleveland,70.0,1.0,2.0,156.0,245.0,0.0,2.0,143.0,0.0,0.0,0,0
cleveland_259,cleveland,57.0,1.0,2.0,124.0,261.0,0.0,0.0,141.0,0.0,0.3,1,1
cleveland_260,cleveland,44.0,0.0,3.0,118.0,242.0,0.0,0.0,149.0,0.0,0.3,0,0
cleveland_261,cleveland,58.0,0.0,2.0,136.0,319.0,1.0,2.0,152.0,0.0,0.0,3,1
cleveland_262,cleveland,60.0,0.0,1.0,150.0,240.0,0.0,0.0,171.0,0.0,0.9,0,0
cleveland_263,cleveland,44.0,1.0,3.0,120.0,226.0,0.0,0.0,169.0,0.0,0.0,0,0
cleveland_264,cleveland,61.0,1.0,4.0,138.0,166.0,0.0,2.0,125.0,1.0,3.6,4,1
cleveland_265,cleveland,42.0,1.0,4.0,136.0,315.0,0.0,0.0,125.0,1.0,1.8,2,1
cleveland_266,cleveland,52.0,1.0,4.0,128.0,204.0,1.0,0.0,156.0,1.0,1.0,2,1
cleveland_267,cleveland,59.0,1.0,3.0,126.0,218.0,1.0,0.0,134.0,0.0,2.2,2,1
cleveland_268,cleveland,40.0,1.0,4.0,152.0,223.0,0.0,0.0,181.0,0.0,0.0,1,1
cleveland_269,cleveland,42.0,1.0,3.0,130.0,180.0,0.0,0.0,150.0,0.0,0.0,0,0
cleveland_270,cleveland,61.0,1.0,4.0,140.0,207.0,0.0,2.0,138.0,1.0,1.9,1,1
cleveland_271,cleveland,66.0,1.0,4.0,160.0,228.0,0.0,2.0,138.0,0.0,2.3,0,0
cleveland_272,cleveland,46.0,1.0,4.0,140.0,311.0,0.0,0.0,120.0,1.0,1.8,2,1
cleveland_273,cleveland,71.0,0.0,4.0,112.0,149.0,0.0,0.0,125.0,0.0,1.6,0,0
cleveland_274,cleveland,59.0,1.0,1.0,134.0,204.0,0.0,0.0,162.0,0.0,0.8,1,1
cleveland_275,cleveland,64.0,1.0,1.0,170.0,227.0,0.0,2.0,155.0,0.0,0.6,0,0
cleveland_276,cleveland,66.0,0.0,3.0,146.0,278.0,0.0,2.0,152.0,0.0,0.0,0,0
cleveland_277,cleveland,39.0,0.0,3.0,138.0,220.0,0.0,0.0,152.0,0.0,0.0,0,0
cleveland_278,cleveland,57.0,1.0,2.0,154.0,232.0,0.0,2.0,164.0,0.0,0.0,1,1
cleveland_279,cleveland,58.0,0.0,4.0,130.0,197.0,0.0,0.0,131.0,0.0,0.6,0,0
cleveland_280,cleveland,57.0,1.0,4.0,110.0,335.0,0.0,0.0,143.0,1.0,3.0,2,1
cleveland_281,cleveland,47.0,1.0,3.0,130.0,253.0,0.0,0.0,179.0,0.0,0.0,0,0
cleveland_282,cleveland,55.0,0.0,4.0,128.0,205.0,0.0,1.0,130.0,1.0,2.0,3,1
cleveland_283,cleveland,35.0,1.0,2.0,122.0,192.0,0.0,0.0,174.0,0.0,0.0,0,0
cleveland_284,cleveland,61.0,1.0,4.0,148.0,203.0,0.0,0.0,161.0,0.0,0.0,2,1
cleveland_285,cleveland,58.0,1.0,4.0,114.0,318.0,0.0,1.0,140.0,0.0,4.4,4,1
cleveland_286,cleveland,58.0,0.0,4.0,170.0,225.0,1.0,2.0,146.0,1.0,2.8,2,1
cleveland_287,cleveland,58.0,1.0,2.0,125.0,220.0,0.0,0.0,144.0,0.0,0.4,0,0
cleveland_288,cleveland,56.0,1.0,2.0,130.0,221.0,0.0,2.0,163.0,0.0,0.0,0,0
cleveland_289,cleveland,56.0,1.0,2.0,120.0,240.0,0.0,0.0,169.0,0.0,0.0,0,0
cleveland_290,cleveland,67.0,1.0,3.0,152.0,212.0,0.0,2.0,150.0,0.0,0.8,1,1
cleveland_291,cleveland,55.0,0.0,2.0,132.0,342.0,0.0,0.0,166.0,0.0,1.2,0,0
cleveland_292,cleveland,44.0,1.0,4.0,120.0,169.0,0.0,0.0,144.0,1.0,2.8,2,1
cleveland_293,cleveland,63.0,1.0,4.0,140.0,187.0,0.0,2.0,144.0,1.0,4.0,2,1
cleveland_294,cleveland,63.0,0.0,4.0,124.0,197.0,0.0,0.0,136.0,1.0,0.0,1,1
cleveland_295,cleveland,41.0,1.0,2.0,120.0,157.0,0.0,0.0,182.0,0.0,0.0,0,0
cleveland_296,cleveland,59.0,1.0,4.0,164.0,176.0,1.0,2.0,90.0,0.0,1.0,3,1
cleveland_297,cleveland,57.0,0.0,4.0,140.0,241.0,0.0,0.0,123.0,1.0,0.2,1,1
cleveland_298,cleveland,45.0,1.0,1.0,110.0,264.0,0.0,0.0,132.0,0.0,1.2,1,1
cleveland_299,cleveland,68.0,1.0,4.0,144.0,193.0,1.0,0.0,141.0,0.0,3.4,2,1
cleveland_300,cleveland,57.0,1.0,4.0,130.0,131.0,0.0,0.0,115.0,1.0,1.2,3,1
cleveland_301,cleveland,57.0,0.0,2.0,130.0,236.0,0.0,2.0,174.0,0.0,0.0,1,1
cleveland_302,cleveland,38.0,1.0,3.0,138.0,175.0,0.0,0.0,173.0,0.0,0.0,0,0
hungarian_000,hungarian,40.0,1.0,2.0,140.0,289.0,0.0,0.0,172.0,0.0,0.0,0,0
hungarian_001,hungarian,49.0,0.0,3.0,160.0,180.0,0.0,0.0,156.0,0.0,1.0,1,1
hungarian_002,hungarian,37.0,1.0,2.0,130.0,283.0,0.0,1.0,98.0,0.0,0.0,0,0
hungarian_003,hungarian,48.0,0.0,4.0,138.0,214.0,0.0,0.0,108.0,1.0,1.5,3,1
hungarian_005,hungarian,39.0,1.0,3.0,120.0,339.0,0.0,0.0,170.0,0.0,0.0,0,0
hungarian_006,hungarian,45.0,0.0,2.0,130.0,237.0,0.0,0.0,170.0,0.0,0.0,0,0
hungarian_007,hungarian,54.0,1.0,2.0,110.0,208.0,0.0,0.0,142.0,0.0,0.0,0,0
hungarian_008,hungarian,37.0,1.0,4.0,140.0,207.0,0.0,0.0,130.0,1.0,1.5,1,1
hungarian_009,hungarian,48.0,0.0,2.0,120.0,284.0,0.0,0.0,120.0,0.0,0.0,0,0
hungarian_010,hungarian,37.0,0.0,3.0,130.0,211.0,0.0,0.0,142.0,0.0,0.0,0,0
hungarian_011,hungarian,58.0,1.0,2.0,136.0,164.0,0.0,1.0,99.0,1.0,2.0,3,1
hungarian_012,hungarian,39.0,1.0,2.0,120.0,204.0,0.0,0.0,145.0,0.0,0.0,0,0
hungarian_013,hungarian,49.0,1.0,4.0,140.0,234.0,0.0,0.0,140.0,1.0,1.0,3,1
hungarian_014,hungarian,42.0,0.0,3.0,115.0,211.0,0.0,1.0,137.0,0.0,0.0,0,0
hungarian_015,hungarian,54.0,0.0,2.0,120.0,273.0,0.0,0.0,150.0,0.0,1.5,0,0
hungarian_016,hungarian,38.0,1.0,4.0,110.0,196.0,0.0,0.0,166.0,0.0,0.0,1,1
hungarian_017,hungarian,43.0,0.0,2.0,120.0,201.0,0.0,0.0,165.0,0.0,0.0,0,0
hungarian_018,hungarian,60.0,1.0,4.0,100.0,248.0,0.0,0.0,125.0,0.0,1.0,1,1
hungarian_019,hungarian,36.0,1.0,2.0,120.0,267.0,0.0,0.0,160.0,0.0,3.0,1,1
hungarian_020,hungarian,43.0,0.0,1.0,100.0,223.0,0.0,0.0,142.0,0.0,0.0,0,0
hungarian_021,hungarian,44.0,1.0,2.0,120.0,184.0,0.0,0.0,142.0,0.0,1.0,0,0
hungarian_022,hungarian,49.0,0.0,2.0,124.0,201.0,0.0,0.0,164.0,0.0,0.0,0,0
hungarian_023,hungarian,44.0,1.0,2.0,150.0,288.0,0.0,0.0,150.0,1.0,3.0,3,1
hungarian_024,hungarian,40.0,1.0,3.0,130.0,215.0,0.0,0.0,138.0,0.0,0.0,0,0
hungarian_025,hungarian,36.0,1.0,3.0,130.0,209.0,0.0,0.0,178.0,0.0,0.0,0,0
hungarian_026,hungarian,53.0,1.0,4.0,124.0,260.0,0.0,1.0,112.0,1.0,3.0,0,0
hungarian_027,hungarian,52.0,1.0,2.0,120.0,284.0,0.0,0.0,118.0,0.0,0.0,0,0
hungarian_029,hungarian,51.0,1.0,2.0,125.0,188.0,0.0,0.0,145.0,0.0,0.0,0,0
hungarian_030,hungarian,53.0,1.0,3.0,145.0,518.0,0.0,0.0,130.0,0.0,0.0,3,1
hungarian_032,hungarian,54.0,1.0,4.0,125.0,224.0,0.0,0.0,122.0,0.0,2.0,1,1
hungarian_033,hungarian,41.0,1.0,4.0,130.0,172.0,0.0,1.0,130.0,0.0,2.0,3,1
hungarian_034,hungarian,43.0,0.0,2.0,150.0,186.0,0.0,0.0,154.0,0.0,0.0,0,0
hungarian_035,hungarian,32.0,1.0,2.0,125.0,254.0,0.0,0.0,155.0,0.0,0.0,0,0
hungarian_036,hungarian,65.0,1.0,4.0,140.0,306.0,1.0,0.0,87.0,1.0,1.5,1,1
hungarian_037,hungarian,41.0,0.0,2.0,110.0,250.0,0.0,1.0,142.0,0.0,0.0,0,0
hungarian_039,hungarian,48.0,0.0,4.0,150.0,227.0,0.0,0.0,130.0,1.0,1.0,0,0
hungarian_040,hungarian,54.0,0.0,2.0,150.0,230.0,0.0,0.0,130.0,0.0,0.0,0,0
hungarian_041,hungarian,54.0,0.0,3.0,130.0,294.0,0.0,1.0,100.0,1.0,0.0,4,1
hungarian_042,hungarian,35.0,1.0,2.0,150.0,264.0,0.0,0.0,168.0,0.0,0.0,0,0
hungarian_043,hungarian,52.0,1.0,3.0,140.0,259.0,0.0,1.0,170.0,0.0,0.0,0,0
hungarian_044,hungarian,43.0,1.0,4.0,120.0,175.0,0.0,0.0,120.0,1.0,1.0,3,1
hungarian_045,hungarian,59.0,1.0,3.0,130.0,318.0,0.0,0.0,120.0,1.0,1.0,0,0
hungarian_046,hungarian,37.0,1.0,4.0,120.0,223.0,0.0,0.0,168.0,0.0,0.0,0,0
hungarian_047,hungarian,50.0,1.0,2.0,140.0,216.0,0.0,0.0,170.0,0.0,0.0,0,0
hungarian_048,hungarian,36.0,1.0,3.0,112.0,340.0,0.0,0.0,184.0,0.0,1.0,0,0
hungarian_049,hungarian,41.0,1.0,4.0,110.0,289.0,0.0,0.0,170.0,0.0,0.0,1,1
hungarian_050,hungarian,50.0,1.0,4.0,130.0,233.0,0.0,0.0,121.0,1.0,2.0,2,1
hungarian_051,hungarian,47.0,0.0,4.0,120.0,205.0,0.0,0.0,98.0,1.0,2.0,4,1
hungarian_052,hungarian,45.0,1.0,2.0,140.0,224.0,1.0,0.0,122.0,0.0,0.0,0,0
hungarian_053,hungarian,41.0,0.0,2.0,130.0,245.0,0.0,0.0,150.0,0.0,0.0,0,0
hungarian_054,hungarian,52.0,0.0,4.0,130.0,180.0,0.0,0.0,140.0,1.0,1.5,0,0
hungarian_055,hungarian,51.0,0.0,2.0,160.0,194.0,0.0,0.0,170.0,0.0,0.0,0,0
hungarian_056,hungarian,31.0,1.0,4.0,120.0,270.0,0.0,0.0,153.0,1.0,1.5,1,1
hungarian_057,hungarian,58.0,1.0,3.0,130.0,213.0,0.0,1.0,140.0,0.0,0.0,1,1
hungarian_058,hungarian,54.0,1.0,4.0,150.0,365.0,0.0,1.0,134.0,0.0,1.0,0,0
hungarian_059,hungarian,52.0,1.0,4.0,112.0,342.0,0.0,1.0,96.0,1.0,1.0,3,1
hungarian_060,hungarian,49.0,1.0,2.0,100.0,253.0,0.0,0.0,174.0,0.0,0.0,0,0
hungarian_062,hungarian,45.0,1.0,4.0,140.0,224.0,0.0,0.0,144.0,0.0,0.0,0,0
hungarian_063,hungarian,46.0,1.0,4.0,120.0,277.0,0.0,0.0,125.0,1.0,1.0,1,1
hungarian_064,hungarian,50.0,0.0,2.0,110.0,202.0,0.0,0.0,145.0,0.0,0.0,0,0
hungarian_065,hungarian,37.0,0.0,2.0,120.0,260.0,0.0,0.0,130.0,0.0,0.0,0,0
hungarian_066,hungarian,45.0,0.0,4.0,132.0,297.0,0.0,0.0,144.0,0.0,0.0,0,0
hungarian_067,hungarian,32.0,1.0,2.0,110.0,225.0,0.0,0.0,184.0,0.0,0.0,0,0
hungarian_068,hungarian,52.0,1.0,4.0,160.0,246.0,0.0,1.0,82.0,1.0,4.0,3,1
hungarian_069,hungarian,44.0,1.0,4.0,150.0,412.0,0.0,0.0,170.0,0.0,0.0,0,0
hungarian_070,hungarian,57.0,1.0,2.0,140.0,265.0,0.0,1.0,145.0,1.0,1.0,1,1
hungarian_071,hungarian,44.0,1.0,2.0,130.0,215.0,0.0,0.0,135.0,0.0,0.0,0,0
hungarian_072,hungarian,52.0,1.0,4.0,120.0,182.0,0.0,0.0,150.0,0.0,0.0,2,1
hungarian_073,hungarian,44.0,0.0,4.0,120.0,218.0,0.0,1.0,115.0,0.0,0.0,0,0
hungarian_074,hungarian,55.0,1.0,4.0,140.0,268.0,0.0,0.0,128.0,1.0,1.5,2,1
hungarian_076,hungarian,32.0,1.0,4.0,118.0,529.0,0.0,0.0,130.0,0.0,0.0,2,1
hungarian_077,hungarian,35.0,0.0,4.0,140.0,167.0,0.0,0.0,150.0,0.0,0.0,0,0
hungarian_078,hungarian,52.0,1.0,2.0,140.0,100.0,0.0,0.0,138.0,1.0,0.0,0,0
hungarian_079,hungarian,49.0,1.0,4.0,130.0,206.0,0.0,0.0,170.0,0.0,0.0,1,1
hungarian_080,hungarian,55.0,1.0,3.0,110.0,277.0,0.0,0.0,160.0,0.0,0.0,0,0
hungarian_081,hungarian,54.0,1.0,2.0,120.0,238.0,0.0,0.0,154.0,0.0,0.0,0,0
hungarian_082,hungarian,63.0,1.0,4.0,150.0,223.0,0.0,0.0,115.0,0.0,0.0,1,1
hungarian_083,hungarian,52.0,1.0,2.0,160.0,196.0,0.0,0.0,165.0,0.0,0.0,0,0
hungarian_084,hungarian,56.0,1.0,4.0,150.0,213.0,1.0,0.0,125.0,1.0,1.0,2,1
hungarian_086,hungarian,65.0,1.0,4.0,170.0,263.0,1.0,0.0,112.0,1.0,2.0,3,1
hungarian_087,hungarian,53.0,0.0,2.0,140.0,216.0,0.0,0.0,142.0,1.0,2.0,0,0
hungarian_088,hungarian,43.0,1.0,1.0,120.0,291.0,0.0,1.0,155.0,0.0,0.0,2,1
hungarian_089,hungarian,55.0,1.0,4.0,140.0,229.0,0.0,0.0,110.0,1.0,0.5,0,0
hungarian_091,hungarian,39.0,1.0,4.0,130.0,307.0,0.0,0.0,140.0,0.0,0.0,0,0
hungarian_092,hungarian,52.0,0.0,2.0,120.0,210.0,0.0,0.0,148.0,0.0,0.0,0,0
hungarian_093,hungarian,48.0,1.0,4.0,160.0,329.0,0.0,0.0,92.0,1.0,1.5,2,1
hungarian_094,hungarian,39.0,0.0,3.0,110.0,182.0,0.0,1.0,180.0,0.0,0.0,0,0
hungarian_095,hungarian,58.0,1.0,4.0,130.0,263.0,0.0,0.0,140.0,1.0,2.0,2,1
hungarian_096,hungarian,43.0,1.0,2.0,142.0,207.0,0.0,0.0,138.0,0.0,0.0,0,0
hungarian_097,hungarian,39.0,1.0,3.0,160.0,147.0,1.0,0.0,160.0,0.0,0.0,0,0
hungarian_098,hungarian,56.0,1.0,4.0,120.0,85.0,0.0,0.0,140.0,0.0,0.0,0,0
hungarian_099,hungarian,41.0,1.0,2.0,125.0,269.0,0.0,0.0,144.0,0.0,0.0,0,0
hungarian_100,hungarian,65.0,1.0,4.0,130.0,275.0,0.0,1.0,115.0,1.0,1.0,4,1
hungarian_101,hungarian,51.0,1.0,4.0,130.0,179.0,0.0,0.0,100.0,0.0,0.0,0,0
hungarian_102,hungarian,40.0,0.0,4.0,150.0,392.0,0.0,0.0,130.0,0.0,2.0,2,1
hungarian_104,hungarian,46.0,1.0,4.0,118.0,186.0,0.0,0.0,124.0,0.0,0.0,1,1
hungarian_105,hungarian,57.0,1.0,2.0,140.0,260.0,1.0,0.0,140.0,0.0,0.0,0,0
hungarian_106,hungarian,48.0,0.0,4.0,120.0,254.0,0.0,1.0,110.0,0.0,0.0,0,0
hungarian_107,hungarian,34.0,1.0,2.0,150.0,214.0,0.0,1.0,168.0,0.0,0.0,0,0
hungarian_108,hungarian,50.0,1.0,4.0,140.0,129.0,0.0,0.0,135.0,0.0,0.0,0,0
hungarian_109,hungarian,39.0,1.0,2.0,190.0,241.0,0.0,0.0,106.0,0.0,0.0,0,0
hungarian_110,hungarian,59.0,0.0,2.0,130.0,188.0,0.0,0.0,124.0,0.0,1.0,0,0
hungarian_111,hungarian,57.0,1.0,4.0,150.0,255.0,0.0,0.0,92.0,1.0,3.0,2,1
hungarian_112,hungarian,47.0,1.0,4.0,140.0,276.0,1.0,0.0,125.0,1.0,0.0,0,0
hungarian_113,hungarian,38.0,1.0,2.0,140.0,297.0,0.0,0.0,150.0,0.0,0.0,0,0
hungarian_114,hungarian,49.0,0.0,3.0,130.0,207.0,0.0,1.0,135.0,0.0,0.0,0,0
hungarian_115,hungarian,33.0,0.0,4.0,100.0,246.0,0.0,0.0,150.0,1.0,1.0,1,1
hungarian_116,hungarian,38.0,1.0,4.0,120.0,282.0,0.0,0.0,170.0,0.0,0.0,1,1
hungarian_117,hungarian,59.0,0.0,4.0,130.0,338.0,1.0,1.0,130.0,1.0,1.5,1,1
hungarian_118,hungarian,35.0,0.0,1.0,120.0,160.0,0.0,1.0,185.0,0.0,0.0,0,0
hungarian_119,hungarian,34.0,1.0,1.0,140.0,156.0,0.0,0.0,180.0,0.0,0.0,1,1
hungarian_120,hungarian,47.0,0.0,3.0,135.0,248.0,1.0,0.0,170.0,0.0,0.0,3,1
hungarian_121,hungarian,52.0,0.0,3.0,125.0,272.0,0.0,0.0,139.0,0.0,0.0,0,0
hungarian_122,hungarian,46.0,1.0,4.0,110.0,240.0,0.0,1.0,140.0,0.0,0.0,0,0
hungarian_123,hungarian,58.0,0.0,2.0,180.0,393.0,0.0,0.0,110.0,1.0,1.0,4,1
hungarian_124,hungarian,58.0,1.0,2.0,130.0,230.0,0.0,0.0,150.0,0.0,0.0,0,0
hungarian_125,hungarian,54.0,1.0,2.0,120.0,246.0,0.0,0.0,110.0,0.0,0.0,0,0
hungarian_126,hungarian,34.0,0.0,2.0,130.0,161.0,0.0,0.0,190.0,0.0,0.0,0,0
hungarian_127,hungarian,48.0,0.0,4.0,108.0,163.0,0.0,0.0,175.0,0.0,2.0,0,0
hungarian_128,hungarian,54.0,0.0,2.0,120.0,230.0,1.0,0.0,140.0,0.0,0.0,0,0
hungarian_129,hungarian,42.0,1.0,3.0,120.0,228.0,0.0,0.0,152.0,1.0,1.5,0,0
hungarian_130,hungarian,38.0,1.0,3.0,145.0,292.0,0.0,0.0,130.0,0.0,0.0,0,0
hungarian_131,hungarian,46.0,1.0,4.0,110.0,202.0,0.0,0.0,150.0,1.0,0.0,1,1
hungarian_132,hungarian,56.0,1.0,4.0,170.0,388.0,0.0,1.0,122.0,1.0,2.0,3,1
hungarian_133,hungarian,56.0,1.0,4.0,150.0,230.0,0.0,1.0,124.0,1.0,1.5,3,1
hungarian_134,hungarian,61.0,0.0,4.0,130.0,294.0,0.0,1.0,120.0,1.0,1.0,0,0
hungarian_135,hungarian,49.0,1.0,3.0,115.0,265.0,0.0,0.0,175.0,0.0,0.0,1,1
hungarian_136,hungarian,43.0,0.0,2.0,120.0,215.0,0.0,1.0,175.0,0.0,0.0,0,0
hungarian_139,hungarian,43.0,1.0,4.0,150.0,247.0,0.0,0.0,130.0,1.0,2.0,1,1
hungarian_140,hungarian,52.0,1.0,4.0,160.0,331.0,0.0,0.0,94.0,1.0,2.5,4,1
hungarian_141,hungarian,50.0,1.0,4.0,140.0,341.0,0.0,1.0,125.0,1.0,2.5,4,1
hungarian_142,hungarian,47.0,1.0,4.0,160.0,291.0,0.0,1.0,158.0,1.0,3.0,4,1
hungarian_143,hungarian,53.0,1.0,4.0,140.0,243.0,0.0,0.0,155.0,0.0,0.0,0,0
hungarian_144,hungarian,56.0,0.0,2.0,120.0,279.0,0.0,0.0,150.0,0.0,1.0,3,1
hungarian_145,hungarian,39.0,1.0,4.0,110.0,273.0,0.0,0.0,132.0,0.0,0.0,0,0
hungarian_146,hungarian,42.0,1.0,2.0,120.0,198.0,0.0,0.0,155.0,0.0,0.0,0,0
hungarian_147,hungarian,43.0,0.0,2.0,120.0,249.0,0.0,1.0,176.0,0.0,0.0,0,0
hungarian_148,hungarian,50.0,1.0,2.0,120.0,168.0,0.0,0.0,160.0,0.0,0.0,0,0
hungarian_149,hungarian,54.0,1.0,4.0,130.0,603.0,1.0,0.0,125.0,1.0,1.0,2,1
hungarian_152,hungarian,40.0,1.0,2.0,130.0,275.0,0.0,0.0,150.0,0.0,0.0,0,0
hungarian_153,hungarian,55.0,1.0,4.0,120.0,270.0,0.0,0.0,140.0,0.0,0.0,0,0
hungarian_154,hungarian,41.0,1.0,2.0,120.0,291.0,0.0,1.0,160.0,0.0,0.0,0,0
hungarian_155,hungarian,56.0,1.0,4.0,155.0,342.0,1.0,0.0,150.0,1.0,3.0,4,1
hungarian_158,hungarian,44.0,1.0,4.0,130.0,290.0,0.0,0.0,100.0,1.0,2.0,3,1
hungarian_159,hungarian,54.0,1.0,2.0,160.0,195.0,0.0,1.0,130.0,0.0,1.0,0,0
hungarian_160,hungarian,59.0,1.0,4.0,140.0,264.0,1.0,2.0,119.0,1.0,0.0,3,1
hungarian_161,hungarian,49.0,1.0,4.0,128.0,212.0,0.0,0.0,96.0,1.0,0.0,4,1
hungarian_162,hungarian,47.0,1.0,2.0,160.0,263.0,0.0,0.0,174.0,0.0,0.0,0,0
hungarian_164,hungarian,42.0,1.0,2.0,120.0,196.0,0.0,0.0,150.0,0.0,0.0,0,0
hungarian_166,hungarian,46.0,1.0,1.0,140.0,272.0,1.0,0.0,175.0,0.0,2.0,3,1
hungarian_167,hungarian,50.0,1.0,4.0,140.0,231.0,0.0,1.0,140.0,1.0,5.0,4,1
hungarian_168,hungarian,48.0,1.0,2.0,140.0,238.0,0.0,0.0,118.0,0.0,0.0,0,0
hungarian_169,hungarian,58.0,1.0,4.0,135.0,222.0,0.0,0.0,100.0,0.0,0.0,0,0
hungarian_170,hungarian,58.0,1.0,3.0,140.0,179.0,0.0,0.0,160.0,0.0,0.0,0,0
hungarian_171,hungarian,29.0,1.0,2.0,120.0,243.0,0.0,0.0,160.0,0.0,0.0,0,0
hungarian_173,hungarian,53.0,1.0,2.0,140.0,320.0,0.0,0.0,162.0,0.0,0.0,0,0
hungarian_174,hungarian,49.0,1.0,3.0,140.0,187.0,0.0,0.0,172.0,0.0,0.0,0,0
hungarian_175,hungarian,52.0,1.0,4.0,140.0,266.0,0.0,0.0,134.0,1.0,2.0,4,1
hungarian_176,hungarian,43.0,1.0,4.0,140.0,288.0,0.0,0.0,135.0,1.0,2.0,4,1
hungarian_177,hungarian,54.0,1.0,4.0,140.0,216.0,0.0,0.0,105.0,0.0,1.5,3,1
hungarian_178,hungarian,59.0,1.0,2.0,140.0,287.0,0.0,0.0,150.0,0.0,0.0,0,0
hungarian_179,hungarian,37.0,1.0,3.0,130.0,194.0,0.0,0.0,150.0,0.0,0.0,0,0
hungarian_180,hungarian,46.0,0.0,4.0,130.0,238.0,0.0,0.0,90.0,0.0,0.0,0,0
hungarian_181,hungarian,52.0,1.0,4.0,130.0,225.0,0.0,0.0,120.0,1.0,2.0,1,1
hungarian_182,hungarian,51.0,1.0,2.0,130.0,224.0,0.0,0.0,150.0,0.0,0.0,0,0
hungarian_183,hungarian,52.0,1.0,4.0,140.0,404.0,0.0,0.0,124.0,1.0,2.0,3,1
hungarian_184,hungarian,46.0,1.0,4.0,110.0,238.0,0.0,1.0,140.0,1.0,1.0,0,0
hungarian_185,hungarian,54.0,0.0,2.0,160.0,312.0,0.0,0.0,130.0,0.0,0.0,0,0
hungarian_186,hungarian,58.0,1.0,3.0,160.0,211.0,1.0,1.0,92.0,0.0,0.0,2,1
hungarian_187,hungarian,58.0,1.0,2.0,130.0,251.0,0.0,0.0,110.0,0.0,0.0,0,0
hungarian_189,hungarian,50.0,0.0,4.0,120.0,328.0,0.0,0.0,110.0,1.0,1.0,0,0
hungarian_190,hungarian,53.0,1.0,4.0,180.0,285.0,0.0,1.0,120.0,1.0,1.5,3,1
hungarian_191,hungarian,46.0,1.0,4.0,180.0,280.0,0.0,1.0,120.0,0.0,0.0,0,0
hungarian_192,hungarian,50.0,1.0,2.0,170.0,209.0,0.0,1.0,116.0,0.0,0.0,0,0
hungarian_193,hungarian,48.0,1.0,2.0,130.0,245.0,0.0,0.0,160.0,0.0,0.0,0,0
hungarian_195,hungarian,41.0,0.0,2.0,125.0,184.0,0.0,0.0,180.0,0.0,0.0,0,0
hungarian_196,hungarian,62.0,0.0,1.0,160.0,193.0,0.0,0.0,116.0,0.0,0.0,0,0
hungarian_198,hungarian,42.0,1.0,2.0,150.0,268.0,0.0,0.0,136.0,0.0,0.0,0,0
hungarian_199,hungarian,53.0,1.0,4.0,120.0,246.0,0.0,0.0,116.0,1.0,0.0,2,1
hungarian_200,hungarian,57.0,0.0,1.0,130.0,308.0,0.0,0.0,98.0,0.0,1.0,0,0
hungarian_201,hungarian,47.0,1.0,1.0,110.0,249.0,0.0,0.0,150.0,0.0,0.0,0,0
hungarian_202,hungarian,46.0,1.0,3.0,120.0,230.0,0.0,0.0,150.0,0.0,0.0,0,0
hungarian_203,hungarian,42.0,1.0,3.0,160.0,147.0,0.0,0.0,146.0,0.0,0.0,0,0
hungarian_204,hungarian,31.0,0.0,2.0,100.0,219.0,0.0,1.0,150.0,0.0,0.0,0,0
hungarian_205,hungarian,56.0,1.0,2.0,130.0,184.0,0.0,0.0,100.0,0.0,0.0,0,0
hungarian_206,hungarian,50.0,1.0,4.0,150.0,215.0,0.0,0.0,140.0,1.0,0.0,0,0
hungarian_207,hungarian,35.0,1.0,2.0,120.0,308.0,0.0,2.0,180.0,0.0,0.0,0,0
hungarian_208,hungarian,35.0,1.0,2.0,110.0,257.0,0.0,0.0,140.0,0.0,0.0,1,1
hungarian_209,hungarian,28.0,1.0,2.0,130.0,132.0,0.0,2.0,185.0,0.0,0.0,0,0
hungarian_210,hungarian,54.0,1.0,4.0,125.0,216.0,0.0,0.0,140.0,0.0,0.0,1,1
hungarian_211,hungarian,48.0,1.0,4.0,106.0,263.0,1.0,0.0,110.0,0.0,0.0,1,1
hungarian_212,hungarian,50.0,0.0,3.0,140.0,288.0,0.0,0.0,140.0,1.0,0.0,1,1
hungarian_213,hungarian,56.0,1.0,3.0,130.0,276.0,0.0,0.0,128.0,1.0,1.0,0,0
hungarian_215,hungarian,47.0,1.0,4.0,150.0,226.0,0.0,0.0,98.0,1.0,1.5,1,1
hungarian_216,hungarian,30.0,0.0,1.0,170.0,237.0,0.0,1.0,170.0,0.0,0.0,0,0
hungarian_217,hungarian,39.0,1.0,4.0,110.0,280.0,0.0,0.0,150.0,0.0,0.0,2,1
hungarian_218,hungarian,54.0,1.0,3.0,120.0,217.0,0.0,0.0,137.0,0.0,0.0,0,0
hungarian_219,hungarian,55.0,1.0,2.0,140.0,196.0,0.0,0.0,150.0,0.0,0.0,0,0
hungarian_221,hungarian,46.0,1.0,4.0,130.0,222.0,0.0,0.0,112.0,0.0,0.0,2,1
hungarian_222,hungarian,51.0,0.0,4.0,160.0,303.0,0.0,0.0,150.0,1.0,1.0,1,1
hungarian_223,hungarian,48.0,0.0,3.0,120.0,195.0,0.0,0.0,125.0,0.0,0.0,0,0
hungarian_224,hungarian,33.0,1.0,3.0,120.0,298.0,0.0,0.0,185.0,0.0,0.0,0,0
hungarian_225,hungarian,55.0,1.0,2.0,120.0,256.0,1.0,0.0,137.0,0.0,0.0,0,0
hungarian_226,hungarian,50.0,1.0,4.0,145.0,264.0,0.0,0.0,150.0,0.0,0.0,1,1
hungarian_227,hungarian,53.0,1.0,3.0,120.0,195.0,0.0,0.0,140.0,0.0,0.0,0,0
hungarian_228,hungarian,38.0,1.0,4.0,92.0,117.0,0.0,0.0,134.0,1.0,2.5,1,1
hungarian_229,hungarian,41.0,1.0,2.0,120.0,295.0,0.0,0.0,170.0,0.0,0.0,0,0
hungarian_230,hungarian,37.0,0.0,4.0,130.0,173.0,0.0,1.0,184.0,0.0,0.0,0,0
hungarian_231,hungarian,37.0,1.0,4.0,130.0,315.0,0.0,0.0,158.0,0.0,0.0,0,0
hungarian_232,hungarian,40.0,1.0,3.0,130.0,281.0,0.0,0.0,167.0,0.0,0.0,0,0
hungarian_234,hungarian,41.0,1.0,4.0,112.0,250.0,0.0,0.0,142.0,0.0,0.0,0,0
hungarian_236,hungarian,39.0,1.0,2.0,120.0,200.0,0.0,0.0,160.0,1.0,1.0,0,0
hungarian_237,hungarian,41.0,1.0,4.0,120.0,336.0,0.0,0.0,118.0,1.0,3.0,4,1
hungarian_239,hungarian,48.0,1.0,4.0,160.0,355.0,0.0,0.0,99.0,1.0,2.0,2,1
hungarian_240,hungarian,48.0,1.0,4.0,160.0,193.0,0.0,0.0,102.0,1.0,3.0,2,1
hungarian_241,hungarian,55.0,1.0,2.0,145.0,326.0,0.0,0.0,155.0,0.0,0.0,0,0
hungarian_242,hungarian,54.0,1.0,4.0,200.0,198.0,0.0,0.0,142.0,1.0,2.0,2,1
hungarian_243,hungarian,55.0,1.0,2.0,160.0,292.0,1.0,0.0,143.0,1.0,2.0,3,1
hungarian_244,hungarian,43.0,0.0,2.0,120.0,266.0,0.0,0.0,118.0,0.0,0.0,0,0
hungarian_245,hungarian,48.0,1.0,4.0,160.0,268.0,0.0,0.0,103.0,1.0,1.0,1,1
hungarian_246,hungarian,54.0,1.0,1.0,120.0,171.0,0.0,0.0,137.0,0.0,2.0,0,0
hungarian_247,hungarian,54.0,1.0,3.0,120.0,237.0,0.0,0.0,150.0,1.0,1.5,2,1
hungarian_248,hungarian,48.0,1.0,4.0,122.0,275.0,1.0,1.0,150.0,1.0,2.0,2,1
hungarian_249,hungarian,45.0,1.0,4.0,130.0,219.0,0.0,1.0,130.0,1.0,1.0,2,1
hungarian_250,hungarian,49.0,1.0,4.0,130.0,341.0,0.0,0.0,120.0,1.0,1.0,3,1
hungarian_251,hungarian,44.0,1.0,4.0,135.0,491.0,0.0,0.0,135.0,0.0,0.0,4,1
hungarian_252,hungarian,48.0,1.0,4.0,120.0,260.0,0.0,0.0,115.0,0.0,2.0,1,1
hungarian_253,hungarian,61.0,1.0,4.0,125.0,292.0,0.0,1.0,115.0,1.0,0.0,0,0
hungarian_254,hungarian,62.0,1.0,2.0,140.0,271.0,0.0,0.0,152.0,0.0,1.0,0,0
hungarian_255,hungarian,55.0,1.0,4.0,145.0,248.0,0.0,0.0,96.0,1.0,2.0,3,1
hungarian_256,hungarian,53.0,0.0,3.0,120.0,274.0,0.0,0.0,130.0,0.0,0.0,0,0
hungarian_257,hungarian,55.0,0.0,2.0,130.0,394.0,0.0,2.0,150.0,0.0,0.0,0,0
hungarian_258,hungarian,36.0,1.0,3.0,150.0,160.0,0.0,0.0,172.0,0.0,0.0,0,0
hungarian_259,hungarian,51.0,0.0,3.0,150.0,200.0,0.0,0.0,120.0,0.0,0.5,0,0
hungarian_260,hungarian,55.0,0.0,2.0,122.0,320.0,0.0,0.0,155.0,0.0,0.0,0,0
hungarian_261,hungarian,46.0,1.0,2.0,140.0,275.0,0.0,0.0,165.0,1.0,0.0,0,0
hungarian_262,hungarian,54.0,0.0,2.0,120.0,221.0,0.0,0.0,138.0,0.0,1.0,0,0
hungarian_263,hungarian,46.0,1.0,4.0,120.0,231.0,0.0,0.0,115.0,1.0,0.0,2,1
hungarian_265,hungarian,47.0,1.0,3.0,140.0,193.0,0.0,0.0,145.0,1.0,1.0,1,1
hungarian_266,hungarian,54.0,1.0,2.0,160.0,305.0,0.0,0.0,175.0,0.0,0.0,0,0
hungarian_267,hungarian,52.0,1.0,4.0,130.0,298.0,0.0,0.0,110.0,1.0,1.0,3,1
hungarian_268,hungarian,34.0,1.0,2.0,98.0,220.0,0.0,0.0,150.0,0.0,0.0,0,0
hungarian_269,hungarian,54.0,1.0,4.0,130.0,242.0,0.0,0.0,91.0,1.0,1.0,2,1
hungarian_271,hungarian,45.0,1.0,4.0,120.0,225.0,0.0,0.0,140.0,0.0,0.0,0,0
hungarian_272,hungarian,32.0,0.0,2.0,105.0,198.0,0.0,0.0,165.0,0.0,0.0,0,0
hungarian_273,hungarian,55.0,1.0,4.0,140.0,201.0,0.0,0.0,130.0,1.0,3.0,1,1
hungarian_274,hungarian,55.0,1.0,3.0,120.0,220.0,0.0,2.0,134.0,0.0,0.0,0,0
hungarian_276,hungarian,59.0,1.0,3.0,180.0,213.0,0.0,0.0,100.0,0.0,0.0,0,0
hungarian_277,hungarian,51.0,1.0,3.0,135.0,160.0,0.0,0.0,150.0,0.0,2.0,3,1
hungarian_279,hungarian,57.0,0.0,4.0,180.0,347.0,0.0,1.0,126.0,1.0,0.8,0,0
hungarian_280,hungarian,54.0,0.0,2.0,130.0,253.0,0.0,1.0,155.0,0.0,0.0,0,0
hungarian_281,hungarian,60.0,1.0,3.0,120.0,246.0,0.0,2.0,135.0,0.0,0.0,0,0
hungarian_282,hungarian,49.0,1.0,4.0,150.0,222.0,0.0,0.0,122.0,0.0,2.0,4,1
hungarian_283,hungarian,51.0,0.0,3.0,130.0,220.0,0.0,0.0,160.0,1.0,2.0,0,0
hungarian_284,hungarian,55.0,0.0,2.0,110.0,344.0,0.0,1.0,160.0,0.0,0.0,0,0
hungarian_285,hungarian,42.0,1.0,4.0,140.0,358.0,0.0,0.0,170.0,0.0,0.0,0,0
hungarian_286,hungarian,51.0,0.0,3.0,110.0,190.0,0.0,0.0,120.0,0.0,0.0,0,0
hungarian_290,hungarian,36.0,1.0,2.0,120.0,166.0,0.0,0.0,180.0,0.0,0.0,0,0
hungarian_291,hungarian,48.0,1.0,3.0,110.0,211.0,0.0,0.0,138.0,0.0,0.0,0,0
hungarian_292,hungarian,47.0,0.0,2.0,140.0,257.0,0.0,0.0,135.0,0.0,1.0,0,0
hungarian_293,hungarian,53.0,1.0,4.0,130.0,182.0,0.0,0.0,148.0,0.0,0.0,0,0
switzerland_005,switzerland,38.0,0.0,4.0,110.0,0.0,0.0,0.0,156.0,0.0,0.0,1,1
switzerland_007,switzerland,38.0,1.0,3.0,115.0,0.0,0.0,0.0,128.0,1.0,0.0,1,1
switzerland_013,switzerland,42.0,1.0,4.0,145.0,0.0,0.0,0.0,99.0,1.0,0.0,2,1
switzerland_015,switzerland,43.0,1.0,4.0,115.0,0.0,0.0,0.0,145.0,1.0,2.0,4,1
switzerland_016,switzerland,43.0,1.0,4.0,140.0,0.0,0.0,1.0,140.0,1.0,0.5,2,1
switzerland_019,switzerland,46.0,1.0,4.0,115.0,0.0,0.0,0.0,113.0,1.0,1.5,1,1
switzerland_021,switzerland,47.0,1.0,3.0,155.0,0.0,0.0,0.0,118.0,1.0,1.0,3,1
switzerland_023,switzerland,47.0,1.0,4.0,160.0,0.0,0.0,0.0,124.0,1.0,0.0,1,1
switzerland_026,switzerland,50.0,1.0,4.0,115.0,0.0,0.0,0.0,120.0,1.0,0.5,3,1
switzerland_027,switzerland,50.0,1.0,4.0,120.0,0.0,0.0,1.0,156.0,1.0,0.0,3,1
switzerland_031,switzerland,51.0,1.0,4.0,120.0,0.0,1.0,0.0,104.0,0.0,0.0,3,1
switzerland_034,switzerland,51.0,1.0,4.0,140.0,0.0,0.0,0.0,60.0,0.0,0.0,2,1
switzerland_040,switzerland,53.0,1.0,2.0,120.0,0.0,0.0,0.0,95.0,0.0,0.0,3,1
switzerland_042,switzerland,53.0,1.0,3.0,105.0,0.0,0.0,0.0,115.0,0.0,0.0,1,1
switzerland_046,switzerland,53.0,1.0,4.0,130.0,0.0,0.0,2.0,135.0,1.0,1.0,2,1
switzerland_048,switzerland,54.0,1.0,4.0,120.0,0.0,0.0,0.0,155.0,0.0,0.0,2,1
switzerland_053,switzerland,55.0,1.0,4.0,120.0,0.0,0.0,1.0,92.0,0.0,0.3,4,1
switzerland_054,switzerland,55.0,1.0,4.0,140.0,0.0,0.0,0.0,83.0,0.0,0.0,2,1
switzerland_055,switzerland,56.0,1.0,3.0,120.0,0.0,0.0,0.0,97.0,0.0,0.0,0,0
switzerland_057,switzerland,56.0,1.0,3.0,155.0,0.0,0.0,1.0,99.0,0.0,0.0,2,1
switzerland_059,switzerland,56.0,1.0,4.0,120.0,0.0,0.0,1.0,100.0,1.0,-1.0,2,1
switzerland_060,switzerland,56.0,1.0,4.0,120.0,0.0,0.0,1.0,148.0,0.0,0.0,2,1
switzerland_061,switzerland,56.0,1.0,4.0,125.0,0.0,1.0,0.0,103.0,1.0,1.0,3,1
switzerland_065,switzerland,57.0,1.0,4.0,140.0,0.0,0.0,0.0,120.0,1.0,2.0,2,1
switzerland_070,switzerland,58.0,1.0,4.0,130.0,0.0,0.0,1.0,100.0,1.0,1.0,4,1
switzerland_074,switzerland,59.0,1.0,4.0,120.0,0.0,0.0,0.0,115.0,0.0,0.0,2,1
switzerland_076,switzerland,59.0,1.0,4.0,135.0,0.0,0.0,0.0,115.0,1.0,1.0,1,1
switzerland_080,switzerland,60.0,1.0,4.0,135.0,0.0,0.0,0.0,63.0,1.0,0.5,3,1
switzerland_081,switzerland,60.0,1.0,4.0,160.0,0.0,0.0,1.0,99.0,1.0,0.5,3,1
switzerland_086,switzerland,61.0,1.0,4.0,125.0,0.0,0.0,0.0,105.0,1.0,0.0,3,1
switzerland_087,switzerland,61.0,1.0,4.0,130.0,0.0,0.0,2.0,115.0,0.0,0.0,3,1
switzerland_089,switzerland,61.0,1.0,4.0,150.0,0.0,0.0,0.0,105.0,1.0,0.0,1,1
switzerland_090,switzerland,61.0,1.0,4.0,150.0,0.0,0.0,0.0,117.0,1.0,2.0,2,1
switzerland_091,switzerland,61.0,1.0,4.0,160.0,0.0,1.0,1.0,145.0,0.0,1.0,2,1
switzerland_095,switzerland,62.0,1.0,3.0,160.0,0.0,0.0,0.0,72.0,1.0,0.0,3,1
switzerland_101,switzerland,63.0,1.0,4.0,150.0,0.0,0.0,0.0,86.0,1.0,2.0,3,1
switzerland_103,switzerland,63.0,1.0,4.0,185.0,0.0,0.0,0.0,98.0,1.0,0.0,1,1
switzerland_104,switzerland,64.0,0.0,4.0,200.0,0.0,0.0,0.0,140.0,1.0,1.0,3,1
switzerland_107,switzerland,65.0,1.0,4.0,115.0,0.0,0.0,0.0,93.0,1.0,0.0,1,1
switzerland_112,switzerland,66.0,1.0,4.0,150.0,0.0,0.0,0.0,108.0,1.0,2.0,3,1
switzerland_113,switzerland,67.0,1.0,1.0,145.0,0.0,0.0,2.0,125.0,0.0,0.0,2,1
switzerland_114,switzerland,68.0,1.0,4.0,135.0,0.0,0.0,1.0,120.0,1.0,0.0,3,1
switzerland_116,switzerland,69.0,1.0,4.0,135.0,0.0,0.0,0.0,130.0,0.0,0.0,1,1
switzerland_118,switzerland,70.0,1.0,4.0,115.0,0.0,0.0,1.0,92.0,1.0,0.0,1,1
switzerland_119,switzerland,70.0,1.0,4.0,140.0,0.0,1.0,0.0,157.0,1.0,2.0,3,1
switzerland_121,switzerland,73.0,0.0,3.0,160.0,0.0,0.0,1.0,121.0,0.0,0.0,1,1
va_long_beach_000,va_long_beach,63.0,1.0,4.0,140.0,260.0,0.0,1.0,112.0,1.0,3.0,2,1
va_long_beach_001,va_long_beach,44.0,1.0,4.0,130.0,209.0,0.0,1.0,127.0,0.0,0.0,0,0
va_long_beach_002,va_long_beach,60.0,1.0,4.0,132.0,218.0,0.0,1.0,140.0,1.0,1.5,2,1
va_long_beach_003,va_long_beach,55.0,1.0,4.0,142.0,228.0,0.0,1.0,149.0,1.0,2.5,1,1
va_long_beach_004,va_long_beach,66.0,1.0,3.0,110.0,213.0,1.0,2.0,99.0,1.0,1.3,0,0
va_long_beach_005,va_long_beach,66.0,1.0,3.0,120.0,0.0,0.0,1.0,120.0,0.0,-0.5,0,0
va_long_beach_006,va_long_beach,65.0,1.0,4.0,150.0,236.0,1.0,1.0,105.0,1.0,0.0,3,1
va_long_beach_007,va_long_beach,60.0,1.0,3.0,180.0,0.0,0.0,1.0,140.0,1.0,1.5,0,0
va_long_beach_009,va_long_beach,60.0,1.0,2.0,160.0,267.0,1.0,1.0,157.0,0.0,0.5,1,1
va_long_beach_010,va_long_beach,56.0,1.0,2.0,126.0,166.0,0.0,1.0,140.0,0.0,0.0,0,0
va_long_beach_011,va_long_beach,59.0,1.0,4.0,140.0,0.0,0.0,1.0,117.0,1.0,1.0,1,1
va_long_beach_012,va_long_beach,62.0,1.0,4.0,110.0,0.0,0.0,0.0,120.0,1.0,0.5,1,1
va_long_beach_014,va_long_beach,57.0,1.0,4.0,128.0,0.0,1.0,1.0,148.0,1.0,1.0,1,1
va_long_beach_015,va_long_beach,62.0,1.0,4.0,120.0,220.0,0.0,1.0,86.0,0.0,0.0,0,0
va_long_beach_016,va_long_beach,63.0,1.0,4.0,170.0,177.0,0.0,0.0,84.0,1.0,2.5,4,1
va_long_beach_017,va_long_beach,46.0,1.0,4.0,110.0,236.0,0.0,0.0,125.0,1.0,2.0,1,1
va_long_beach_018,va_long_beach,63.0,1.0,4.0,126.0,0.0,0.0,1.0,120.0,0.0,1.5,0,0
va_long_beach_019,va_long_beach,60.0,1.0,4.0,152.0,0.0,0.0,1.0,118.0,1.0,0.0,0,0
va_long_beach_020,va_long_beach,58.0,1.0,4.0,116.0,0.0,0.0,0.0,124.0,0.0,1.0,2,1
va_long_beach_021,va_long_beach,64.0,1.0,4.0,120.0,0.0,1.0,1.0,106.0,0.0,2.0,1,1
va_long_beach_022,va_long_beach,63.0,1.0,3.0,130.0,0.0,0.0,1.0,111.0,1.0,0.0,3,1
va_long_beach_024,va_long_beach,52.0,1.0,3.0,128.0,0.0,0.0,1.0,180.0,0.0,3.0,2,1
va_long_beach_025,va_long_beach,69.0,1.0,4.0,130.0,0.0,1.0,1.0,129.0,0.0,1.0,2,1
va_long_beach_027,va_long_beach,60.0,1.0,4.0,130.0,186.0,1.0,1.0,140.0,1.0,0.5,1,1
va_long_beach_028,va_long_beach,56.0,1.0,4.0,120.0,100.0,0.0,0.0,120.0,1.0,1.5,1,1
va_long_beach_031,va_long_beach,77.0,1.0,4.0,124.0,171.0,0.0,1.0,110.0,1.0,2.0,3,1
va_long_beach_032,va_long_beach,63.0,1.0,4.0,160.0,230.0,1.0,0.0,105.0,1.0,1.0,3,1
va_long_beach_033,va_long_beach,55.0,1.0,3.0,0.0,0.0,0.0,0.0,155.0,0.0,1.5,3,1
va_long_beach_034,va_long_beach,52.0,1.0,3.0,122.0,0.0,0.0,0.0,110.0,1.0,2.0,2,1
va_long_beach_035,va_long_beach,64.0,1.0,4.0,144.0,0.0,0.0,1.0,122.0,1.0,1.0,3,1
va_long_beach_037,va_long_beach,60.0,1.0,4.0,120.0,0.0,0.0,0.0,133.0,1.0,2.0,0,0
va_long_beach_039,va_long_beach,59.0,1.0,4.0,154.0,0.0,0.0,1.0,131.0,1.0,1.5,0,0
va_long_beach_040,va_long_beach,61.0,1.0,3.0,120.0,0.0,0.0,0.0,80.0,1.0,0.0,3,1
va_long_beach_041,va_long_beach,40.0,1.0,4.0,125.0,0.0,1.0,0.0,165.0,0.0,0.0,1,1
va_long_beach_043,va_long_beach,41.0,1.0,4.0,104.0,0.0,0.0,1.0,111.0,0.0,0.0,0,0
va_long_beach_045,va_long_beach,63.0,1.0,4.0,136.0,0.0,0.0,0.0,84.0,1.0,0.0,2,1
va_long_beach_046,va_long_beach,59.0,1.0,4.0,122.0,233.0,0.0,0.0,117.0,1.0,1.3,1,1
va_long_beach_047,va_long_beach,51.0,1.0,4.0,128.0,0.0,0.0,0.0,107.0,0.0,0.0,0,0
va_long_beach_050,va_long_beach,55.0,1.0,3.0,120.0,0.0,0.0,1.0,125.0,1.0,2.5,1,1
va_long_beach_052,va_long_beach,62.0,1.0,4.0,152.0,153.0,0.0,1.0,97.0,1.0,1.6,2,1
va_long_beach_053,va_long_beach,56.0,1.0,2.0,124.0,224.0,1.0,0.0,161.0,0.0,2.0,0,0
va_long_beach_054,va_long_beach,53.0,1.0,4.0,126.0,0.0,0.0,0.0,106.0,0.0,0.0,1,1
va_long_beach_055,va_long_beach,68.0,1.0,4.0,138.0,0.0,0.0,0.0,130.0,1.0,3.0,2,1
va_long_beach_059,va_long_beach,59.0,1.0,4.0,178.0,0.0,1.0,2.0,120.0,1.0,0.0,1,1
va_long_beach_063,va_long_beach,56.0,1.0,3.0,170.0,0.0,0.0,2.0,123.0,1.0,2.5,4,1
va_long_beach_064,va_long_beach,58.0,1.0,2.0,126.0,0.0,1.0,0.0,110.0,1.0,2.0,2,1
va_long_beach_066,va_long_beach,67.0,1.0,1.0,142.0,270.0,1.0,0.0,125.0,0.0,2.5,3,1
va_long_beach_067,va_long_beach,58.0,1.0,4.0,120.0,0.0,0.0,2.0,106.0,1.0,1.5,1,1
va_long_beach_071,va_long_beach,57.0,1.0,4.0,140.0,214.0,0.0,1.0,144.0,1.0,2.0,2,1
va_long_beach_073,va_long_beach,54.0,1.0,4.0,136.0,220.0,0.0,0.0,140.0,1.0,3.0,3,1
va_long_beach_074,va_long_beach,72.0,1.0,3.0,120.0,214.0,0.0,0.0,102.0,1.0,1.0,3,1
va_long_beach_075,va_long_beach,75.0,1.0,4.0,170.0,203.0,1.0,1.0,108.0,0.0,0.0,1,1
va_long_beach_076,va_long_beach,49.0,1.0,1.0,130.0,0.0,0.0,1.0,145.0,0.0,3.0,2,1
va_long_beach_078,va_long_beach,60.0,1.0,4.0,142.0,216.0,0.0,0.0,110.0,1.0,2.5,2,1
va_long_beach_079,va_long_beach,64.0,0.0,4.0,142.0,276.0,0.0,0.0,140.0,1.0,1.0,1,1
va_long_beach_080,va_long_beach,58.0,1.0,4.0,132.0,458.0,1.0,0.0,69.0,0.0,1.0,0,0
va_long_beach_081,va_long_beach,61.0,1.0,4.0,146.0,241.0,0.0,0.0,148.0,1.0,3.0,2,1
va_long_beach_082,va_long_beach,67.0,1.0,4.0,160.0,384.0,1.0,1.0,130.0,1.0,0.0,2,1
va_long_beach_083,va_long_beach,62.0,1.0,4.0,135.0,297.0,0.0,0.0,130.0,1.0,1.0,2,1
va_long_beach_084,va_long_beach,65.0,1.0,4.0,136.0,248.0,0.0,0.0,140.0,1.0,4.0,4,1
va_long_beach_085,va_long_beach,63.0,1.0,4.0,130.0,308.0,0.0,0.0,138.0,1.0,2.0,2,1
va_long_beach_086,va_long_beach,69.0,1.0,4.0,140.0,208.0,0.0,1.0,140.0,1.0,2.0,3,1
va_long_beach_088,va_long_beach,62.0,1.0,4.0,158.0,210.0,1.0,0.0,112.0,1.0,3.0,1,1
va_long_beach_090,va_long_beach,75.0,1.0,4.0,136.0,225.0,0.0,0.0,112.0,1.0,3.0,3,1
va_long_beach_091,va_long_beach,40.0,1.0,3.0,106.0,240.0,0.0,0.0,80.0,1.0,0.0,0,0
va_long_beach_092,va_long_beach,67.0,1.0,4.0,120.0,0.0,1.0,0.0,150.0,0.0,1.5,3,1
va_long_beach_093,va_long_beach,58.0,1.0,4.0,110.0,198.0,0.0,0.0,110.0,0.0,0.0,1,1
va_long_beach_095,va_long_beach,63.0,1.0,4.0,160.0,267.0,1.0,1.0,88.0,1.0,2.0,3,1
va_long_beach_098,va_long_beach,43.0,1.0,4.0,122.0,0.0,0.0,0.0,120.0,0.0,0.5,1,1
va_long_beach_099,va_long_beach,63.0,1.0,3.0,130.0,0.0,1.0,1.0,160.0,0.0,3.0,0,0
va_long_beach_100,va_long_beach,68.0,1.0,3.0,150.0,195.0,1.0,0.0,132.0,0.0,0.0,1,1
va_long_beach_101,va_long_beach,65.0,1.0,4.0,150.0,235.0,0.0,0.0,120.0,1.0,1.5,3,1
va_long_beach_103,va_long_beach,63.0,1.0,4.0,96.0,305.0,0.0,1.0,121.0,1.0,1.0,1,1
va_long_beach_104,va_long_beach,64.0,1.0,4.0,130.0,223.0,0.0,1.0,128.0,0.0,0.5,0,0
va_long_beach_105,va_long_beach,61.0,1.0,4.0,120.0,282.0,0.0,1.0,135.0,1.0,4.0,3,1
va_long_beach_106,va_long_beach,50.0,1.0,4.0,144.0,349.0,0.0,2.0,120.0,1.0,1.0,1,1
va_long_beach_108,va_long_beach,55.0,1.0,4.0,150.0,160.0,0.0,1.0,150.0,0.0,0.0,0,0
va_long_beach_116,va_long_beach,55.0,1.0,4.0,116.0,186.0,1.0,1.0,102.0,0.0,0.0,2,1
va_long_beach_117,va_long_beach,63.0,1.0,4.0,110.0,252.0,0.0,1.0,140.0,1.0,2.0,2,1
va_long_beach_118,va_long_beach,59.0,1.0,4.0,125.0,222.0,0.0,0.0,135.0,1.0,2.5,3,1
va_long_beach_121,va_long_beach,74.0,1.0,4.0,150.0,258.0,1.0,1.0,130.0,1.0,4.0,3,1
va_long_beach_122,va_long_beach,54.0,1.0,4.0,130.0,202.0,1.0,0.0,112.0,1.0,2.0,1,1
va_long_beach_123,va_long_beach,57.0,1.0,4.0,110.0,197.0,0.0,2.0,100.0,0.0,0.0,0,0
va_long_beach_126,va_long_beach,54.0,0.0,4.0,138.0,274.0,0.0,0.0,105.0,1.0,1.5,1,1
va_long_beach_127,va_long_beach,70.0,1.0,4.0,170.0,192.0,0.0,1.0,129.0,1.0,3.0,2,1
va_long_beach_128,va_long_beach,61.0,0.0,2.0,140.0,298.0,1.0,0.0,120.0,1.0,0.0,0,0
va_long_beach_130,va_long_beach,48.0,1.0,3.0,132.0,220.0,1.0,1.0,162.0,0.0,0.0,1,1
va_long_beach_131,va_long_beach,61.0,1.0,1.0,142.0,200.0,1.0,1.0,100.0,0.0,1.5,3,1
va_long_beach_132,va_long_beach,66.0,1.0,4.0,112.0,261.0,0.0,0.0,140.0,0.0,1.5,1,1
va_long_beach_134,va_long_beach,55.0,1.0,4.0,172.0,260.0,0.0,0.0,73.0,0.0,2.0,3,1
va_long_beach_135,va_long_beach,62.0,1.0,3.0,120.0,220.0,0.0,2.0,86.0,0.0,0.0,0,0
va_long_beach_139,va_long_beach,58.0,1.0,3.0,150.0,219.0,0.0,1.0,118.0,1.0,0.0,2,1
va_long_beach_140,va_long_beach,75.0,1.0,4.0,160.0,310.0,1.0,0.0,112.0,1.0,2.0,0,0
va_long_beach_143,va_long_beach,64.0,1.0,4.0,134.0,273.0,0.0,0.0,102.0,1.0,4.0,4,1
va_long_beach_146,va_long_beach,59.0,1.0,4.0,140.0,274.0,0.0,0.0,154.0,1.0,2.0,0,0
va_long_beach_148,va_long_beach,57.0,1.0,4.0,144.0,270.0,1.0,1.0,160.0,1.0,2.0,3,1
va_long_beach_150,va_long_beach,41.0,1.0,4.0,150.0,171.0,0.0,0.0,128.0,1.0,1.5,0,0
va_long_beach_151,va_long_beach,71.0,1.0,4.0,130.0,221.0,0.0,1.0,115.0,1.0,0.0,3,1
va_long_beach_152,va_long_beach,38.0,1.0,4.0,110.0,289.0,0.0,0.0,105.0,1.0,1.5,1,1
va_long_beach_153,va_long_beach,55.0,1.0,4.0,158.0,217.0,0.0,0.0,110.0,1.0,2.5,1,1
va_long_beach_154,va_long_beach,56.0,1.0,4.0,128.0,223.0,0.0,1.0,119.0,1.0,2.0,2,1
va_long_beach_156,va_long_beach,64.0,1.0,4.0,150.0,193.0,0.0,1.0,135.0,1.0,0.5,2,1
va_long_beach_162,va_long_beach,57.0,1.0,4.0,156.0,173.0,0.0,2.0,119.0,1.0,3.0,3,1
va_long_beach_166,va_long_beach,69.0,1.0,4.0,122.0,216.0,1.0,2.0,84.0,1.0,0.0,2,1
va_long_beach_169,va_long_beach,57.0,1.0,2.0,180.0,285.0,1.0,1.0,120.0,0.0,0.8,1,1
va_long_beach_170,va_long_beach,53.0,1.0,4.0,124.0,243.0,0.0,0.0,122.0,1.0,2.0,1,1
va_long_beach_171,va_long_beach,37.0,1.0,3.0,118.0,240.0,0.0,2.0,165.0,0.0,1.0,0,0
va_long_beach_172,va_long_beach,67.0,1.0,4.0,140.0,219.0,0.0,1.0,122.0,1.0,2.0,3,1
va_long_beach_173,va_long_beach,74.0,1.0,3.0,140.0,237.0,1.0,0.0,94.0,0.0,0.0,1,1
va_long_beach_175,va_long_beach,58.0,1.0,4.0,100.0,213.0,0.0,1.0,110.0,0.0,0.0,0,0
va_long_beach_176,va_long_beach,61.0,1.0,4.0,190.0,287.0,1.0,2.0,150.0,1.0,2.0,4,1
va_long_beach_177,va_long_beach,64.0,1.0,4.0,130.0,258.0,1.0,2.0,130.0,0.0,0.0,2,1
va_long_beach_178,va_long_beach,58.0,1.0,4.0,160.0,256.0,1.0,2.0,113.0,1.0,1.0,3,1
va_long_beach_179,va_long_beach,60.0,1.0,4.0,130.0,186.0,1.0,2.0,140.0,1.0,0.5,1,1
va_long_beach_180,va_long_beach,57.0,1.0,4.0,122.0,264.0,0.0,2.0,100.0,0.0,0.0,1,1
va_long_beach_182,va_long_beach,55.0,1.0,4.0,120.0,226.0,0.0,2.0,127.0,1.0,1.7,1,1
va_long_beach_183,va_long_beach,56.0,1.0,4.0,130.0,203.0,1.0,0.0,98.0,0.0,1.5,1,1
va_long_beach_184,va_long_beach,57.0,1.0,4.0,130.0,207.0,0.0,1.0,96.0,1.0,1.0,0,0
va_long_beach_186,va_long_beach,61.0,1.0,3.0,120.0,337.0,0.0,0.0,98.0,1.0,0.0,3,1
va_long_beach_187,va_long_beach,58.0,1.0,3.0,150.0,219.0,0.0,1.0,118.0,1.0,0.0,2,1
va_long_beach_188,va_long_beach,74.0,1.0,4.0,155.0,310.0,0.0,0.0,112.0,1.0,1.5,2,1
va_long_beach_189,va_long_beach,68.0,1.0,3.0,134.0,254.0,1.0,0.0,151.0,1.0,0.0,0,0
va_long_beach_190,va_long_beach,51.0,0.0,4.0,114.0,258.0,1.0,2.0,96.0,0.0,1.0,0,0
va_long_beach_191,va_long_beach,62.0,1.0,4.0,160.0,254.0,1.0,1.0,108.0,1.0,3.0,4,1
va_long_beach_192,va_long_beach,53.0,1.0,4.0,144.0,300.0,1.0,1.0,128.0,1.0,1.5,3,1
va_long_beach_193,va_long_beach,62.0,1.0,4.0,158.0,170.0,0.0,1.0,138.0,1.0,0.0,1,1
va_long_beach_194,va_long_beach,46.0,1.0,4.0,134.0,310.0,0.0,0.0,126.0,0.0,0.0,2,1
va_long_beach_195,va_long_beach,54.0,0.0,4.0,127.0,333.0,1.0,1.0,154.0,0.0,0.0,1,1
va_long_beach_197,va_long_beach,55.0,1.0,4.0,122.0,223.0,1.0,1.0,100.0,0.0,0.0,2,1
va_long_beach_199,va_long_beach,62.0,1.0,2.0,120.0,254.0,0.0,2.0,93.0,1.0,0.0,1,1
