row_id,source_cohort,chol_was_zero,trestbps_was_zero,in_complete_case_740,in_after_zero_deletion_661
cleveland_000,cleveland,False,False,True,True
cleveland_001,cleveland,False,False,True,True
cleveland_002,cleveland,False,False,True,True
cleveland_003,cleveland,False,False,True,True
cleveland_004,cleveland,False,False,True,True
cleveland_005,cleveland,False,False,True,True
cleveland_006,cleveland,False,False,True,True
cleveland_007,cleveland,False,False,True,True
cleveland_008,cleveland,False,False,True,True
cleveland_009,cleveland,False,False,True,True
cleveland_010,cleveland,False,False,True,True
cleveland_011,cleveland,False,False,True,True
cleveland_012,cleveland,False,False,True,True
cleveland_013,cleveland,False,False,True,True
cleveland_014,cleveland,False,False,True,True
cleveland_015,cleveland,False,False,True,True
cleveland_016,cleveland,False,False,True,True
cleveland_017,cleveland,False,False,True,True
cleveland_018,cleveland,False,False,True,True
cleveland_019,cleveland,False,False,True,True
cleveland_020,cleveland,False,False,True,True
cleveland_021,cleveland,False,False,True,True
cleveland_022,cleveland,False,False,True,True
cleveland_023,cleveland,False,False,True,True
cleveland_024,cleveland,False,False,True,True
cleveland_025,cleveland,False,False,True,True
cleveland_026,cleveland,False,False,True,True
cleveland_027,cleveland,False,False,True,True
cleveland_028,cleveland,False,False,True,True
cleveland_029,cleveland,False,False,True,True
cleveland_030,cleveland,False,False,True,True
cleveland_031,cleveland,False,False,True,True
cleveland_032,cleveland,False,False,True,True
cleveland_033,cleveland,False,False,True,True
cleveland_034,cleveland,False,False,True,True
cleveland_035,cleveland,False,False,True,True
cleveland_036,cleveland,False,False,True,True
cleveland_037,cleveland,False,False,True,True
cleveland_038,cleveland,False,False,True,True
cleveland_039,cleveland,False,False,True,True
cleveland_040,cleveland,False,False,True,True
cleveland_041,cleveland,False,False,True,True
cleveland_042,cleveland,False,False,True,True
cleveland_043,cleveland,False,False,True,True
cleveland_044,cleveland,False,False,True,True
cleveland_045,cleveland,False,False,True,True
cleveland_046,cleveland,False,False,True,True
cleveland_047,cleveland,False,False,True,True
cleveland_048,cleveland,False,False,True,True
cleveland_049,cleveland,False,False,True,True
cleveland_050,cleveland,False,False,True,True
cleveland_051,cleveland,False,False,True,True
cleveland_052,cleveland,False,False,True,True
cleveland_053,cleveland,False,False,True,True
cleveland_054,cleveland,False,False,True,True
cleveland_055,cleveland,False,False,True,True
cleveland_056,cleveland,False,False,True,True
cleveland_057,cleveland,False,False,True,True
cleveland_058,cleveland,False,False,True,True
cleveland_059,cleveland,False,False,True,True
cleveland_060,cleveland,False,False,True,True
cleveland_061,cleveland,False,False,True,True
cleveland_062,cleveland,False,False,True,True
cleveland_063,cleveland,False,False,True,True
cleveland_064,cleveland,False,False,True,True
cleveland_065,cleveland,False,False,True,True
cleveland_066,cleveland,False,False,True,True
cleveland_067,cleveland,False,False,True,True
cleveland_068,cleveland,False,False,True,True
cleveland_069,cleveland,False,False,True,True
cleveland_070,cleveland,False,False,True,True
cleveland_071,cleveland,False,False,True,True
cleveland_072,cleveland,False,False,True,True
cleveland_073,cleveland,False,False,True,True
cleveland_074,cleveland,False,False,True,True
cleveland_075,cleveland,False,False,True,True
cleveland_076,cleveland,False,False,True,True
cleveland_077,cleveland,False,False,True,True
cleveland_078,cleveland,False,False,True,True
cleveland_079,cleveland,False,False,True,True
cleveland_080,cleveland,False,False,True,True
cleveland_081,cleveland,False,False,True,True
cleveland_082,cleveland,False,False,True,True
cleveland_083,cleveland,False,False,True,True
cleveland_084,cleveland,False,False,True,True
cleveland_085,cleveland,False,False,True,True
cleveland_086,cleveland,False,False,True,True
cleveland_087,cleveland,False,False,True,True
cleveland_088,cleveland,False,False,True,True
cleveland_089,cleveland,False,False,True,True
cleveland_090,cleveland,False,False,True,True
cleveland_091,cleveland,False,False,True,True
cleveland_092,cleveland,False,False,True,True
cleveland_093,cleveland,False,False,True,True
cleveland_094,cleveland,False,False,True,True
cleveland_095,cleveland,False,False,True,True
cleveland_096,cleveland,False,False,True,True
cleveland_097,cleveland,False,False,True,True
cleveland_098,cleveland,False,False,True,True
cleveland_099,cleveland,False,False,True,True
cleveland_100,cleveland,False,False,True,True
cleveland_101,cleveland,False,False,True,True
cleveland_102,cleveland,False,False,True,True
cleveland_103,cleveland,False,False,True,True
cleveland_104,cleveland,False,False,True,True
cleveland_105,cleveland,False,False,True,True
cleveland_106,cleveland,False,False,True,True
cleveland_107,cleveland,False,False,True,True
cleveland_108,cleveland,False,False,True,True
cleveland_109,cleveland,False,False,True,True
cleveland_110,cleveland,False,False,True,True
cleveland_111,cleveland,False,False,True,True
cleveland_112,cleveland,False,False,True,True
cleveland_113,cleveland,False,False,True,True
cleveland_114,cleveland,False,False,True,True
cleveland_115,cleveland,False,False,True,True
cleveland_116,cleveland,False,False,True,True
cleveland_117,cleveland,False,False,True,True
cleveland_118,cleveland,False,False,True,True
cleveland_119,cleveland,False,False,True,True
cleveland_120,cleveland,False,False,True,True
cleveland_121,cleveland,False,False,True,True
cleveland_122,cleveland,False,False,True,True
cleveland_123,cleveland,False,False,True,True
cleveland_124,cleveland,False,False,True,True
cleveland_125,cleveland,False,False,True,True
cleveland_126,cleveland,False,False,True,True
cleveland_127,cleveland,False,False,True,True
cleveland_128,cleveland,False,False,True,True
cleveland_129,cleveland,False,False,True,True
cleveland_130,cleveland,False,False,True,True
cleveland_131,cleveland,False,False,True,True
cleveland_132,cleveland,False,False,True,True
cleveland_133,cleveland,False,False,True,True
cleveland_134,cleveland,False,False,True,True
cleveland_135,cleveland,False,False,True,True
cleveland_136,cleveland,False,False,True,True
cleveland_137,cleveland,False,False,True,True
cleveland_138,cleveland,False,False,True,True
cleveland_139,cleveland,False,False,True,True
cleveland_140,cleveland,False,False,True,True
cleveland_141,cleveland,False,False,True,True
cleveland_142,cleveland,False,False,True,True
cleveland_143,cleveland,False,False,True,True
cleveland_144,cleveland,False,False,True,True
cleveland_145,cleveland,False,False,True,True
cleveland_146,cleveland,False,False,True,True
cleveland_147,cleveland,False,False,True,True
cleveland_148,cleveland,False,False,True,True
cleveland_149,cleveland,False,False,True,True
cleveland_150,cleveland,False,False,True,True
cleveland_151,cleveland,False,False,True,True
cleveland_152,cleveland,False,False,True,True
cleveland_153,cleveland,False,False,True,True
cleveland_154,cleveland,False,False,True,True
cleveland_155,cleveland,False,False,True,True
cleveland_156,cleveland,False,False,True,True
cleveland_157,cleveland,False,False,True,True
cleveland_158,cleveland,False,False,True,True
cleveland_159,cleveland,False,False,True,True
cleveland_160,cleveland,False,False,True,True
cleveland_161,cleveland,False,False,True,True
cleveland_162,cleveland,False,False,True,True
cleveland_163,cleveland,False,False,True,True
cleveland_164,cleveland,False,False,True,True
cleveland_165,cleveland,False,False,True,True
cleveland_166,cleveland,False,False,True,True
cleveland_167,cleveland,False,False,True,True
cleveland_168,cleveland,False,False,True,True
cleveland_169,cleveland,False,False,True,True
cleveland_170,cleveland,False,False,True,True
cleveland_171,cleveland,False,False,True,True
cleveland_172,cleveland,False,False,True,True
cleveland_173,cleveland,False,False,True,True
cleveland_174,cleveland,False,False,True,True
cleveland_175,cleveland,False,False,True,True
cleveland_176,cleveland,False,False,True,True
cleveland_177,cleveland,False,False,True,True
cleveland_178,cleveland,False,False,True,True
cleveland_179,cleveland,False,False,True,True
cleveland_180,cleveland,False,False,True,True
cleveland_181,cleveland,False,False,True,True
cleveland_182,cleveland,False,False,True,True
cleveland_183,cleveland,False,False,True,True
cleveland_184,cleveland,False,False,True,True
cleveland_185,cleveland,False,False,True,True
cleveland_186,cleveland,False,False,True,True
cleveland_187,cleveland,False,False,True,True
cleveland_188,cleveland,False,False,True,True
cleveland_189,cleveland,False,False,True,True
cleveland_190,cleveland,False,False,True,True
cleveland_191,cleveland,False,False,True,True
cleveland_192,cleveland,False,False,True,True
cleveland_193,cleveland,False,False,True,True
cleveland_194,cleveland,False,False,True,True
cleveland_195,cleveland,False,False,True,True
cleveland_196,cleveland,False,False,True,True
cleveland_197,cleveland,False,False,True,True
cleveland_198,cleveland,False,False,True,True
cleveland_199,cleveland,False,False,True,True
cleveland_200,cleveland,False,False,True,True
cleveland_201,cleveland,False,False,True,True
cleveland_202,cleveland,False,False,True,True
cleveland_203,cleveland,False,False,True,True
cleveland_204,cleveland,False,False,True,True
cleveland_205,cleveland,False,False,True,True
cleveland_206,cleveland,False,False,True,True
cleveland_207,cleveland,False,False,True,True
cleveland_208,cleveland,False,False,True,True
cleveland_209,cleveland,False,False,True,True
cleveland_210,cleveland,False,False,True,True
cleveland_211,cleveland,False,False,True,True
cleveland_212,cleveland,False,False,True,True
cleveland_213,cleveland,False,False,True,True
cleveland_214,cleveland,False,False,True,True
cleveland_215,cleveland,False,False,True,True
cleveland_216,cleveland,False,False,True,True
cleveland_217,cleveland,False,False,True,True
cleveland_218,cleveland,False,False,True,True
cleveland_219,cleveland,False,False,True,True
cleveland_220,cleveland,False,False,True,True
cleveland_221,cleveland,False,False,True,True
cleveland_222,cleveland,False,False,True,True
cleveland_223,cleveland,False,False,True,True
cleveland_224,cleveland,False,False,True,True
cleveland_225,cleveland,False,False,True,True
cleveland_226,cleveland,False,False,True,True
cleveland_227,cleveland,False,False,True,True
cleveland_228,cleveland,False,False,True,True
cleveland_229,cleveland,False,False,True,True
cleveland_230,cleveland,False,False,True,True
cleveland_231,cleveland,False,False,True,True
cleveland_232,cleveland,False,False,True,True
cleveland_233,cleveland,False,False,True,True
cleveland_234,cleveland,False,False,True,True
cleveland_235,cleveland,False,False,True,True
cleveland_236,cleveland,False,False,True,True
cleveland_237,cleveland,False,False,True,True
cleveland_238,cleveland,False,False,True,True
cleveland_239,cleveland,False,False,True,True
cleveland_240,cleveland,False,False,True,True
cleveland_241,cleveland,False,False,True,True
cleveland_242,cleveland,False,False,True,True
cleveland_243,cleveland,False,False,True,True
cleveland_244,cleveland,False,False,True,True
cleveland_245,cleveland,False,False,True,True
cleveland_246,cleveland,False,False,True,True
cleveland_247,cleveland,False,False,True,True
cleveland_248,cleveland,False,False,True,True
cleveland_249,cleveland,False,False,True,True
cleveland_250,cleveland,False,False,True,True
cleveland_251,cleveland,False,False,True,True
cleveland_252,cleveland,False,False,True,True
cleveland_253,cleveland,False,False,True,True
cleveland_254,cleveland,False,False,True,True
cleveland_255,cleveland,False,False,True,True
cleveland_256,cleveland,False,False,True,True
cleveland_257,cleveland,False,False,True,True
cleveland_258,cleveland,False,False,True,True
cleveland_259,cleveland,False,False,True,True
cleveland_260,cleveland,False,False,True,True
cleveland_261,cleveland,False,False,True,True
cleveland_262,cleveland,False,False,True,True
cleveland_263,cleveland,False,False,True,True
cleveland_264,cleveland,False,False,True,True
cleveland_265,cleveland,False,False,True,True
cleveland_266,cleveland,False,False,True,True
cleveland_267,cleveland,False,False,True,True
cleveland_268,cleveland,False,False,True,True
cleveland_269,cleveland,False,False,True,True
cleveland_270,cleveland,False,False,True,True
cleveland_271,cleveland,False,False,True,True
cleveland_272,cleveland,False,False,True,True
cleveland_273,cleveland,False,False,True,True
cleveland_274,cleveland,False,False,True,True
cleveland_275,cleveland,False,False,True,True
cleveland_276,cleveland,False,False,True,True
cleveland_277,cleveland,False,False,True,True
cleveland_278,cleveland,False,False,True,True
cleveland_279,cleveland,False,False,True,True
cleveland_280,cleveland,False,False,True,True
cleveland_281,cleveland,False,False,True,True
cleveland_282,cleveland,False,False,True,True
cleveland_283,cleveland,False,False,True,True
cleveland_284,cleveland,False,False,True,True
cleveland_285,cleveland,False,False,True,True
cleveland_286,cleveland,False,False,True,True
cleveland_287,cleveland,False,False,True,True
cleveland_288,cleveland,False,False,True,True
cleveland_289,cleveland,False,False,True,True
cleveland_290,cleveland,False,False,True,True
cleveland_291,cleveland,False,False,True,True
cleveland_292,cleveland,False,False,True,True
cleveland_293,cleveland,False,False,True,True
cleveland_294,cleveland,False,False,True,True
cleveland_295,cleveland,False,False,True,True
cleveland_296,cleveland,False,False,True,True
cleveland_297,cleveland,False,False,True,True
cleveland_298,cleveland,False,False,True,True
cleveland_299,cleveland,False,False,True,True
cleveland_300,cleveland,False,False,True,True
cleveland_301,cleveland,False,False,True,True
cleveland_302,cleveland,False,False,True,True
hungarian_000,hungarian,False,False,True,True
hungarian_001,hungarian,False,False,True,True
hungarian_002,hungarian,False,False,True,True
hungarian_003,hungarian,False,False,True,True
hungarian_004,hungarian,False,False,False,False
hungarian_005,hungarian,False,False,True,True
hungarian_006,hungarian,False,False,True,True
hungarian_007,hungarian,False,False,True,True
hungarian_008,hungarian,False,False,True,True
hungarian_009,hungarian,False,False,True,True
hungarian_010,hungarian,False,False,True,True
hungarian_011,hungarian,False,False,True,True
hungarian_012,hungarian,False,False,True,True
hungarian_013,hungarian,False,False,True,True
hungarian_014,hungarian,False,False,True,True
hungarian_015,hungarian,False,False,True,True
hungarian_016,hungarian,False,False,True,True
hungarian_017,hungarian,False,False,True,True
hungarian_018,hungarian,False,False,True,True
hungarian_019,hungarian,False,False,True,True
hungarian_020,hungarian,False,False,True,True
hungarian_021,hungarian,False,False,True,True
hungarian_022,hungarian,False,False,True,True
hungarian_023,hungarian,False,False,True,True
hungarian_024,hungarian,False,False,True,True
hungarian_025,hungarian,False,False,True,True
hungarian_026,hungarian,False,False,True,True
hungarian_027,hungarian,False,False,True,True
hungarian_028,hungarian,False,False,False,False
hungarian_029,hungarian,False,False,True,True
hungarian_030,hungarian,False,False,True,True
hungarian_031,hungarian,False,False,False,False
hungarian_032,hungarian,False,False,True,True
hungarian_033,hungarian,False,False,True,True
hungarian_034,hungarian,False,False,True,True
hungarian_035,hungarian,False,False,True,True
hungarian_036,hungarian,False,False,True,True
hungarian_037,hungarian,False,False,True,True
hungarian_038,hungarian,False,False,False,False
hungarian_039,hungarian,False,False,True,True
hungarian_040,hungarian,False,False,True,True
hungarian_041,hungarian,False,False,True,True
hungarian_042,hungarian,False,False,True,True
hungarian_043,hungarian,False,False,True,True
hungarian_044,hungarian,False,False,True,True
hungarian_045,hungarian,False,False,True,True
hungarian_046,hungarian,False,False,True,True
hungarian_047,hungarian,False,False,True,True
hungarian_048,hungarian,False,False,True,True
hungarian_049,hungarian,False,False,True,True
hungarian_050,hungarian,False,False,True,True
hungarian_051,hungarian,False,False,True,True
hungarian_052,hungarian,False,False,True,True
hungarian_053,hungarian,False,False,True,True
hungarian_054,hungarian,False,False,True,True
hungarian_055,hungarian,False,False,True,True
hungarian_056,hungarian,False,False,True,True
hungarian_057,hungarian,False,False,True,True
hungarian_058,hungarian,False,False,True,True
hungarian_059,hungarian,False,False,True,True
hungarian_060,hungarian,False,False,True,True
hungarian_061,hungarian,False,False,False,False
hungarian_062,hungarian,False,False,True,True
hungarian_063,hungarian,False,False,True,True
hungarian_064,hungarian,False,False,True,True
hungarian_065,hungarian,False,False,True,True
hungarian_066,hungarian,False,False,True,True
hungarian_067,hungarian,False,False,True,True
hungarian_068,hungarian,False,False,True,True
hungarian_069,hungarian,False,False,True,True
hungarian_070,hungarian,False,False,True,True
hungarian_071,hungarian,False,False,True,True
hungarian_072,hungarian,False,False,True,True
hungarian_073,hungarian,False,False,True,True
hungarian_074,hungarian,False,False,True,True
hungarian_075,hungarian,False,False,False,False
hungarian_076,hungarian,False,False,True,True
hungarian_077,hungarian,False,False,True,True
hungarian_078,hungarian,False,False,True,True
hungarian_079,hungarian,False,False,True,True
hungarian_080,hungarian,False,False,True,True
hungarian_081,hungarian,False,False,True,True
hungarian_082,hungarian,False,False,True,True
hungarian_083,hungarian,False,False,True,True
hungarian_084,hungarian,False,False,True,True
hungarian_085,hungarian,False,False,False,False
hungarian_086,hungarian,False,False,True,True
hungarian_087,hungarian,False,False,True,True
hungarian_088,hungarian,False,False,True,True
hungarian_089,hungarian,False,False,True,True
hungarian_090,hungarian,False,False,False,False
hungarian_091,hungarian,False,False,True,True
hungarian_092,hungarian,False,False,True,True
hungarian_093,hungarian,False,False,True,True
hungarian_094,hungarian,False,False,True,True
hungarian_095,hungarian,False,False,True,True
hungarian_096,hungarian,False,False,True,True
hungarian_097,hungarian,False,False,True,True
hungarian_098,hungarian,False,False,True,True
hungarian_099,hungarian,False,False,True,True
hungarian_100,hungarian,False,False,True,True
hungarian_101,hungarian,False,False,True,True
hungarian_102,hungarian,False,False,True,True
hungarian_103,hungarian,False,False,False,False
hungarian_104,hungarian,False,False,True,True
hungarian_105,hungarian,False,False,True,True
hungarian_106,hungarian,False,False,True,True
hungarian_107,hungarian,False,False,True,True
hungarian_108,hungarian,False,False,True,True
hungarian_109,hungarian,False,False,True,True
hungarian_110,hungarian,False,False,True,True
hungarian_111,hungarian,False,False,True,True
hungarian_112,hungarian,False,False,True,True
hungarian_113,hungarian,False,False,True,True
hungarian_114,hungarian,False,False,True,True
hungarian_115,hungarian,False,False,True,True
hungarian_116,hungarian,False,False,True,True
hungarian_117,hungarian,False,False,True,True
hungarian_118,hungarian,False,False,True,True
hungarian_119,hungarian,False,False,True,True
hungarian_120,hungarian,False,False,True,True
hungarian_121,hungarian,False,False,True,True
hungarian_122,hungarian,False,False,True,True
hungarian_123,hungarian,False,False,True,True
hungarian_124,hungarian,False,False,True,True
hungarian_125,hungarian,False,False,True,True
hungarian_126,hungarian,False,False,True,True
hungarian_127,hungarian,False,False,True,True
hungarian_128,hungarian,False,False,True,True
hungarian_129,hungarian,False,False,True,True
hungarian_130,hungarian,False,False,True,True
hungarian_131,hungarian,False,False,True,True
hungarian_132,hungarian,False,False,True,True
hungarian_133,hungarian,False,False,True,True
hungarian_134,hungarian,False,False,True,True
hungarian_135,hungarian,False,False,True,True
hungarian_136,hungarian,False,False,True,True
hungarian_137,hungarian,False,False,False,False
hungarian_138,hungarian,False,False,False,False
hungarian_139,hungarian,False,False,True,True
hungarian_140,hungarian,False,False,True,True
hungarian_141,hungarian,False,False,True,True
hungarian_142,hungarian,False,False,True,True
hungarian_143,hungarian,False,False,True,True
hungarian_144,hungarian,False,False,True,True
hungarian_145,hungarian,False,False,True,True
hungarian_146,hungarian,False,False,True,True
hungarian_147,hungarian,False,False,True,True
hungarian_148,hungarian,False,False,True,True
hungarian_149,hungarian,False,False,True,True
hungarian_150,hungarian,False,False,False,False
hungarian_151,hungarian,False,False,False,False
hungarian_152,hungarian,False,False,True,True
hungarian_153,hungarian,False,False,True,True
hungarian_154,hungarian,False,False,True,True
hungarian_155,hungarian,False,False,True,True
hungarian_156,hungarian,False,False,False,False
hungarian_157,hungarian,False,False,False,False
hungarian_158,hungarian,False,False,True,True
hungarian_159,hungarian,False,False,True,True
hungarian_160,hungarian,False,False,True,True
hungarian_161,hungarian,False,False,True,True
hungarian_162,hungarian,False,False,True,True
hungarian_163,hungarian,False,False,False,False
hungarian_164,hungarian,False,False,True,True
hungarian_165,hungarian,False,False,False,False
hungarian_166,hungarian,False,False,True,True
hungarian_167,hungarian,False,False,True,True
hungarian_168,hungarian,False,False,True,True
hungarian_169,hungarian,False,False,True,True
hungarian_170,hungarian,False,False,True,True
hungarian_171,hungarian,False,False,True,True
hungarian_172,hungarian,False,False,False,False
hungarian_173,hungarian,False,False,True,True
hungarian_174,hungarian,False,False,True,True
hungarian_175,hungarian,False,False,True,True
hungarian_176,hungarian,False,False,True,True
hungarian_177,hungarian,False,False,True,True
hungarian_178,hungarian,False,False,True,True
hungarian_179,hungarian,False,False,True,True
hungarian_180,hungarian,False,False,True,True
hungarian_181,hungarian,False,False,True,True
hungarian_182,hungarian,False,False,True,True
hungarian_183,hungarian,False,False,True,True
hungarian_184,hungarian,False,False,True,True
hungarian_185,hungarian,False,False,True,True
hungarian_186,hungarian,False,False,True,True
hungarian_187,hungarian,False,False,True,True
hungarian_188,hungarian,False,False,False,False
hungarian_189,hungarian,False,False,True,True
hungarian_190,hungarian,False,False,True,True
hungarian_191,hungarian,False,False,True,True
hungarian_192,hungarian,False,False,True,True
hungarian_193,hungarian,False,False,True,True
hungarian_194,hungarian,False,False,False,False
hungarian_195,hungarian,False,False,True,True
hungarian_196,hungarian,False,False,True,True
hungarian_197,hungarian,False,False,False,False
hungarian_198,hungarian,False,False,True,True
hungarian_199,hungarian,False,False,True,True
hungarian_200,hungarian,False,False,True,True
hungarian_201,hungarian,False,False,True,True
hungarian_202,hungarian,False,False,True,True
hungarian_203,hungarian,False,False,True,True
hungarian_204,hungarian,False,False,True,True
hungarian_205,hungarian,False,False,True,True
hungarian_206,hungarian,False,False,True,True
hungarian_207,hungarian,False,False,True,True
hungarian_208,hungarian,False,False,True,True
hungarian_209,hungarian,False,False,True,True
hungarian_210,hungarian,False,False,True,True
hungarian_211,hungarian,False,False,True,True
hungarian_212,hungarian,False,False,True,True
hungarian_213,hungarian,False,False,True,True
hungarian_214,hungarian,False,False,False,False
hungarian_215,hungarian,False,False,True,True
hungarian_216,hungarian,False,False,True,True
hungarian_217,hungarian,False,False,True,True
hungarian_218,hungarian,False,False,True,True
hungarian_219,hungarian,False,False,True,True
hungarian_220,hungarian,False,False,False,False
hungarian_221,hungarian,False,False,True,True
hungarian_222,hungarian,False,False,True,True
hungarian_223,hungarian,False,False,True,True
hungarian_224,hungarian,False,False,True,True
hungarian_225,hungarian,False,False,True,True
hungarian_226,hungarian,False,False,True,True
hungarian_227,hungarian,False,False,True,True
hungarian_228,hungarian,False,False,True,True
hungarian_229,hungarian,False,False,True,True
hungarian_230,hungarian,False,False,True,True
hungarian_231,hungarian,False,False,True,True
hungarian_232,hungarian,False,False,True,True
hungarian_233,hungarian,False,False,False,False
hungarian_234,hungarian,False,False,True,True
hungarian_235,hungarian,False,False,False,False
hungarian_236,hungarian,False,False,True,True
hungarian_237,hungarian,False,False,True,True
hungarian_238,hungarian,False,False,False,False
hungarian_239,hungarian,False,False,True,True
hungarian_240,hungarian,False,False,True,True
hungarian_241,hungarian,False,False,True,True
hungarian_242,hungarian,False,False,True,True
hungarian_243,hungarian,False,False,True,True
hungarian_244,hungarian,False,False,True,True
hungarian_245,hungarian,False,False,True,True
hungarian_246,hungarian,False,False,True,True
hungarian_247,hungarian,False,False,True,True
hungarian_248,hungarian,False,False,True,True
hungarian_249,hungarian,False,False,True,True
hungarian_250,hungarian,False,False,True,True
hungarian_251,hungarian,False,False,True,True
hungarian_252,hungarian,False,False,True,True
hungarian_253,hungarian,False,False,True,True
hungarian_254,hungarian,False,False,True,True
hungarian_255,hungarian,False,False,True,True
hungarian_256,hungarian,False,False,True,True
hungarian_257,hungarian,False,False,True,True
hungarian_258,hungarian,False,False,True,True
hungarian_259,hungarian,False,False,True,True
hungarian_260,hungarian,False,False,True,True
hungarian_261,hungarian,False,False,True,True
hungarian_262,hungarian,False,False,True,True
hungarian_263,hungarian,False,False,True,True
hungarian_264,hungarian,False,False,False,False
hungarian_265,hungarian,False,False,True,True
hungarian_266,hungarian,False,False,True,True
hungarian_267,hungarian,False,False,True,True
hungarian_268,hungarian,False,False,True,True
hungarian_269,hungarian,False,False,True,True
hungarian_270,hungarian,False,False,False,False
hungarian_271,hungarian,False,False,True,True
hungarian_272,hungarian,False,False,True,True
hungarian_273,hungarian,False,False,True,True
hungarian_274,hungarian,False,False,True,True
hungarian_275,hungarian,False,False,False,False
hungarian_276,hungarian,False,False,True,True
hungarian_277,hungarian,False,False,True,True
hungarian_278,hungarian,False,False,False,False
hungarian_279,hungarian,False,False,True,True
hungarian_280,hungarian,False,False,True,True
hungarian_281,hungarian,False,False,True,True
hungarian_282,hungarian,False,False,True,True
hungarian_283,hungarian,False,False,True,True
hungarian_284,hungarian,False,False,True,True
hungarian_285,hungarian,False,False,True,True
hungarian_286,hungarian,False,False,True,True
hungarian_287,hungarian,False,False,False,False
hungarian_288,hungarian,False,False,False,False
hungarian_289,hungarian,False,False,False,False
hungarian_290,hungarian,False,False,True,True
hungarian_291,hungarian,False,False,True,True
hungarian_292,hungarian,False,False,True,True
hungarian_293,hungarian,False,False,True,True
switzerland_000,switzerland,True,False,False,False
switzerland_001,switzerland,True,False,False,False
switzerland_002,switzerland,True,False,False,False
switzerland_003,switzerland,True,False,False,False
switzerland_004,switzerland,True,False,False,False
switzerland_005,switzerland,True,False,True,False
switzerland_006,switzerland,True,False,False,False
switzerland_007,switzerland,True,False,True,False
switzerland_008,switzerland,True,False,False,False
switzerland_009,switzerland,True,False,False,False
switzerland_010,switzerland,True,False,False,False
switzerland_011,switzerland,True,False,False,False
switzerland_012,switzerland,True,False,False,False
switzerland_013,switzerland,True,False,True,False
switzerland_014,switzerland,True,False,False,False
switzerland_015,switzerland,True,False,True,False
switzerland_016,switzerland,True,False,True,False
switzerland_017,switzerland,True,False,False,False
switzerland_018,switzerland,True,False,False,False
switzerland_019,switzerland,True,False,True,False
switzerland_020,switzerland,True,False,False,False
switzerland_021,switzerland,True,False,True,False
switzerland_022,switzerland,True,False,False,False
switzerland_023,switzerland,True,False,True,False
switzerland_024,switzerland,True,False,False,False
switzerland_025,switzerland,True,False,False,False
switzerland_026,switzerland,True,False,True,False
switzerland_027,switzerland,True,False,True,False
switzerland_028,switzerland,True,False,False,False
switzerland_029,switzerland,True,False,False,False
switzerland_030,switzerland,True,False,False,False
switzerland_031,switzerland,True,False,True,False
switzerland_032,switzerland,True,False,False,False
switzerland_033,switzerland,True,False,False,False
switzerland_034,switzerland,True,False,True,False
switzerland_035,switzerland,True,False,False,False
switzerland_036,switzerland,True,False,False,False
switzerland_037,switzerland,True,False,False,False
switzerland_038,switzerland,True,False,False,False
switzerland_039,switzerland,True,False,False,False
switzerland_040,switzerland,True,False,True,False
switzerland_041,switzerland,True,False,False,False
switzerland_042,switzerland,True,False,True,False
switzerland_043,switzerland,True,False,False,False
switzerland_044,switzerland,True,False,False,False
switzerland_045,switzerland,True,False,False,False
switzerland_046,switzerland,True,False,True,False
switzerland_047,switzerland,True,False,False,False
switzerland_048,switzerland,True,False,True,False
switzerland_049,switzerland,True,False,False,False
switzerland_050,switzerland,True,False,False,False
switzerland_051,switzerland,True,False,False,False
switzerland_052,switzerland,True,False,False,False
switzerland_053,switzerland,True,False,True,False
switzerland_054,switzerland,True,False,True,False
switzerland_055,switzerland,True,False,True,False
switzerland_056,switzerland,True,False,False,False
switzerland_057,switzerland,True,False,True,False
switzerland_058,switzerland,True,False,False,False
switzerland_059,switzerland,True,False,True,False
switzerland_060,switzerland,True,False,True,False
switzerland_061,switzerland,True,False,True,False
switzerland_062,switzerland,True,False,False,False
switzerland_063,switzerland,True,False,False,False
switzerland_064,switzerland,True,False,False,False
switzerland_065,switzerland,True,False,True,False
switzerland_066,switzerland,True,False,False,False
switzerland_067,switzerland,True,False,False,False
switzerland_068,switzerland,True,False,False,False
switzerland_069,switzerland,True,False,False,False
switzerland_070,switzerland,True,False,True,False
switzerland_071,switzerland,True,False,False,False
switzerland_072,switzerland,True,False,False,False
switzerland_073,switzerland,True,False,False,False
switzerland_074,switzerland,True,False,True,False
switzerland_075,switzerland,True,False,False,False
switzerland_076,switzerland,True,False,True,False
switzerland_077,switzerland,True,False,False,False
switzerland_078,switzerland,True,False,False,False
switzerland_079,switzerland,True,False,False,False
switzerland_080,switzerland,True,False,True,False
switzerland_081,switzerland,True,False,True,False
switzerland_082,switzerland,True,False,False,False
switzerland_083,switzerland,True,False,False,False
switzerland_084,switzerland,True,False,False,False
switzerland_085,switzerland,True,False,False,False
switzerland_086,switzerland,True,False,True,False
switzerland_087,switzerland,True,False,True,False
switzerland_088,switzerland,True,False,False,False
switzerland_089,switzerland,True,False,True,False
switzerland_090,switzerland,True,False,True,False
switzerland_091,switzerland,True,False,True,False
switzerland_092,switzerland,True,False,False,False
switzerland_093,switzerland,True,False,False,False
switzerland_094,switzerland,True,False,False,False
switzerland_095,switzerland,True,False,True,False
switzerland_096,switzerland,True,False,False,False
switzerland_097,switzerland,True,False,False,False
switzerland_098,switzerland,True,False,False,False
switzerland_099,switzerland,True,False,False,False
switzerland_100,switzerland,True,False,False,False
switzerland_101,switzerland,True,False,True,False
switzerland_102,switzerland,True,False,False,False
switzerland_103,switzerland,True,False,True,False
switzerland_104,switzerland,True,False,True,False
switzerland_105,switzerland,True,False,False,False
switzerland_106,switzerland,True,False,False,False
switzerland_107,switzerland,True,False,True,False
switzerland_108,switzerland,True,False,False,False
switzerland_109,switzerland,True,False,False,False
switzerland_110,switzerland,True,False,False,False
switzerland_111,switzerland,True,False,False,False
switzerland_112,switzerland,True,False,True,False
switzerland_113,switzerland,True,False,True,False
switzerland_114,switzerland,True,False,True,False
switzerland_115,switzerland,True,False,False,False
switzerland_116,switzerland,True,False,True,False
switzerland_117,switzerland,True,False,False,False
switzerland_118,switzerland,True,False,True,False
switzerland_119,switzerland,True,False,True,False
switzerland_120,switzerland,True,False,False,False
switzerland_121,switzerland,True,False,True,False
switzerland_122,switzerland,True,False,False,False
va_long_beach_000,va_long_beach,False,False,True,True
va_long_beach_001,va_long_beach,False,False,True,True
va_long_beach_002,va_long_beach,False,False,True,True
va_long_beach_003,va_long_beach,False,False,True,True
va_long_beach_004,va_long_beach,False,False,True,True
va_long_beach_005,va_long_beach,True,False,True,False
va_long_beach_006,va_long_beach,False,False,True,True
va_long_beach_007,va_long_beach,True,False,True,False
va_long_beach_008,va_long_beach,True,False,False,False
va_long_beach_009,va_long_beach,False,False,True,True
va_long_beach_010,va_long_beach,False,False,True,True
va_long_beach_011,va_long_beach,True,False,True,False
va_long_beach_012,va_long_beach,True,False,True,False
va_long_beach_013,va_long_beach,True,False,False,False
va_long_beach_014,va_long_beach,True,False,True,False
va_long_beach_015,va_long_beach,False,False,True,True
va_long_beach_016,va_long_beach,False,False,True,True
va_long_beach_017,va_long_beach,False,False,True,True
va_long_beach_018,va_long_beach,True,False,True,False
va_long_beach_019,va_long_beach,True,False,True,False
va_long_beach_020,va_long_beach,True,False,True,False
va_long_beach_021,va_long_beach,True,False,True,False
va_long_beach_022,va_long_beach,True,False,True,False
va_long_beach_023,va_long_beach,True,False,False,False
va_long_beach_024,va_long_beach,True,False,True,False
va_long_beach_025,va_long_beach,True,False,True,False
va_long_beach_026,va_long_beach,True,False,False,False
va_long_beach_027,va_long_beach,False,False,True,True
va_long_beach_028,va_long_beach,False,False,True,True
va_long_beach_029,va_long_beach,False,False,False,False
va_long_beach_030,va_long_beach,True,False,False,False
va_long_beach_031,va_long_beach,False,False,True,True
va_long_beach_032,va_long_beach,False,False,True,True
va_long_beach_033,va_long_beach,True,True,True,False
va_long_beach_034,va_long_beach,True,False,True,False
va_long_beach_035,va_long_beach,True,False,True,False
va_long_beach_036,va_long_beach,False,False,False,False
va_long_beach_037,va_long_beach,True,False,True,False
va_long_beach_038,va_long_beach,False,False,False,False
va_long_beach_039,va_long_beach,True,False,True,False
va_long_beach_040,va_long_beach,True,False,True,False
va_long_beach_041,va_long_beach,True,False,True,False
va_long_beach_042,va_long_beach,True,False,False,False
va_long_beach_043,va_long_beach,True,False,True,False
va_long_beach_044,va_long_beach,False,False,False,False
va_long_beach_045,va_long_beach,True,False,True,False
va_long_beach_046,va_long_beach,False,False,True,True
va_long_beach_047,va_long_beach,True,False,True,False
va_long_beach_048,va_long_beach,True,False,False,False
va_long_beach_049,va_long_beach,False,False,False,False
va_long_beach_050,va_long_beach,True,False,True,False
va_long_beach_051,va_long_beach,True,False,False,False
va_long_beach_052,va_long_beach,False,False,True,True
va_long_beach_053,va_long_beach,False,False,True,True
va_long_beach_054,va_long_beach,True,False,True,False
va_long_beach_055,va_long_beach,True,False,True,False
va_long_beach_056,va_long_beach,True,False,False,False
va_long_beach_057,va_long_beach,False,False,False,False
va_long_beach_058,va_long_beach,True,False,False,False
va_long_beach_059,va_long_beach,True,False,True,False
va_long_beach_060,va_long_beach,False,False,False,False
va_long_beach_061,va_long_beach,True,False,False,False
va_long_beach_062,va_long_beach,False,False,False,False
va_long_beach_063,va_long_beach,True,False,True,False
va_long_beach_064,va_long_beach,True,False,True,False
va_long_beach_065,va_long_beach,True,False,False,False
va_long_beach_066,va_long_beach,False,False,True,True
va_long_beach_067,va_long_beach,True,False,True,False
va_long_beach_068,va_long_beach,True,False,False,False
va_long_beach_069,va_long_beach,False,False,False,False
va_long_beach_070,va_long_beach,False,False,False,False
va_long_beach_071,va_long_beach,False,False,True,True
va_long_beach_072,va_long_beach,False,False,False,False
va_long_beach_073,va_long_beach,False,False,True,True
va_long_beach_074,va_long_beach,False,False,True,True
va_long_beach_075,va_long_beach,False,False,True,True
va_long_beach_076,va_long_beach,True,False,True,False
va_long_beach_077,va_long_beach,False,False,False,False
va_long_beach_078,va_long_beach,False,False,True,True
va_long_beach_079,va_long_beach,False,False,True,True
va_long_beach_080,va_long_beach,False,False,True,True
va_long_beach_081,va_long_beach,False,False,True,True
va_long_beach_082,va_long_beach,False,False,True,True
va_long_beach_083,va_long_beach,False,False,True,True
va_long_beach_084,va_long_beach,False,False,True,True
va_long_beach_085,va_long_beach,False,False,True,True
va_long_beach_086,va_long_beach,False,False,True,True
va_long_beach_087,va_long_beach,False,False,False,False
va_long_beach_088,va_long_beach,False,False,True,True
va_long_beach_089,va_long_beach,False,False,False,False
va_long_beach_090,va_long_beach,False,False,True,True
va_long_beach_091,va_long_beach,False,False,True,True
va_long_beach_092,va_long_beach,True,False,True,False
va_long_beach_093,va_long_beach,False,False,True,True
va_long_beach_094,va_long_beach,False,False,False,False
va_long_beach_095,va_long_beach,False,False,True,True
va_long_beach_096,va_long_beach,False,False,False,False
va_long_beach_097,va_long_beach,False,False,False,False
va_long_beach_098,va_long_beach,True,False,True,False
va_long_beach_099,va_long_beach,True,False,True,False
va_long_beach_100,va_long_beach,False,False,True,True
va_long_beach_101,va_long_beach,False,False,True,True
va_long_beach_102,va_long_beach,True,False,False,False
va_long_beach_103,va_long_beach,False,False,True,True
va_long_beach_104,va_long_beach,False,False,True,True
va_long_beach_105,va_long_beach,False,False,True,True
va_long_beach_106,va_long_beach,False,False,True,True
va_long_beach_107,va_long_beach,False,False,False,False
va_long_beach_108,va_long_beach,False,False,True,True
va_long_beach_109,va_long_beach,False,False,False,False
va_long_beach_110,va_long_beach,False,False,False,False
va_long_beach_111,va_long_beach,False,False,False,False
va_long_beach_112,va_long_beach,False,False,False,False
va_long_beach_113,va_long_beach,False,False,False,False
va_long_beach_114,va_long_beach,False,False,False,False
va_long_beach_115,va_long_beach,False,False,False,False
va_long_beach_116,va_long_beach,False,False,True,True
va_long_beach_117,va_long_beach,False,False,True,True
va_long_beach_118,va_long_beach,False,False,True,True
va_long_beach_119,va_long_beach,True,False,False,False
va_long_beach_120,va_long_beach,True,False,False,False
va_long_beach_121,va_long_beach,False,False,True,True
va_long_beach_122,va_long_beach,False,False,True,True
va_long_beach_123,va_long_beach,False,False,True,True
va_long_beach_124,va_long_beach,False,False,False,False
va_long_beach_125,va_long_beach,False,False,False,False
va_long_beach_126,va_long_beach,False,False,True,True
va_long_beach_127,va_long_beach,False,False,True,True
va_long_beach_128,va_long_beach,False,False,True,True
va_long_beach_129,va_long_beach,False,False,False,False
va_long_beach_130,va_long_beach,False,False,True,True
va_long_beach_131,va_long_beach,False,False,True,True
va_long_beach_132,va_long_beach,False,False,True,True
va_long_beach_133,va_long_beach,False,False,False,False
va_long_beach_134,va_long_beach,False,False,True,True
va_long_beach_135,va_long_beach,False,False,True,True
va_long_beach_136,va_long_beach,False,False,False,False
va_long_beach_137,va_long_beach,False,False,False,False
va_long_beach_138,va_long_beach,False,False,False,False
va_long_beach_139,va_long_beach,False,False,True,True
va_long_beach_140,va_long_beach,False,False,True,True
va_long_beach_141,va_long_beach,False,False,False,False
va_long_beach_142,va_long_beach,False,False,False,False
va_long_beach_143,va_long_beach,False,False,True,True
va_long_beach_144,va_long_beach,False,False,False,False
va_long_beach_145,va_long_beach,False,False,False,False
va_long_beach_146,va_long_beach,False,False,True,True
va_long_beach_147,va_long_beach,False,False,False,False
va_long_beach_148,va_long_beach,False,False,True,True
va_long_beach_149,va_long_beach,False,False,False,False
va_long_beach_150,va_long_beach,False,False,True,True
va_long_beach_151,va_long_beach,False,False,True,True
va_long_beach_152,va_long_beach,False,False,True,True
va_long_beach_153,va_long_beach,False,False,True,True
va_long_beach_154,va_long_beach,False,False,True,True
va_long_beach_155,va_long_beach,False,False,False,False
va_long_beach_156,va_long_beach,False,False,True,True
va_long_beach_157,va_long_beach,False,False,False,False
va_long_beach_158,va_long_beach,False,False,False,False
va_long_beach_159,va_long_beach,False,False,False,False
va_long_beach_160,va_long_beach,False,False,False,False
va_long_beach_161,va_long_beach,False,False,False,False
va_long_beach_162,va_long_beach,False,False,True,True
va_long_beach_163,va_long_beach,False,False,False,False
va_long_beach_164,va_long_beach,False,False,False,False
va_long_beach_165,va_long_beach,False,False,False,False
va_long_beach_166,va_long_beach,False,False,True,True
va_long_beach_167,va_long_beach,False,False,False,False
va_long_beach_168,va_long_beach,False,False,False,False
va_long_beach_169,va_long_beach,False,False,True,True
va_long_beach_170,va_long_beach,False,False,True,True
va_long_beach_171,va_long_beach,False,False,True,True
va_long_beach_172,va_long_beach,False,False,True,True
va_long_beach_173,va_long_beach,False,False,True,True
va_long_beach_174,va_long_beach,False,False,False,False
va_long_beach_175,va_long_beach,False,False,True,True
va_long_beach_176,va_long_beach,False,False,True,True
va_long_beach_177,va_long_beach,False,False,True,True
va_long_beach_178,va_long_beach,False,False,True,True
va_long_beach_179,va_long_beach,False,False,True,True
va_long_beach_180,va_long_beach,False,False,True,True
va_long_beach_181,va_long_beach,False,False,False,False
va_long_beach_182,va_long_beach,False,False,True,True
va_long_beach_183,va_long_beach,False,False,True,True
va_long_beach_184,va_long_beach,False,False,True,True
va_long_beach_185,va_long_beach,False,False,False,False
va_long_beach_186,va_long_beach,False,False,True,True
va_long_beach_187,va_long_beach,False,False,True,True
va_long_beach_188,va_long_beach,False,False,True,True
va_long_beach_189,va_long_beach,False,False,True,True
va_long_beach_190,va_long_beach,False,False,True,True
va_long_beach_191,va_long_beach,False,False,True,True
va_long_beach_192,va_long_beach,False,False,True,True
va_long_beach_193,va_long_beach,False,False,True,True
va_long_beach_194,va_long_beach,False,False,True,True
va_long_beach_195,va_long_beach,False,False,True,True
va_long_beach_196,va_long_beach,False,False,False,False
va_long_beach_197,va_long_beach,False,False,True,True
va_long_beach_198,va_long_beach,False,False,False,False
va_long_beach_199,va_long_beach,False,False,True,True
