row_id,source_cohort,target,partition
cleveland_000,cleveland,0,development
cleveland_001,cleveland,1,evaluation
cleveland_002,cleveland,1,development
cleveland_003,cleveland,0,development
cleveland_004,cleveland,0,development
cleveland_005,cleveland,0,evaluation
cleveland_006,cleveland,1,development
cleveland_007,cleveland,0,evaluation
cleveland_008,cleveland,1,evaluation
cleveland_009,cleveland,1,evaluation
cleveland_010,cleveland,0,development
cleveland_011,cleveland,0,development
cleveland_012,cleveland,1,development
cleveland_013,cleveland,0,development
cleveland_014,cleveland,0,evaluation
cleveland_015,cleveland,0,development
cleveland_016,cleveland,1,development
cleveland_017,cleveland,0,development
cleveland_018,cleveland,0,evaluation
cleveland_019,cleveland,0,development
cleveland_020,cleveland,0,evaluation
cleveland_021,cleveland,0,evaluation
cleveland_022,cleveland,1,development
cleveland_023,cleveland,1,development
cleveland_024,cleveland,1,development
cleveland_025,cleveland,0,evaluation
cleveland_026,cleveland,0,evaluation
cleveland_027,cleveland,0,development
cleveland_028,cleveland,0,evaluation
cleveland_029,cleveland,1,evaluation
cleveland_030,cleveland,0,development
cleveland_031,cleveland,1,evaluation
cleveland_032,cleveland,1,development
cleveland_033,cleveland,0,development
cleveland_034,cleveland,0,development
cleveland_035,cleveland,0,evaluation
cleveland_036,cleveland,1,development
cleveland_037,cleveland,1,development
cleveland_038,cleveland,1,development
cleveland_039,cleveland,0,evaluation
cleveland_040,cleveland,1,development
cleveland_041,cleveland,0,development
cleveland_042,cleveland,0,development
cleveland_043,cleveland,0,development
cleveland_044,cleveland,1,development
cleveland_045,cleveland,1,development
cleveland_046,cleveland,0,development
cleveland_047,cleveland,1,development
cleveland_048,cleveland,0,development
cleveland_049,cleveland,0,development
cleveland_050,cleveland,0,development
cleveland_051,cleveland,0,evaluation
cleveland_052,cleveland,1,development
cleveland_053,cleveland,0,development
cleveland_054,cleveland,1,evaluation
cleveland_055,cleveland,1,development
cleveland_056,cleveland,1,development
cleveland_057,cleveland,1,development
cleveland_058,cleveland,0,evaluation
cleveland_059,cleveland,0,development
cleveland_060,cleveland,1,development
cleveland_061,cleveland,0,development
cleveland_062,cleveland,1,evaluation
cleveland_063,cleveland,0,development
cleveland_064,cleveland,1,development
cleveland_065,cleveland,1,evaluation
cleveland_066,cleveland,1,evaluation
cleveland_067,cleveland,0,development
cleveland_068,cleveland,1,development
cleveland_069,cleveland,1,development
cleveland_070,cleveland,0,development
cleveland_071,cleveland,1,development
cleveland_072,cleveland,1,development
cleveland_073,cleveland,1,development
cleveland_074,cleveland,1,development
cleveland_075,cleveland,0,development
cleveland_076,cleveland,1,development
cleveland_077,cleveland,0,evaluation
cleveland_078,cleveland,0,evaluation
cleveland_079,cleveland,1,development
cleveland_080,cleveland,0,evaluation
cleveland_081,cleveland,0,development
cleveland_082,cleveland,0,evaluation
cleveland_083,cleveland,1,development
cleveland_084,cleveland,0,evaluation
cleveland_085,cleveland,0,development
cleveland_086,cleveland,0,development
cleveland_087,cleveland,0,development
cleveland_088,cleveland,0,development
cleveland_089,cleveland,0,development
cleveland_090,cleveland,0,evaluation
cleveland_091,cleveland,1,development
cleveland_092,cleveland,0,development
cleveland_093,cleveland,0,evaluation
cleveland_094,cleveland,0,evaluation
cleveland_095,cleveland,1,development
cleveland_096,cleveland,1,development
cleveland_097,cleveland,1,development
cleveland_098,cleveland,0,development
cleveland_099,cleveland,0,development
cleveland_100,cleveland,0,development
cleveland_101,cleveland,0,development
cleveland_102,cleveland,0,development
cleveland_103,cleveland,0,development
cleveland_104,cleveland,1,development
cleveland_105,cleveland,0,development
cleveland_106,cleveland,1,development
cleveland_107,cleveland,1,development
cleveland_108,cleveland,1,evaluation
cleveland_109,cleveland,1,development
cleveland_110,cleveland,1,evaluation
cleveland_111,cleveland,1,development
cleveland_112,cleveland,0,evaluation
cleveland_113,cleveland,1,evaluation
cleveland_114,cleveland,1,development
cleveland_115,cleveland,0,development
cleveland_116,cleveland,0,development
cleveland_117,cleveland,0,development
cleveland_118,cleveland,1,development
cleveland_119,cleveland,1,development
cleveland_120,cleveland,1,evaluation
cleveland_121,cleveland,1,development
cleveland_122,cleveland,0,development
cleveland_123,cleveland,1,development
cleveland_124,cleveland,1,development
cleveland_125,cleveland,0,evaluation
cleveland_126,cleveland,1,evaluation
cleveland_127,cleveland,1,evaluation
cleveland_128,cleveland,0,development
cleveland_129,cleveland,0,development
cleveland_130,cleveland,0,development
cleveland_131,cleveland,0,evaluation
cleveland_132,cleveland,0,development
cleveland_133,cleveland,0,evaluation
cleveland_134,cleveland,0,evaluation
cleveland_135,cleveland,0,development
cleveland_136,cleveland,1,development
cleveland_137,cleveland,1,evaluation
cleveland_138,cleveland,1,development
cleveland_139,cleveland,0,development
cleveland_140,cleveland,0,evaluation
cleveland_141,cleveland,1,evaluation
cleveland_142,cleveland,0,development
cleveland_143,cleveland,1,development
cleveland_144,cleveland,0,evaluation
cleveland_145,cleveland,1,development
cleveland_146,cleveland,1,development
cleveland_147,cleveland,0,development
cleveland_148,cleveland,0,development
cleveland_149,cleveland,0,development
cleveland_150,cleveland,0,development
cleveland_151,cleveland,0,development
cleveland_152,cleveland,0,evaluation
cleveland_153,cleveland,1,development
cleveland_154,cleveland,1,development
cleveland_155,cleveland,1,development
cleveland_156,cleveland,1,evaluation
cleveland_157,cleveland,1,evaluation
cleveland_158,cleveland,1,evaluation
cleveland_159,cleveland,0,development
cleveland_160,cleveland,0,development
cleveland_161,cleveland,1,development
cleveland_162,cleveland,0,development
cleveland_163,cleveland,0,evaluation
cleveland_164,cleveland,0,evaluation
cleveland_165,cleveland,0,development
cleveland_166,cleveland,0,development
cleveland_167,cleveland,0,evaluation
cleveland_168,cleveland,1,development
cleveland_169,cleveland,0,evaluation
cleveland_170,cleveland,1,development
cleveland_171,cleveland,0,development
cleveland_172,cleveland,1,development
cleveland_173,cleveland,0,evaluation
cleveland_174,cleveland,1,development
cleveland_175,cleveland,1,development
cleveland_176,cleveland,0,development
cleveland_177,cleveland,1,development
cleveland_178,cleveland,0,development
cleveland_179,cleveland,0,development
cleveland_180,cleveland,1,development
cleveland_181,cleveland,1,evaluation
cleveland_182,cleveland,0,development
cleveland_183,cleveland,0,development
cleveland_184,cleveland,1,evaluation
cleveland_185,cleveland,0,development
cleveland_186,cleveland,0,development
cleveland_187,cleveland,1,evaluation
cleveland_188,cleveland,1,development
cleveland_189,cleveland,1,development
cleveland_190,cleveland,0,development
cleveland_191,cleveland,1,evaluation
cleveland_192,cleveland,1,development
cleveland_193,cleveland,1,evaluation
cleveland_194,cleveland,0,development
cleveland_195,cleveland,1,evaluation
cleveland_196,cleveland,0,development
cleveland_197,cleveland,0,development
cleveland_198,cleveland,0,development
cleveland_199,cleveland,1,development
cleveland_200,cleveland,0,development
cleveland_201,cleveland,0,development
cleveland_202,cleveland,0,development
cleveland_203,cleveland,0,evaluation
cleveland_204,cleveland,0,development
cleveland_205,cleveland,1,evaluation
cleveland_206,cleveland,1,development
cleveland_207,cleveland,1,development
cleveland_208,cleveland,0,development
cleveland_209,cleveland,1,development
cleveland_210,cleveland,0,development
cleveland_211,cleveland,1,evaluation
cleveland_212,cleveland,0,development
cleveland_213,cleveland,1,development
cleveland_214,cleveland,1,development
cleveland_215,cleveland,0,development
cleveland_216,cleveland,0,evaluation
cleveland_217,cleveland,0,development
cleveland_218,cleveland,0,development
cleveland_219,cleveland,0,development
cleveland_220,cleveland,0,evaluation
cleveland_221,cleveland,0,evaluation
cleveland_222,cleveland,0,development
cleveland_223,cleveland,1,evaluation
cleveland_224,cleveland,1,development
cleveland_225,cleveland,0,evaluation
cleveland_226,cleveland,0,development
cleveland_227,cleveland,0,development
cleveland_228,cleveland,1,development
cleveland_229,cleveland,1,development
cleveland_230,cleveland,0,evaluation
cleveland_231,cleveland,1,development
cleveland_232,cleveland,1,development
cleveland_233,cleveland,0,development
cleveland_234,cleveland,0,development
cleveland_235,cleveland,1,development
cleveland_236,cleveland,1,evaluation
cleveland_237,cleveland,1,development
cleveland_238,cleveland,0,development
cleveland_239,cleveland,0,development
cleveland_240,cleveland,0,evaluation
cleveland_241,cleveland,0,evaluation
cleveland_242,cleveland,0,evaluation
cleveland_243,cleveland,1,evaluation
cleveland_244,cleveland,0,development
cleveland_245,cleveland,1,development
cleveland_246,cleveland,1,evaluation
cleveland_247,cleveland,1,evaluation
cleveland_248,cleveland,1,evaluation
cleveland_249,cleveland,0,development
cleveland_250,cleveland,0,development
cleveland_251,cleveland,1,development
cleveland_252,cleveland,0,development
cleveland_253,cleveland,0,evaluation
cleveland_254,cleveland,0,evaluation
cleveland_255,cleveland,0,development
cleveland_256,cleveland,0,evaluation
cleveland_257,cleveland,0,evaluation
cleveland_258,cleveland,0,evaluation
cleveland_259,cleveland,1,development
cleveland_260,cleveland,0,development
cleveland_261,cleveland,1,evaluation
cleveland_262,cleveland,0,development
cleveland_263,cleveland,0,development
cleveland_264,cleveland,1,development
cleveland_265,cleveland,1,development
cleveland_266,cleveland,1,evaluation
cleveland_267,cleveland,1,evaluation
cleveland_268,cleveland,1,evaluation
cleveland_269,cleveland,0,development
cleveland_270,cleveland,1,development
cleveland_271,cleveland,0,evaluation
cleveland_272,cleveland,1,development
cleveland_273,cleveland,0,development
cleveland_274,cleveland,1,evaluation
cleveland_275,cleveland,0,development
cleveland_276,cleveland,0,development
cleveland_277,cleveland,0,development
cleveland_278,cleveland,1,development
cleveland_279,cleveland,0,development
cleveland_280,cleveland,1,development
cleveland_281,cleveland,0,evaluation
cleveland_282,cleveland,1,development
cleveland_283,cleveland,0,development
cleveland_284,cleveland,1,development
cleveland_285,cleveland,1,development
cleveland_286,cleveland,1,evaluation
cleveland_287,cleveland,0,evaluation
cleveland_288,cleveland,0,evaluation
cleveland_289,cleveland,0,development
cleveland_290,cleveland,1,evaluation
cleveland_291,cleveland,0,development
cleveland_292,cleveland,1,development
cleveland_293,cleveland,1,development
cleveland_294,cleveland,1,development
cleveland_295,cleveland,0,development
cleveland_296,cleveland,1,evaluation
cleveland_297,cleveland,1,development
cleveland_298,cleveland,1,development
cleveland_299,cleveland,1,evaluation
cleveland_300,cleveland,1,development
cleveland_301,cleveland,1,development
cleveland_302,cleveland,0,development
hungarian_000,hungarian,0,development
hungarian_001,hungarian,1,evaluation
hungarian_002,hungarian,0,evaluation
hungarian_003,hungarian,1,development
hungarian_004,hungarian,0,development
hungarian_005,hungarian,0,development
hungarian_006,hungarian,0,development
hungarian_007,hungarian,0,development
hungarian_008,hungarian,1,evaluation
hungarian_009,hungarian,0,development
hungarian_010,hungarian,0,development
hungarian_011,hungarian,1,development
hungarian_012,hungarian,0,development
hungarian_013,hungarian,1,development
hungarian_014,hungarian,0,development
hungarian_015,hungarian,0,development
hungarian_016,hungarian,1,evaluation
hungarian_017,hungarian,0,development
hungarian_018,hungarian,1,development
hungarian_019,hungarian,1,evaluation
hungarian_020,hungarian,0,development
hungarian_021,hungarian,0,evaluation
hungarian_022,hungarian,0,evaluation
hungarian_023,hungarian,1,evaluation
hungarian_024,hungarian,0,evaluation
hungarian_025,hungarian,0,development
hungarian_026,hungarian,0,development
hungarian_027,hungarian,0,evaluation
hungarian_028,hungarian,0,development
hungarian_029,hungarian,0,development
hungarian_030,hungarian,1,development
hungarian_031,hungarian,0,evaluation
hungarian_032,hungarian,1,evaluation
hungarian_033,hungarian,1,development
hungarian_034,hungarian,0,development
hungarian_035,hungarian,0,development
hungarian_036,hungarian,1,development
hungarian_037,hungarian,0,development
hungarian_038,hungarian,0,development
hungarian_039,hungarian,0,development
hungarian_040,hungarian,0,development
hungarian_041,hungarian,1,development
hungarian_042,hungarian,0,development
hungarian_043,hungarian,0,development
hungarian_044,hungarian,1,development
hungarian_045,hungarian,0,development
hungarian_046,hungarian,0,development
hungarian_047,hungarian,0,development
hungarian_048,hungarian,0,development
hungarian_049,hungarian,1,evaluation
hungarian_050,hungarian,1,evaluation
hungarian_051,hungarian,1,evaluation
hungarian_052,hungarian,0,development
hungarian_053,hungarian,0,development
hungarian_054,hungarian,0,evaluation
hungarian_055,hungarian,0,evaluation
hungarian_056,hungarian,1,development
hungarian_057,hungarian,1,development
hungarian_058,hungarian,0,development
hungarian_059,hungarian,1,development
hungarian_060,hungarian,0,evaluation
hungarian_061,hungarian,0,development
hungarian_062,hungarian,0,development
hungarian_063,hungarian,1,evaluation
hungarian_064,hungarian,0,development
hungarian_065,hungarian,0,development
hungarian_066,hungarian,0,development
hungarian_067,hungarian,0,evaluation
hungarian_068,hungarian,1,development
hungarian_069,hungarian,0,development
hungarian_070,hungarian,1,evaluation
hungarian_071,hungarian,0,development
hungarian_072,hungarian,1,development
hungarian_073,hungarian,0,development
hungarian_074,hungarian,1,evaluation
hungarian_075,hungarian,0,development
hungarian_076,hungarian,1,development
hungarian_077,hungarian,0,development
hungarian_078,hungarian,0,development
hungarian_079,hungarian,1,evaluation
hungarian_080,hungarian,0,evaluation
hungarian_081,hungarian,0,development
hungarian_082,hungarian,1,development
hungarian_083,hungarian,0,development
hungarian_084,hungarian,1,development
hungarian_085,hungarian,1,development
hungarian_086,hungarian,1,evaluation
hungarian_087,hungarian,0,development
hungarian_088,hungarian,1,development
hungarian_089,hungarian,0,evaluation
hungarian_090,hungarian,0,evaluation
hungarian_091,hungarian,0,development
hungarian_092,hungarian,0,development
hungarian_093,hungarian,1,development
hungarian_094,hungarian,0,development
hungarian_095,hungarian,1,development
hungarian_096,hungarian,0,development
hungarian_097,hungarian,0,development
hungarian_098,hungarian,0,development
hungarian_099,hungarian,0,development
hungarian_100,hungarian,1,development
hungarian_101,hungarian,0,development
hungarian_102,hungarian,1,development
hungarian_103,hungarian,1,development
hungarian_104,hungarian,1,development
hungarian_105,hungarian,0,development
hungarian_106,hungarian,0,development
hungarian_107,hungarian,0,evaluation
hungarian_108,hungarian,0,evaluation
hungarian_109,hungarian,0,evaluation
hungarian_110,hungarian,0,evaluation
hungarian_111,hungarian,1,development
hungarian_112,hungarian,0,development
hungarian_113,hungarian,0,evaluation
hungarian_114,hungarian,0,development
hungarian_115,hungarian,1,development
hungarian_116,hungarian,1,development
hungarian_117,hungarian,1,development
hungarian_118,hungarian,0,evaluation
hungarian_119,hungarian,1,evaluation
hungarian_120,hungarian,1,development
hungarian_121,hungarian,0,development
hungarian_122,hungarian,0,development
hungarian_123,hungarian,1,development
hungarian_124,hungarian,0,development
hungarian_125,hungarian,0,evaluation
hungarian_126,hungarian,0,evaluation
hungarian_127,hungarian,0,development
hungarian_128,hungarian,0,evaluation
hungarian_129,hungarian,0,development
hungarian_130,hungarian,0,evaluation
hungarian_131,hungarian,1,evaluation
hungarian_132,hungarian,1,development
hungarian_133,hungarian,1,development
hungarian_134,hungarian,0,development
hungarian_135,hungarian,1,development
hungarian_136,hungarian,0,evaluation
hungarian_137,hungarian,0,development
hungarian_138,hungarian,1,evaluation
hungarian_139,hungarian,1,development
hungarian_140,hungarian,1,development
hungarian_141,hungarian,1,development
hungarian_142,hungarian,1,development
hungarian_143,hungarian,0,development
hungarian_144,hungarian,1,development
hungarian_145,hungarian,0,development
hungarian_146,hungarian,0,evaluation
hungarian_147,hungarian,0,development
hungarian_148,hungarian,0,evaluation
hungarian_149,hungarian,1,development
hungarian_150,hungarian,0,development
hungarian_151,hungarian,0,development
hungarian_152,hungarian,0,development
hungarian_153,hungarian,0,development
hungarian_154,hungarian,0,development
hungarian_155,hungarian,1,development
hungarian_156,hungarian,1,development
hungarian_157,hungarian,0,development
hungarian_158,hungarian,1,development
hungarian_159,hungarian,0,development
hungarian_160,hungarian,1,evaluation
hungarian_161,hungarian,1,evaluation
hungarian_162,hungarian,0,development
hungarian_163,hungarian,0,evaluation
hungarian_164,hungarian,0,development
hungarian_165,hungarian,0,development
hungarian_166,hungarian,1,development
hungarian_167,hungarian,1,development
hungarian_168,hungarian,0,evaluation
hungarian_169,hungarian,0,development
hungarian_170,hungarian,0,development
hungarian_171,hungarian,0,evaluation
hungarian_172,hungarian,0,evaluation
hungarian_173,hungarian,0,evaluation
hungarian_174,hungarian,0,development
hungarian_175,hungarian,1,development
hungarian_176,hungarian,1,development
hungarian_177,hungarian,1,development
hungarian_178,hungarian,0,development
hungarian_179,hungarian,0,development
hungarian_180,hungarian,0,development
hungarian_181,hungarian,1,development
hungarian_182,hungarian,0,development
hungarian_183,hungarian,1,development
hungarian_184,hungarian,0,development
hungarian_185,hungarian,0,development
hungarian_186,hungarian,1,development
hungarian_187,hungarian,0,development
hungarian_188,hungarian,1,development
hungarian_189,hungarian,0,development
hungarian_190,hungarian,1,evaluation
hungarian_191,hungarian,0,evaluation
hungarian_192,hungarian,0,evaluation
hungarian_193,hungarian,0,evaluation
hungarian_194,hungarian,0,evaluation
hungarian_195,hungarian,0,development
hungarian_196,hungarian,0,development
hungarian_197,hungarian,0,evaluation
hungarian_198,hungarian,0,evaluation
hungarian_199,hungarian,1,development
hungarian_200,hungarian,0,development
hungarian_201,hungarian,0,evaluation
hungarian_202,hungarian,0,development
hungarian_203,hungarian,0,development
hungarian_204,hungarian,0,development
hungarian_205,hungarian,0,development
hungarian_206,hungarian,0,development
hungarian_207,hungarian,0,development
hungarian_208,hungarian,1,development
hungarian_209,hungarian,0,development
hungarian_210,hungarian,1,development
hungarian_211,hungarian,1,development
hungarian_212,hungarian,1,evaluation
hungarian_213,hungarian,0,development
hungarian_214,hungarian,0,development
hungarian_215,hungarian,1,evaluation
hungarian_216,hungarian,0,development
hungarian_217,hungarian,1,development
hungarian_218,hungarian,0,development
hungarian_219,hungarian,0,development
hungarian_220,hungarian,0,development
hungarian_221,hungarian,1,development
hungarian_222,hungarian,1,development
hungarian_223,hungarian,0,evaluation
hungarian_224,hungarian,0,evaluation
hungarian_225,hungarian,0,development
hungarian_226,hungarian,1,development
hungarian_227,hungarian,0,development
hungarian_228,hungarian,1,development
hungarian_229,hungarian,0,development
hungarian_230,hungarian,0,development
hungarian_231,hungarian,0,development
hungarian_232,hungarian,0,evaluation
hungarian_233,hungarian,0,development
hungarian_234,hungarian,0,development
hungarian_235,hungarian,0,development
hungarian_236,hungarian,0,evaluation
hungarian_237,hungarian,1,development
hungarian_238,hungarian,1,development
hungarian_239,hungarian,1,development
hungarian_240,hungarian,1,development
hungarian_241,hungarian,0,development
hungarian_242,hungarian,1,development
hungarian_243,hungarian,1,evaluation
hungarian_244,hungarian,0,evaluation
hungarian_245,hungarian,1,evaluation
hungarian_246,hungarian,0,evaluation
hungarian_247,hungarian,1,evaluation
hungarian_248,hungarian,1,development
hungarian_249,hungarian,1,evaluation
hungarian_250,hungarian,1,evaluation
hungarian_251,hungarian,1,development
hungarian_252,hungarian,1,development
hungarian_253,hungarian,0,evaluation
hungarian_254,hungarian,0,development
hungarian_255,hungarian,1,development
hungarian_256,hungarian,0,development
hungarian_257,hungarian,0,development
hungarian_258,hungarian,0,development
hungarian_259,hungarian,0,development
hungarian_260,hungarian,0,evaluation
hungarian_261,hungarian,0,development
hungarian_262,hungarian,0,development
hungarian_263,hungarian,1,evaluation
hungarian_264,hungarian,1,development
hungarian_265,hungarian,1,evaluation
hungarian_266,hungarian,0,development
hungarian_267,hungarian,1,development
hungarian_268,hungarian,0,evaluation
hungarian_269,hungarian,1,development
hungarian_270,hungarian,0,evaluation
hungarian_271,hungarian,0,development
hungarian_272,hungarian,0,development
hungarian_273,hungarian,1,evaluation
hungarian_274,hungarian,0,evaluation
hungarian_275,hungarian,0,development
hungarian_276,hungarian,0,development
hungarian_277,hungarian,1,development
hungarian_278,hungarian,1,evaluation
hungarian_279,hungarian,0,development
hungarian_280,hungarian,0,development
hungarian_281,hungarian,0,development
hungarian_282,hungarian,1,development
hungarian_283,hungarian,0,development
hungarian_284,hungarian,0,evaluation
hungarian_285,hungarian,0,evaluation
hungarian_286,hungarian,0,evaluation
hungarian_287,hungarian,0,development
hungarian_288,hungarian,0,development
hungarian_289,hungarian,0,development
hungarian_290,hungarian,0,evaluation
hungarian_291,hungarian,0,development
hungarian_292,hungarian,0,development
hungarian_293,hungarian,0,development
switzerland_000,switzerland,1,evaluation
switzerland_001,switzerland,1,development
switzerland_002,switzerland,1,evaluation
switzerland_003,switzerland,1,development
switzerland_004,switzerland,1,evaluation
switzerland_005,switzerland,1,development
switzerland_006,switzerland,0,development
switzerland_007,switzerland,1,development
switzerland_008,switzerland,1,development
switzerland_009,switzerland,1,evaluation
switzerland_010,switzerland,1,development
switzerland_011,switzerland,1,development
switzerland_012,switzerland,1,development
switzerland_013,switzerland,1,evaluation
switzerland_014,switzerland,1,evaluation
switzerland_015,switzerland,1,evaluation
switzerland_016,switzerland,1,development
switzerland_017,switzerland,0,development
switzerland_018,switzerland,1,development
switzerland_019,switzerland,1,development
switzerland_020,switzerland,1,development
switzerland_021,switzerland,1,development
switzerland_022,switzerland,1,development
switzerland_023,switzerland,1,evaluation
switzerland_024,switzerland,1,development
switzerland_025,switzerland,1,development
switzerland_026,switzerland,1,development
switzerland_027,switzerland,1,development
switzerland_028,switzerland,1,development
switzerland_029,switzerland,1,development
switzerland_030,switzerland,1,development
switzerland_031,switzerland,1,development
switzerland_032,switzerland,1,evaluation
switzerland_033,switzerland,1,development
switzerland_034,switzerland,1,development
switzerland_035,switzerland,1,development
switzerland_036,switzerland,1,evaluation
switzerland_037,switzerland,1,development
switzerland_038,switzerland,1,evaluation
switzerland_039,switzerland,1,evaluation
switzerland_040,switzerland,1,development
switzerland_041,switzerland,0,development
switzerland_042,switzerland,1,development
switzerland_043,switzerland,1,development
switzerland_044,switzerland,1,development
switzerland_045,switzerland,1,development
switzerland_046,switzerland,1,development
switzerland_047,switzerland,0,evaluation
switzerland_048,switzerland,1,development
switzerland_049,switzerland,1,development
switzerland_050,switzerland,1,development
switzerland_051,switzerland,0,evaluation
switzerland_052,switzerland,1,development
switzerland_053,switzerland,1,development
switzerland_054,switzerland,1,development
switzerland_055,switzerland,0,development
switzerland_056,switzerland,1,development
switzerland_057,switzerland,1,evaluation
switzerland_058,switzerland,1,development
switzerland_059,switzerland,1,development
switzerland_060,switzerland,1,development
switzerland_061,switzerland,1,development
switzerland_062,switzerland,1,development
switzerland_063,switzerland,1,development
switzerland_064,switzerland,1,development
switzerland_065,switzerland,1,development
switzerland_066,switzerland,1,development
switzerland_067,switzerland,1,evaluation
switzerland_068,switzerland,1,development
switzerland_069,switzerland,1,development
switzerland_070,switzerland,1,development
switzerland_071,switzerland,1,development
switzerland_072,switzerland,1,development
switzerland_073,switzerland,1,evaluation
switzerland_074,switzerland,1,development
switzerland_075,switzerland,1,evaluation
switzerland_076,switzerland,1,development
switzerland_077,switzerland,1,evaluation
switzerland_078,switzerland,1,evaluation
switzerland_079,switzerland,1,development
switzerland_080,switzerland,1,development
switzerland_081,switzerland,1,development
switzerland_082,switzerland,1,development
switzerland_083,switzerland,1,development
switzerland_084,switzerland,1,development
switzerland_085,switzerland,1,development
switzerland_086,switzerland,1,development
switzerland_087,switzerland,1,development
switzerland_088,switzerland,1,development
switzerland_089,switzerland,1,evaluation
switzerland_090,switzerland,1,development
switzerland_091,switzerland,1,evaluation
switzerland_092,switzerland,1,development
switzerland_093,switzerland,1,development
switzerland_094,switzerland,1,evaluation
switzerland_095,switzerland,1,development
switzerland_096,switzerland,1,development
switzerland_097,switzerland,1,evaluation
switzerland_098,switzerland,1,evaluation
switzerland_099,switzerland,1,development
switzerland_100,switzerland,1,development
switzerland_101,switzerland,1,evaluation
switzerland_102,switzerland,1,evaluation
switzerland_103,switzerland,1,development
switzerland_104,switzerland,1,evaluation
switzerland_105,switzerland,1,evaluation
switzerland_106,switzerland,1,development
switzerland_107,switzerland,1,development
switzerland_108,switzerland,1,evaluation
switzerland_109,switzerland,0,development
switzerland_110,switzerland,1,development
switzerland_111,switzerland,1,development
switzerland_112,switzerland,1,evaluation
switzerland_113,switzerland,1,development
switzerland_114,switzerland,1,evaluation
switzerland_115,switzerland,1,development
switzerland_116,switzerland,1,development
switzerland_117,switzerland,1,development
switzerland_118,switzerland,1,evaluation
switzerland_119,switzerland,1,development
switzerland_120,switzerland,0,development
switzerland_121,switzerland,1,development
switzerland_122,switzerland,1,evaluation
va_long_beach_000,va_long_beach,1,development
va_long_beach_001,va_long_beach,0,development
va_long_beach_002,va_long_beach,1,development
va_long_beach_003,va_long_beach,1,development
va_long_beach_004,va_long_beach,0,development
va_long_beach_005,va_long_beach,0,development
va_long_beach_006,va_long_beach,1,development
va_long_beach_007,va_long_beach,0,evaluation
va_long_beach_008,va_long_beach,1,development
va_long_beach_009,va_long_beach,1,development
va_long_beach_010,va_long_beach,0,development
va_long_beach_011,va_long_beach,1,development
va_long_beach_012,va_long_beach,1,evaluation
va_long_beach_013,va_long_beach,1,development
va_long_beach_014,va_long_beach,1,development
va_long_beach_015,va_long_beach,0,development
va_long_beach_016,va_long_beach,1,development
va_long_beach_017,va_long_beach,1,evaluation
va_long_beach_018,va_long_beach,0,development
va_long_beach_019,va_long_beach,0,evaluation
va_long_beach_020,va_long_beach,1,evaluation
va_long_beach_021,va_long_beach,1,development
va_long_beach_022,va_long_beach,1,development
va_long_beach_023,va_long_beach,0,development
va_long_beach_024,va_long_beach,1,development
va_long_beach_025,va_long_beach,1,development
va_long_beach_026,va_long_beach,1,evaluation
va_long_beach_027,va_long_beach,1,development
va_long_beach_028,va_long_beach,1,development
va_long_beach_029,va_long_beach,1,development
va_long_beach_030,va_long_beach,1,development
va_long_beach_031,va_long_beach,1,evaluation
va_long_beach_032,va_long_beach,1,development
va_long_beach_033,va_long_beach,1,development
va_long_beach_034,va_long_beach,1,evaluation
va_long_beach_035,va_long_beach,1,evaluation
va_long_beach_036,va_long_beach,1,development
va_long_beach_037,va_long_beach,0,evaluation
va_long_beach_038,va_long_beach,1,development
va_long_beach_039,va_long_beach,0,evaluation
va_long_beach_040,va_long_beach,1,evaluation
va_long_beach_041,va_long_beach,1,evaluation
va_long_beach_042,va_long_beach,1,development
va_long_beach_043,va_long_beach,0,evaluation
va_long_beach_044,va_long_beach,1,development
va_long_beach_045,va_long_beach,1,development
va_long_beach_046,va_long_beach,1,evaluation
va_long_beach_047,va_long_beach,0,development
va_long_beach_048,va_long_beach,1,development
va_long_beach_049,va_long_beach,0,development
va_long_beach_050,va_long_beach,1,evaluation
va_long_beach_051,va_long_beach,0,development
va_long_beach_052,va_long_beach,1,evaluation
va_long_beach_053,va_long_beach,0,development
va_long_beach_054,va_long_beach,1,development
va_long_beach_055,va_long_beach,1,evaluation
va_long_beach_056,va_long_beach,1,evaluation
va_long_beach_057,va_long_beach,1,development
va_long_beach_058,va_long_beach,0,evaluation
va_long_beach_059,va_long_beach,1,development
va_long_beach_060,va_long_beach,0,development
va_long_beach_061,va_long_beach,1,development
va_long_beach_062,va_long_beach,1,development
va_long_beach_063,va_long_beach,1,evaluation
va_long_beach_064,va_long_beach,1,development
va_long_beach_065,va_long_beach,1,evaluation
va_long_beach_066,va_long_beach,1,development
va_long_beach_067,va_long_beach,1,evaluation
va_long_beach_068,va_long_beach,1,development
va_long_beach_069,va_long_beach,1,development
va_long_beach_070,va_long_beach,0,development
va_long_beach_071,va_long_beach,1,evaluation
va_long_beach_072,va_long_beach,0,development
va_long_beach_073,va_long_beach,1,development
va_long_beach_074,va_long_beach,1,development
va_long_beach_075,va_long_beach,1,development
va_long_beach_076,va_long_beach,1,evaluation
va_long_beach_077,va_long_beach,1,development
va_long_beach_078,va_long_beach,1,development
va_long_beach_079,va_long_beach,1,development
va_long_beach_080,va_long_beach,0,evaluation
va_long_beach_081,va_long_beach,1,development
va_long_beach_082,va_long_beach,1,evaluation
va_long_beach_083,va_long_beach,1,evaluation
va_long_beach_084,va_long_beach,1,development
va_long_beach_085,va_long_beach,1,evaluation
va_long_beach_086,va_long_beach,1,development
va_long_beach_087,va_long_beach,0,development
va_long_beach_088,va_long_beach,1,development
va_long_beach_089,va_long_beach,1,development
va_long_beach_090,va_long_beach,1,evaluation
va_long_beach_091,va_long_beach,0,evaluation
va_long_beach_092,va_long_beach,1,development
va_long_beach_093,va_long_beach,1,development
va_long_beach_094,va_long_beach,0,development
va_long_beach_095,va_long_beach,1,development
va_long_beach_096,va_long_beach,0,development
va_long_beach_097,va_long_beach,1,development
va_long_beach_098,va_long_beach,1,development
va_long_beach_099,va_long_beach,0,development
va_long_beach_100,va_long_beach,1,development
va_long_beach_101,va_long_beach,1,evaluation
va_long_beach_102,va_long_beach,1,development
va_long_beach_103,va_long_beach,1,development
va_long_beach_104,va_long_beach,0,evaluation
va_long_beach_105,va_long_beach,1,development
va_long_beach_106,va_long_beach,1,development
va_long_beach_107,va_long_beach,1,development
va_long_beach_108,va_long_beach,0,development
va_long_beach_109,va_long_beach,0,development
va_long_beach_110,va_long_beach,1,evaluation
va_long_beach_111,va_long_beach,0,evaluation
va_long_beach_112,va_long_beach,1,development
va_long_beach_113,va_long_beach,1,development
va_long_beach_114,va_long_beach,1,evaluation
va_long_beach_115,va_long_beach,1,development
va_long_beach_116,va_long_beach,1,development
va_long_beach_117,va_long_beach,1,development
va_long_beach_118,va_long_beach,1,evaluation
va_long_beach_119,va_long_beach,1,development
va_long_beach_120,va_long_beach,1,development
va_long_beach_121,va_long_beach,1,evaluation
va_long_beach_122,va_long_beach,1,development
va_long_beach_123,va_long_beach,0,development
va_long_beach_124,va_long_beach,1,evaluation
va_long_beach_125,va_long_beach,1,development
va_long_beach_126,va_long_beach,1,development
va_long_beach_127,va_long_beach,1,evaluation
va_long_beach_128,va_long_beach,0,development
va_long_beach_129,va_long_beach,0,evaluation
va_long_beach_130,va_long_beach,1,development
va_long_beach_131,va_long_beach,1,development
va_long_beach_132,va_long_beach,1,development
va_long_beach_133,va_long_beach,0,evaluation
va_long_beach_134,va_long_beach,1,development
va_long_beach_135,va_long_beach,0,development
va_long_beach_136,va_long_beach,1,evaluation
va_long_beach_137,va_long_beach,1,development
va_long_beach_138,va_long_beach,0,evaluation
va_long_beach_139,va_long_beach,1,development
va_long_beach_140,va_long_beach,0,development
va_long_beach_141,va_long_beach,1,evaluation
va_long_beach_142,va_long_beach,1,evaluation
va_long_beach_143,va_long_beach,1,development
va_long_beach_144,va_long_beach,0,development
va_long_beach_145,va_long_beach,0,development
va_long_beach_146,va_long_beach,0,development
va_long_beach_147,va_long_beach,1,development
va_long_beach_148,va_long_beach,1,development
va_long_beach_149,va_long_beach,1,evaluation
va_long_beach_150,va_long_beach,0,development
va_long_beach_151,va_long_beach,1,development
va_long_beach_152,va_long_beach,1,evaluation
va_long_beach_153,va_long_beach,1,development
va_long_beach_154,va_long_beach,1,evaluation
va_long_beach_155,va_long_beach,1,development
va_long_beach_156,va_long_beach,1,development
va_long_beach_157,va_long_beach,1,development
va_long_beach_158,va_long_beach,1,development
va_long_beach_159,va_long_beach,1,development
va_long_beach_160,va_long_beach,1,development
va_long_beach_161,va_long_beach,1,evaluation
va_long_beach_162,va_long_beach,1,evaluation
va_long_beach_163,va_long_beach,1,development
va_long_beach_164,va_long_beach,1,development
va_long_beach_165,va_long_beach,1,development
va_long_beach_166,va_long_beach,1,development
va_long_beach_167,va_long_beach,0,development
va_long_beach_168,va_long_beach,1,development
va_long_beach_169,va_long_beach,1,development
va_long_beach_170,va_long_beach,1,evaluation
va_long_beach_171,va_long_beach,0,development
va_long_beach_172,va_long_beach,1,development
va_long_beach_173,va_long_beach,1,development
va_long_beach_174,va_long_beach,0,development
va_long_beach_175,va_long_beach,0,evaluation
va_long_beach_176,va_long_beach,1,evaluation
va_long_beach_177,va_long_beach,1,development
va_long_beach_178,va_long_beach,1,evaluation
va_long_beach_179,va_long_beach,1,development
va_long_beach_180,va_long_beach,1,development
va_long_beach_181,va_long_beach,0,development
va_long_beach_182,va_long_beach,1,development
va_long_beach_183,va_long_beach,1,evaluation
va_long_beach_184,va_long_beach,0,evaluation
va_long_beach_185,va_long_beach,1,development
va_long_beach_186,va_long_beach,1,development
va_long_beach_187,va_long_beach,1,development
va_long_beach_188,va_long_beach,1,evaluation
va_long_beach_189,va_long_beach,0,development
va_long_beach_190,va_long_beach,0,evaluation
va_long_beach_191,va_long_beach,1,development
va_long_beach_192,va_long_beach,1,evaluation
va_long_beach_193,va_long_beach,1,development
va_long_beach_194,va_long_beach,1,evaluation
va_long_beach_195,va_long_beach,1,development
va_long_beach_196,va_long_beach,0,development
va_long_beach_197,va_long_beach,1,evaluation
va_long_beach_198,va_long_beach,0,development
va_long_beach_199,va_long_beach,1,evaluation
